time,measure,key_fifths,key_mode,chord_root,chord_type,note_root,note_octave,note_duration
4/4,1,0,major,C0,major,G0,4,6.0
4/4,1,0,major,C0,major,F#,4,2.0
4/4,1,0,major,C0,major,G0,4,4.0
4/4,1,0,major,C0,major,E0,4,4.0
4/4,2,0,major,G0,major,G0,4,6.0
4/4,2,0,major,G0,major,F#,4,2.0
4/4,2,0,major,G0,major,G0,4,4.0
4/4,2,0,major,G0,major,E0,4,4.0
4/4,3,0,major,C0,major,G0,4,4.0
4/4,3,0,major,C0,major,E0,5,4.0
4/4,3,0,major,C0,major,D0,5,4.0
4/4,3,0,major,C0,major,C0,5,4.0
4/4,4,0,major,G0,major,B0,4,6.0
4/4,4,0,major,G0,major,C0,5,2.0
4/4,4,0,major,G0,major,D0,5,8.0
4/4,5,0,major,G0,dominant,F0,4,6.0
4/4,5,0,major,G0,dominant,E0,4,2.0
4/4,5,0,major,G0,dominant,F0,4,4.0
4/4,5,0,major,G0,dominant,D0,4,4.0
4/4,6,0,major,G0,dominant,F0,4,6.0
4/4,6,0,major,G0,dominant,E0,4,2.0
4/4,6,0,major,G0,dominant,F0,4,4.0
4/4,6,0,major,G0,dominant,D0,4,4.0
4/4,7,0,major,G0,major,D0,4,4.0
4/4,7,0,major,G0,major,D0,5,4.0
4/4,7,0,major,G0,major,C0,5,4.0
4/4,7,0,major,G0,major,B0,4,4.0
4/4,8,0,major,C0,major,C0,5,6.0
4/4,8,0,major,C0,major,D0,5,2.0
4/4,8,0,major,C0,major,E0,5,8.0
4/4,9,0,major,C0,major,rest,0,2.0
4/4,9,0,major,C0,major,E0,5,2.0
4/4,9,0,major,C0,major,E0,5,2.0
4/4,9,0,major,C0,major,E0,5,2.0
4/4,9,0,major,C0,major,E0,5,2.0
4/4,9,0,major,C0,major,B0,4,2.0
4/4,9,0,major,C0,major,C0,5,2.0
4/4,9,0,major,C0,major,D0,5,2.0
4/4,10,0,major,F0,major,C0,5,8.0
4/4,10,0,major,F0,major,A0,4,4.0
4/4,10,0,major,F0,major,rest,0,4.0
4/4,11,0,major,G0,major,rest,0,2.0
4/4,11,0,major,G0,major,D0,5,2.0
4/4,11,0,major,G0,major,D0,5,2.0
4/4,11,0,major,G0,major,D0,5,2.0
4/4,11,0,major,G0,major,D0,5,2.0
4/4,11,0,major,G0,major,A0,4,2.0
4/4,11,0,major,G0,major,B0,4,2.0
4/4,11,0,major,G0,major,C0,5,2.0
4/4,12,0,major,G0,major,B0,4,4.0
4/4,12,0,major,G0,major,G0,4,4.0
4/4,12,0,major,G0,major,A0,4,4.0
4/4,12,0,major,G0,major,B0,4,4.0
4/4,13,0,major,C0,major,C0,5,6.0
4/4,13,0,major,C0,major,B0,4,2.0
4/4,13,0,major,C0,major,C0,5,4.0
4/4,13,0,major,C0,major,Bb,4,4.0
4/4,14,0,major,F0,major,A0,4,6.0
4/4,14,0,major,F0,major,C0,5,2.0
4/4,14,0,major,F0,major,D0,5,4.0
4/4,14,0,major,F0,major,E0,5,4.0
4/4,15,0,major,G0,major,rest,0,2.0
4/4,15,0,major,G0,major,E0,5,4.0
4/4,15,0,major,G0,major,E0,5,2.0
4/4,15,0,major,G0,major,E0,5,2.0
4/4,15,0,major,G0,major,C0,5,2.0
4/4,15,0,major,G0,major,D0,5,2.0
4/4,15,0,major,G0,major,B0,4,2.0
4/4,16,0,major,C0,major,C0,5,8.0
4/4,16,0,major,C0,major,rest,0,8.0
