time,measure,key_fifths,key_mode,chord_root,chord_type,note_root,note_octave,note_duration
4/4,1,0,major,D0,minor-seventh,A0,4,16.0
4/4,2,0,major,G0,minor-seventh,D0,4,12.0
4/4,2,0,major,G0,minor-seventh,E0,4,4.0
4/4,3,0,major,D0,minor-seventh,F0,4,8.0
4/4,3,0,major,D0,minor-seventh,E0,4,6.0
4/4,3,0,major,D0,minor-seventh,F0,4,2.0
4/4,4,0,major,G0,dominant,B0,4,12.0
4/4,4,0,major,G0,dominant,A0,4,4.0
4/4,5,0,major,C0,major-seventh,G0,4,8.0
4/4,5,0,major,C0,major-seventh,F#,4,4.0
4/4,5,0,major,C0,major-seventh,G0,4,4.0
4/4,6,0,major,F0,dominant,D0,5,4.0
4/4,6,0,major,F0,dominant,Db,5,4.0
4/4,6,0,major,F0,dominant,C0,5,4.0
4/4,6,0,major,F0,dominant,B0,4,4.0
4/4,7,0,major,E0,minor-seventh,A0,4,8.0
4/4,7,0,major,E0,minor-seventh,G#,4,6.0
4/4,7,0,major,E0,minor-seventh,A0,4,2.0
4/4,8,0,major,A0,dominant,G0,5,16.0
4/4,9,0,major,D0,minor-seventh,G0,5,16.0
4/4,10,0,major,G0,dominant,A0,4,12.0
4/4,10,0,major,G0,dominant,B0,4,4.0
4/4,11,0,major,C0,major-seventh,E0,5,4.0
4/4,11,0,major,C0,major-seventh,E0,5,4.0
4/4,11,0,major,C0,major-seventh,E0,5,8.0
4/4,12,0,major,E0,minor-seventh,E0,5,4.0
4/4,12,0,major,E0,minor-seventh,rest,0,4.0
4/4,12,0,major,E0,minor-seventh,rest,0,8.0
4/4,13,0,major,D0,minor-seventh,rest,0,4.0
4/4,13,0,major,D0,minor-seventh,G0,5,4.0
4/4,13,0,major,D0,minor-seventh,G0,4,6.0
4/4,13,0,major,D0,minor-seventh,G0,4,2.0
4/4,14,0,major,G0,dominant,Ab,4,2.0
4/4,14,0,major,G0,dominant,Ab,4,4.0
4/4,14,0,major,G0,dominant,Ab,4,2.0
4/4,14,0,major,G0,dominant,A0,4,4.0
4/4,14,0,major,G0,dominant,A0,4,2.0
4/4,14,0,major,G0,dominant,B0,4,2.0
4/4,15,0,major,E0,minor-seventh,B0,4,4.0
4/4,15,0,major,E0,minor-seventh,B0,4,4.0
4/4,15,0,major,E0,minor-seventh,B0,4,8.0
4/4,16,0,major,Eb,diminished-seventh,B0,4,4.0
4/4,16,0,major,Eb,diminished-seventh,rest,0,4.0
4/4,16,0,major,Eb,diminished-seventh,rest,0,8.0
4/4,17,0,major,A0,dominant,A0,5,12.0
4/4,17,0,major,A0,dominant,E0,5,4.0
4/4,18,0,major,D0,minor-seventh,G0,5,12.0
4/4,18,0,major,D0,minor-seventh,D0,5,4.0
4/4,19,0,major,F0,minor-sixth,F0,5,12.0
4/4,19,0,major,F0,minor-sixth,C0,5,4.0
4/4,20,0,major,C0,major-seventh,E0,5,8.0
4/4,20,0,major,C0,major-seventh,B0,4,4.0
4/4,20,0,major,C0,major-seventh,C0,5,4.0
4/4,21,0,major,E0,dominant,D0,5,4.0
4/4,21,0,major,E0,dominant,Db,5,4.0
4/4,21,0,major,E0,dominant,C0,5,4.0
4/4,21,0,major,E0,dominant,B0,4,4.0
4/4,22,0,major,D0,minor-seventh,A0,4,8.0
4/4,22,0,major,D0,minor-seventh,E0,5,8.0
4/4,23,0,major,G0,dominant,E0,5,8.0
4/4,23,0,major,G0,dominant,Eb,5,4.0
4/4,23,0,major,G0,dominant,D0,5,4.0
4/4,24,0,major,C0,major-sixth,C0,5,8.0
4/4,24,0,major,C0,major-sixth,C0,5,8.0
4/4,25,0,major,E0,minor-seventh,C0,5,4.0
4/4,25,0,major,E0,minor-seventh,rest,0,4.0
4/4,25,0,major,E0,minor-seventh,rest,0,8.0
