time,measure,key_fifths,key_mode,chord_root,chord_type,note_root,note_octave,note_duration
6/8,1,-1,major,C0,dominant,C0,5,2.0
6/8,1,-1,major,C0,dominant,B0,4,2.0
6/8,1,-1,major,C0,dominant,C0,5,2.0
6/8,1,-1,major,C0,dominant,D0,5,2.0
6/8,1,-1,major,C0,dominant,C0,5,2.0
6/8,1,-1,major,C0,dominant,B0,4,2.0
6/8,2,-1,major,C0,dominant,C0,5,4.0
6/8,2,-1,major,C0,dominant,G0,4,2.0
6/8,2,-1,major,C0,dominant,G0,4,4.0
6/8,2,-1,major,C0,dominant,A0,5,2.0
6/8,3,-1,major,C0,dominant,Bb,5,4.0
6/8,3,-1,major,C0,dominant,A0,5,2.0
6/8,3,-1,major,C0,dominant,G0,5,4.0
6/8,3,-1,major,C0,dominant,F0,5,2.0
6/8,4,-1,major,C0,dominant,E0,5,6.0
6/8,4,-1,major,C0,dominant,C0,6,6.0
6/8,5,-1,major,F0,major,F0,5,4.0
6/8,5,-1,major,F0,major,F0,5,2.0
6/8,5,-1,major,F0,major,F0,5,4.0
6/8,5,-1,major,F0,major,F0,5,2.0
6/8,6,-1,major,F0,major,E0,5,4.0
6/8,6,-1,major,F0,major,E0,5,2.0
6/8,6,-1,major,F0,major,E0,5,4.0
6/8,6,-1,major,F0,major,E0,5,2.0
6/8,7,-1,major,F0,major,D0,5,12.0
6/8,8,-1,major,F0,augmented,D0,5,6.0
6/8,8,-1,major,F0,augmented,C#,5,6.0
6/8,9,-1,major,F0,major,D0,5,4.0
6/8,9,-1,major,F0,major,A0,4,2.0
6/8,9,-1,major,F0,major,A0,4,4.0
6/8,9,-1,major,F0,major,A0,4,2.0
6/8,10,-1,major,F0,augmented,A0,4,6.0
6/8,10,-1,major,F0,augmented,C#,5,6.0
6/8,11,-1,major,G0,minor,D0,5,4.0
6/8,11,-1,major,G0,minor,Bb,4,2.0
6/8,11,-1,major,G0,minor,Bb,4,4.0
6/8,11,-1,major,G0,minor,Bb,4,2.0
6/8,12,-1,major,G0,minor,Bb,4,12.0
6/8,13,-1,major,C0,dominant,E0,5,4.0
6/8,13,-1,major,C0,dominant,E0,5,2.0
6/8,13,-1,major,C0,dominant,E0,5,4.0
6/8,13,-1,major,C0,dominant,E0,5,2.0
6/8,14,-1,major,C0,dominant,D0,5,4.0
6/8,14,-1,major,C0,dominant,D0,5,2.0
6/8,14,-1,major,C0,dominant,D0,5,4.0
6/8,14,-1,major,C0,dominant,D0,5,2.0
6/8,15,-1,major,C0,dominant,C0,5,12.0
6/8,16,-1,major,C0,dominant,C0,5,6.0
6/8,16,-1,major,C0,dominant,C#,5,6.0
6/8,17,-1,major,C0,dominant,D0,5,4.0
6/8,17,-1,major,C0,dominant,Bb,4,2.0
6/8,17,-1,major,C0,dominant,Bb,4,4.0
6/8,17,-1,major,C0,dominant,Bb,4,2.0
6/8,18,-1,major,C0,dominant,Bb,4,6.0
6/8,18,-1,major,C0,dominant,C#,5,6.0
6/8,19,-1,major,F0,major,D0,5,4.0
6/8,19,-1,major,F0,major,A0,4,2.0
6/8,19,-1,major,F0,major,A0,4,4.0
6/8,19,-1,major,F0,major,A0,4,2.0
6/8,20,-1,major,F0,major,A0,4,6.0
6/8,20,-1,major,F0,major,rest,0,4.0
6/8,20,-1,major,F0,major,C0,5,2.0
6/8,21,-1,major,Bb,major,D0,5,4.0
6/8,21,-1,major,Bb,major,D0,5,2.0
6/8,21,-1,major,Bb,major,D0,5,4.0
6/8,21,-1,major,Bb,major,D0,5,2.0
6/8,22,-1,major,E0,dominant,E0,5,4.0
6/8,22,-1,major,E0,dominant,E0,5,2.0
6/8,22,-1,major,E0,dominant,E0,5,4.0
6/8,22,-1,major,E0,dominant,D0,5,2.0
6/8,23,-1,major,A0,minor,C0,5,4.0
6/8,23,-1,major,A0,minor,C0,5,2.0
6/8,23,-1,major,A0,minor,C0,5,4.0
6/8,23,-1,major,A0,minor,C0,5,2.0
6/8,24,-1,major,D0,dominant,D0,5,6.0
6/8,24,-1,major,D0,dominant,D0,5,4.0
6/8,24,-1,major,D0,dominant,A0,4,2.0
6/8,25,-1,major,G0,dominant,G0,4,4.0
6/8,25,-1,major,G0,dominant,G0,4,2.0
6/8,25,-1,major,G0,dominant,G0,4,4.0
6/8,25,-1,major,G0,dominant,G0,4,2.0
6/8,26,-1,major,G0,dominant,G0,4,4.0
6/8,26,-1,major,G0,dominant,G0,4,2.0
6/8,26,-1,major,G0,dominant,G0,4,4.0
6/8,26,-1,major,G0,dominant,G0,4,2.0
6/8,27,-1,major,G0,dominant,A0,4,4.0
6/8,27,-1,major,G0,dominant,G0,4,2.0
6/8,27,-1,major,G0,dominant,A0,4,4.0
6/8,27,-1,major,G0,dominant,B0,4,2.0
6/8,28,-1,major,C0,dominant,C0,5,4.0
6/8,28,-1,major,C0,dominant,Bb,4,2.0
6/8,28,-1,major,C0,dominant,A0,4,4.0
6/8,28,-1,major,C0,dominant,G0,4,2.0
6/8,29,-1,major,F0,major,F0,5,4.0
6/8,29,-1,major,F0,major,F0,5,2.0
6/8,29,-1,major,F0,major,F0,5,4.0
6/8,29,-1,major,F0,major,F0,5,2.0
6/8,30,-1,major,A0,dominant,E0,5,4.0
6/8,30,-1,major,A0,dominant,E0,5,2.0
6/8,30,-1,major,A0,dominant,E0,5,4.0
6/8,30,-1,major,A0,dominant,E0,5,2.0
6/8,31,-1,major,D0,dominant,D0,5,12.0
6/8,32,-1,major,D0,dominant,D0,5,6.0
6/8,32,-1,major,D0,dominant,D0,5,6.0
6/8,33,-1,major,G0,dominant,F0,5,6.0
6/8,33,-1,major,G0,dominant,D0,5,6.0
6/8,34,-1,major,C0,dominant,E0,5,6.0
6/8,34,-1,major,C0,dominant,C0,5,6.0
6/8,35,-1,major,F0,major,F0,5,4.0
6/8,35,-1,major,F0,major,F0,5,2.0
6/8,35,-1,major,F0,major,F0,5,4.0
6/8,35,-1,major,F0,major,F0,5,2.0
6/8,36,-1,major,F0,major,F0,5,2.0
6/8,36,-1,major,F0,major,F0,5,2.0
6/8,36,-1,major,F0,major,F0,5,2.0
6/8,36,-1,major,F0,major,F0,5,4.0
6/8,36,-1,major,F0,major,E0,5,2.0
6/8,37,-1,major,F0,major,F0,5,4.0
6/8,37,-1,major,F0,major,F0,5,2.0
6/8,37,-1,major,F0,major,F0,5,4.0
6/8,37,-1,major,F0,major,F0,5,2.0
6/8,38,-1,major,F0,major,F0,5,2.0
6/8,38,-1,major,F0,major,F0,5,2.0
6/8,38,-1,major,F0,major,F0,5,2.0
6/8,38,-1,major,F0,major,F0,5,4.0
6/8,38,-1,major,F0,major,C0,5,2.0
6/8,39,-1,major,F0,major,F0,5,4.0
6/8,39,-1,major,F0,major,F0,5,2.0
6/8,39,-1,major,F0,major,F0,5,4.0
6/8,39,-1,major,F0,major,F0,5,2.0
6/8,40,-1,major,F0,major,F0,5,4.0
6/8,40,-1,major,F0,major,F0,5,2.0
6/8,40,-1,major,F0,major,E0,5,4.0
6/8,40,-1,major,F0,major,D0,5,2.0
6/8,41,-1,major,G0,minor-seventh,F0,5,6.0
6/8,41,-1,major,G0,minor-seventh,E0,5,6.0
6/8,42,-1,major,C0,dominant,E0,5,6.0
6/8,42,-1,major,C0,dominant,E0,5,4.0
6/8,42,-1,major,C0,dominant,C0,5,2.0
6/8,43,-1,major,C0,dominant,E0,5,4.0
6/8,43,-1,major,C0,dominant,E0,5,2.0
6/8,43,-1,major,C0,dominant,E0,5,4.0
6/8,43,-1,major,C0,dominant,E0,5,2.0
6/8,44,-1,major,C0,dominant,E0,5,4.0
6/8,44,-1,major,C0,dominant,E0,5,2.0
6/8,44,-1,major,C0,dominant,D0,5,4.0
6/8,44,-1,major,C0,dominant,Db,5,2.0
6/8,45,-1,major,F0,major,C0,5,12.0
6/8,46,-1,major,F0,major,C0,5,6.0
6/8,46,-1,major,F0,major,C0,5,4.0
6/8,46,-1,major,F0,major,C0,5,2.0
6/8,47,-1,major,Bb,major,D0,5,4.0
6/8,47,-1,major,Bb,major,D0,5,2.0
6/8,47,-1,major,Bb,major,D0,5,4.0
6/8,47,-1,major,Bb,major,D0,5,2.0
6/8,48,-1,major,E0,dominant,E0,5,4.0
6/8,48,-1,major,E0,dominant,E0,5,2.0
6/8,48,-1,major,E0,dominant,E0,5,4.0
6/8,48,-1,major,E0,dominant,D0,5,2.0
6/8,49,-1,major,A0,minor,D0,5,6.0
6/8,49,-1,major,A0,minor,C0,5,6.0
6/8,50,-1,major,D0,dominant,C0,5,6.0
6/8,50,-1,major,D0,dominant,C0,5,4.0
6/8,50,-1,major,D0,dominant,C0,5,2.0
6/8,51,-1,major,G0,dominant,D0,5,4.0
6/8,51,-1,major,G0,dominant,D0,5,2.0
6/8,51,-1,major,G0,dominant,D0,5,4.0
6/8,51,-1,major,G0,dominant,D0,5,2.0
6/8,52,-1,major,G0,dominant,D0,5,4.0
6/8,52,-1,major,G0,dominant,D0,5,2.0
6/8,52,-1,major,G0,dominant,D0,5,4.0
6/8,52,-1,major,G0,dominant,D#,5,2.0
6/8,53,-1,major,C0,dominant,E0,5,12.0
6/8,54,-1,major,C0,dominant,E0,5,2.0
6/8,54,-1,major,C0,dominant,rest,0,2.0
6/8,54,-1,major,C0,dominant,rest,0,2.0
6/8,54,-1,major,C0,dominant,rest,0,4.0
6/8,54,-1,major,C0,dominant,C0,5,2.0
6/8,55,-1,major,Bb,major,D0,5,4.0
6/8,55,-1,major,Bb,major,D0,5,2.0
6/8,55,-1,major,Bb,major,D0,5,4.0
6/8,55,-1,major,Bb,major,D0,5,2.0
6/8,56,-1,major,E0,dominant,E0,5,4.0
6/8,56,-1,major,E0,dominant,E0,5,2.0
6/8,56,-1,major,E0,dominant,E0,5,4.0
6/8,56,-1,major,E0,dominant,D0,5,2.0
6/8,57,-1,major,A0,minor,C0,5,4.0
6/8,57,-1,major,A0,minor,C0,5,2.0
6/8,57,-1,major,A0,minor,C0,5,4.0
6/8,57,-1,major,A0,minor,C#,5,2.0
6/8,58,-1,major,D0,dominant,D0,5,6.0
6/8,58,-1,major,D0,dominant,A0,4,6.0
6/8,59,-1,major,G0,dominant,G0,4,6.0
6/8,59,-1,major,G0,dominant,G#,4,6.0
6/8,60,-1,major,G0,dominant,A0,4,6.0
6/8,60,-1,major,G0,dominant,E0,5,6.0
6/8,61,-1,major,C0,dominant,C0,5,6.0
6/8,61,-1,major,C0,dominant,Bb,4,6.0
6/8,62,-1,major,C0,dominant,A0,4,6.0
6/8,62,-1,major,C0,dominant,G0,4,6.0
6/8,63,-1,major,F0,major,F0,5,4.0
6/8,63,-1,major,F0,major,E0,5,2.0
6/8,63,-1,major,F0,major,D0,5,4.0
6/8,63,-1,major,F0,major,Db,5,2.0
6/8,64,-1,major,C0,dominant,C0,5,4.0
6/8,64,-1,major,C0,dominant,rest,0,2.0
6/8,64,-1,major,C0,dominant,C0,5,4.0
6/8,64,-1,major,C0,dominant,rest,0,2.0
6/8,65,-1,major,F0,major,F0,5,4.0
6/8,65,-1,major,F0,major,F0,5,2.0
6/8,65,-1,major,F0,major,F0,5,4.0
6/8,65,-1,major,F0,major,F0,5,2.0
6/8,66,-1,major,F0,major,E0,5,4.0
6/8,66,-1,major,F0,major,E0,5,2.0
6/8,66,-1,major,F0,major,E0,5,4.0
6/8,66,-1,major,F0,major,E0,5,2.0
6/8,67,-1,major,F0,major,D0,5,12.0
6/8,68,-1,major,F0,augmented,D0,5,6.0
6/8,68,-1,major,F0,augmented,C#,5,6.0
6/8,69,-1,major,F0,major,D0,5,4.0
6/8,69,-1,major,F0,major,A0,4,2.0
6/8,69,-1,major,F0,major,A0,4,4.0
6/8,69,-1,major,F0,major,A0,4,2.0
6/8,70,-1,major,F0,augmented,A0,4,6.0
6/8,70,-1,major,F0,augmented,C#,5,6.0
6/8,71,-1,major,G0,minor,D0,5,4.0
6/8,71,-1,major,G0,minor,Bb,4,2.0
6/8,71,-1,major,G0,minor,Bb,4,4.0
6/8,71,-1,major,G0,minor,Bb,4,2.0
6/8,72,-1,major,G0,minor,Bb,4,12.0
6/8,73,-1,major,C0,dominant,E0,5,4.0
6/8,73,-1,major,C0,dominant,E0,5,2.0
6/8,73,-1,major,C0,dominant,E0,5,4.0
6/8,73,-1,major,C0,dominant,E0,5,2.0
6/8,74,-1,major,C0,dominant,D0,5,4.0
6/8,74,-1,major,C0,dominant,D0,5,2.0
6/8,74,-1,major,C0,dominant,D0,5,4.0
6/8,74,-1,major,C0,dominant,D0,5,2.0
6/8,75,-1,major,C0,dominant,C0,5,12.0
6/8,76,-1,major,C0,dominant,C0,5,6.0
6/8,76,-1,major,C0,dominant,C#,5,6.0
6/8,77,-1,major,C0,dominant,D0,5,4.0
6/8,77,-1,major,C0,dominant,Bb,4,2.0
6/8,77,-1,major,C0,dominant,Bb,4,4.0
6/8,77,-1,major,C0,dominant,Bb,4,2.0
6/8,78,-1,major,C0,dominant,Bb,4,6.0
6/8,78,-1,major,C0,dominant,C#,5,6.0
6/8,79,-1,major,F0,major,D0,5,4.0
6/8,79,-1,major,F0,major,A0,4,2.0
6/8,79,-1,major,F0,major,A0,4,4.0
6/8,79,-1,major,F0,major,A0,4,2.0
6/8,80,-1,major,F0,major,A0,4,6.0
6/8,80,-1,major,F0,major,rest,0,4.0
6/8,80,-1,major,F0,major,C0,5,2.0
6/8,81,-1,major,Bb,major,D0,5,4.0
6/8,81,-1,major,Bb,major,D0,5,2.0
6/8,81,-1,major,Bb,major,D0,5,4.0
6/8,81,-1,major,Bb,major,D0,5,2.0
6/8,82,-1,major,E0,dominant,E0,5,4.0
6/8,82,-1,major,E0,dominant,E0,5,2.0
6/8,82,-1,major,E0,dominant,E0,5,4.0
6/8,82,-1,major,E0,dominant,D0,5,2.0
6/8,83,-1,major,A0,minor,C0,5,4.0
6/8,83,-1,major,A0,minor,C0,5,2.0
6/8,83,-1,major,A0,minor,C0,5,4.0
6/8,83,-1,major,A0,minor,C0,5,2.0
6/8,84,-1,major,D0,dominant,D0,5,6.0
6/8,84,-1,major,D0,dominant,D0,5,4.0
6/8,84,-1,major,D0,dominant,A0,4,2.0
6/8,85,-1,major,G0,dominant,G0,4,4.0
6/8,85,-1,major,G0,dominant,G0,4,2.0
6/8,85,-1,major,G0,dominant,G0,4,4.0
6/8,85,-1,major,G0,dominant,G0,4,2.0
6/8,86,-1,major,G0,dominant,G0,4,4.0
6/8,86,-1,major,G0,dominant,G0,4,2.0
6/8,86,-1,major,G0,dominant,G0,4,4.0
6/8,86,-1,major,G0,dominant,G0,4,2.0
6/8,87,-1,major,G0,dominant,A0,4,4.0
6/8,87,-1,major,G0,dominant,G0,4,2.0
6/8,87,-1,major,G0,dominant,A0,4,4.0
6/8,87,-1,major,G0,dominant,B0,4,2.0
6/8,88,-1,major,C0,dominant,C0,5,4.0
6/8,88,-1,major,C0,dominant,Bb,4,2.0
6/8,88,-1,major,C0,dominant,A0,4,4.0
6/8,88,-1,major,C0,dominant,G0,4,2.0
6/8,89,-1,major,F0,major,F0,5,4.0
6/8,89,-1,major,F0,major,F0,5,2.0
6/8,89,-1,major,F0,major,F0,5,4.0
6/8,89,-1,major,F0,major,F0,5,2.0
6/8,90,-1,major,A0,dominant,E0,5,4.0
6/8,90,-1,major,A0,dominant,E0,5,2.0
6/8,90,-1,major,A0,dominant,E0,5,4.0
6/8,90,-1,major,A0,dominant,E0,5,2.0
6/8,91,-1,major,D0,dominant,D0,5,12.0
6/8,92,-1,major,D0,dominant,D0,5,6.0
6/8,92,-1,major,D0,dominant,D0,5,6.0
6/8,93,-1,major,G0,dominant,F0,5,6.0
6/8,93,-1,major,G0,dominant,D0,5,6.0
6/8,94,-1,major,C0,dominant,E0,5,6.0
6/8,94,-1,major,C0,dominant,C0,5,6.0
6/8,95,-1,major,F0,major,F0,5,6.0
6/8,95,-1,major,F0,major,D0,5,2.0
6/8,95,-1,major,F0,major,F0,5,2.0
6/8,95,-1,major,F0,major,E0,5,2.0
6/8,95,-1,major,F0,major,G0,5,2.0
6/8,95,-1,major,F0,major,F0,5,2.0
6/8,95,-1,major,F0,major,A0,5,2.0
6/8,96,-1,major,Bb,major,G0,5,4.0
6/8,96,-1,major,Bb,major,Bb,5,4.0
6/8,96,-1,major,Bb,major,rest,0,2.0
6/8,96,-1,major,Bb,major,C0,5,6.0
6/8,96,-1,major,Bb,major,Eb,5,6.0
6/8,96,-1,major,Bb,major,Gb,5,6.0
6/8,96,-1,major,Bb,major,Ab,5,6.0
6/8,97,-1,major,F0,major-sixth,C0,5,12.0
6/8,97,-1,major,F0,major-sixth,D0,5,12.0
6/8,97,-1,major,F0,major-sixth,F0,5,12.0
6/8,97,-1,major,F0,major-sixth,A0,5,12.0
6/8,98,-1,major,F0,major-sixth,A0,5,4.0
6/8,98,-1,major,F0,major-sixth,C0,6,4.0
6/8,98,-1,major,F0,major-sixth,D0,6,4.0
6/8,98,-1,major,F0,major-sixth,F0,6,4.0
6/8,98,-1,major,F0,major-sixth,rest,0,2.0
6/8,98,-1,major,F0,major-sixth,rest,0,6.0
