time,measure,key_fifths,key_mode,chord_root,chord_type,note_root,note_octave,note_duration
2/4,1,0,major,C0,major,C0,5,2.0
2/4,1,0,major,C0,major,C0,5,2.0
2/4,1,0,major,C0,major,C0,5,2.0
2/4,1,0,major,C0,major,D0,5,2.0
2/4,2,0,major,C0,major,C0,5,4.0
2/4,2,0,major,C0,major,G0,4,4.0
2/4,3,0,major,G0,major,G0,5,2.0
2/4,3,0,major,G0,major,G0,5,2.0
2/4,3,0,major,G0,major,G0,5,2.0
2/4,3,0,major,G0,major,F0,5,2.0
2/4,4,0,major,G0,dominant,E0,5,4.0
2/4,4,0,major,G0,dominant,D0,5,4.0
2/4,5,0,major,C0,major,C0,5,2.0
2/4,5,0,major,C0,major,C0,5,2.0
2/4,5,0,major,C0,major,C0,5,4.0
2/4,6,0,major,G0,major,D0,5,2.0
2/4,6,0,major,G0,major,D0,5,2.0
2/4,6,0,major,G0,major,D0,5,4.0
2/4,7,0,major,G0,dominant,B0,4,2.0
2/4,7,0,major,G0,dominant,B0,4,2.0
2/4,7,0,major,G0,dominant,A0,4,2.0
2/4,7,0,major,G0,dominant,B0,4,2.0
2/4,8,0,major,C0,major,C0,5,4.0
2/4,8,0,major,C0,major,C0,5,4.0
