time,measure,key_fifths,key_mode,chord_root,chord_type,note_root,note_octave,note_duration
2/4,1,0,major,C0,major,G0,3,2.0
2/4,1,0,major,C0,major,G0,3,2.0
2/4,1,0,major,C0,major,C0,4,2.0
2/4,1,0,major,C0,major,C0,4,2.0
2/4,2,0,major,G0,major,D0,4,4.0
2/4,2,0,major,G0,major,D0,4,2.0
2/4,2,0,major,G0,major,C0,4,2.0
2/4,3,0,major,C0,major,D0,4,2.0
2/4,3,0,major,C0,major,E0,4,6.0
2/4,4,0,major,C0,major,G0,4,2.0
2/4,4,0,major,C0,major,G0,4,2.0
2/4,4,0,major,C0,major,G0,4,2.0
2/4,4,0,major,C0,major,G0,4,2.0
2/4,5,0,major,F0,major,G0,4,2.0
2/4,5,0,major,F0,major,F0,4,2.0
2/4,5,0,major,F0,major,F0,4,2.0
2/4,5,0,major,F0,major,F0,4,2.0
2/4,6,0,major,C0,major,E0,4,2.0
2/4,6,0,major,C0,major,E0,4,2.0
2/4,6,0,major,C0,major,E0,4,2.0
2/4,6,0,major,C0,major,E0,4,2.0
2/4,7,0,major,G0,major,E0,4,2.0
2/4,7,0,major,G0,major,D0,4,2.0
2/4,7,0,major,G0,major,D0,4,2.0
2/4,7,0,major,G0,major,D0,4,2.0
2/4,8,0,major,C0,major,G0,3,2.0
2/4,8,0,major,C0,major,G0,3,2.0
2/4,8,0,major,C0,major,C0,4,2.0
2/4,8,0,major,C0,major,C0,4,2.0
2/4,9,0,major,G0,major,D0,4,2.0
2/4,9,0,major,G0,major,D0,4,2.0
2/4,9,0,major,G0,major,E0,4,2.0
2/4,9,0,major,G0,major,E0,4,2.0
2/4,10,0,major,C0,major,D0,4,2.0
2/4,10,0,major,C0,major,C0,4,6.0
2/4,11,0,major,C0,major,C0,4,4.0
2/4,11,0,major,C0,major,rest,0,4.0
