time,measure,key_fifths,key_mode,chord_root,chord_type,note_root,note_octave,note_duration
4/4,1,-2,major,Bb,major,D0,4,2.0
4/4,1,-2,major,Bb,major,Bb,4,2.0
4/4,1,-2,major,Bb,major,D0,4,1.0
4/4,1,-2,major,Bb,major,Bb,4,1.0
4/4,1,-2,major,Bb,major,D0,4,1.0
4/4,1,-2,major,Bb,major,Bb,4,1.0
4/4,1,-2,major,Bb,major,D0,4,2.0
4/4,1,-2,major,Bb,major,Bb,4,2.0
4/4,1,-2,major,Bb,major,Bb,3,2.0
4/4,1,-2,major,Bb,major,F0,4,2.0
4/4,1,-2,major,Bb,major,D0,4,2.0
4/4,1,-2,major,Bb,major,Bb,4,2.0
4/4,1,-2,major,Bb,major,F0,4,2.0
4/4,1,-2,major,Bb,major,D0,5,2.0
4/4,1,-2,major,Bb,major,Bb,4,4.0
4/4,1,-2,major,Bb,major,F0,5,4.0
4/4,2,-2,major,F0,dominant,A0,4,2.0
4/4,2,-2,major,F0,dominant,F0,5,2.0
4/4,2,-2,major,F0,dominant,A0,4,1.0
4/4,2,-2,major,F0,dominant,F0,5,1.0
4/4,2,-2,major,F0,dominant,A0,4,1.0
4/4,2,-2,major,F0,dominant,F0,5,1.0
4/4,2,-2,major,F0,dominant,A0,4,2.0
4/4,2,-2,major,F0,dominant,F0,5,2.0
4/4,2,-2,major,F0,dominant,A0,4,2.0
4/4,2,-2,major,F0,dominant,F0,5,2.0
4/4,2,-2,major,F0,dominant,A0,4,4.0
4/4,2,-2,major,F0,dominant,F0,5,4.0
4/4,2,-2,major,F0,dominant,rest,0,4.0
4/4,3,-2,major,Bb,major,Bb,3,8.0
4/4,3,-2,major,Bb,major,C0,4,8.0
2/4,4,-2,major,Bb,major,D0,4,8.0
4/4,5,-2,major,Eb,major,Eb,4,4.0
4/4,5,-2,major,Eb,major,C0,4,2.0
4/4,5,-2,major,Eb,major,D0,4,2.0
4/4,5,-2,major,Eb,major,Eb,4,8.0
4/4,6,-2,major,Eb,major,Eb,4,4.0
4/4,6,-2,major,Eb,major,G0,4,4.0
4/4,6,-2,major,Eb,major,F0,4,4.0
4/4,6,-2,major,Eb,major,Eb,4,4.0
4/4,7,-2,major,Bb,major,D0,4,4.0
4/4,7,-2,major,Bb,major,Bb,3,2.0
4/4,7,-2,major,Bb,major,C0,4,2.0
4/4,7,-2,major,Bb,major,D0,4,8.0
4/4,8,-2,major,Bb,major,D0,4,4.0
4/4,8,-2,major,Bb,major,F0,4,4.0
4/4,8,-2,major,Bb,major,Eb,4,4.0
4/4,8,-2,major,Bb,major,D0,4,4.0
4/4,9,-2,major,F0,dominant,C0,4,4.0
4/4,9,-2,major,F0,dominant,A0,3,2.0
4/4,9,-2,major,F0,dominant,Bb,3,2.0
4/4,9,-2,major,F0,dominant,C0,4,8.0
4/4,10,-2,major,F0,dominant,C0,4,4.0
4/4,10,-2,major,F0,dominant,Eb,4,4.0
4/4,10,-2,major,F0,dominant,D0,4,4.0
4/4,10,-2,major,F0,dominant,C#,4,4.0
4/4,11,-2,major,Bb,major,Eb,4,8.0
4/4,11,-2,major,Bb,major,D0,4,8.0
4/4,12,-2,major,Bb,major,D0,4,4.0
4/4,12,-2,major,Bb,major,Bb,3,4.0
4/4,12,-2,major,Bb,major,C0,4,4.0
4/4,12,-2,major,Bb,major,D0,4,4.0
4/4,13,-2,major,Eb,major,Eb,4,4.0
4/4,13,-2,major,Eb,major,C0,4,2.0
4/4,13,-2,major,Eb,major,D0,4,2.0
4/4,13,-2,major,Eb,major,Eb,4,8.0
4/4,14,-2,major,Eb,major,Eb,4,4.0
4/4,14,-2,major,Eb,major,G0,4,4.0
4/4,14,-2,major,Eb,major,F0,4,4.0
4/4,14,-2,major,Eb,major,Eb,4,4.0
4/4,15,-2,major,Bb,major,D0,4,4.0
4/4,15,-2,major,Bb,major,Bb,3,2.0
4/4,15,-2,major,Bb,major,C0,4,2.0
4/4,15,-2,major,Bb,major,D0,4,8.0
4/4,16,-2,major,Bb,major,D0,4,4.0
4/4,16,-2,major,Bb,major,F0,4,4.0
4/4,16,-2,major,Bb,major,Eb,4,4.0
4/4,16,-2,major,Bb,major,D0,4,4.0
4/4,17,-2,major,F0,dominant,C0,4,4.0
4/4,17,-2,major,F0,dominant,A0,3,2.0
4/4,17,-2,major,F0,dominant,Bb,3,2.0
4/4,17,-2,major,F0,dominant,C0,4,8.0
4/4,18,-2,major,F0,dominant,C0,4,4.0
4/4,18,-2,major,F0,dominant,Eb,4,4.0
4/4,18,-2,major,F0,dominant,D0,4,4.0
4/4,18,-2,major,F0,dominant,C0,4,4.0
2/4,19,-2,major,Bb,major,Bb,3,8.0
4/4,20,-2,major,Bb,major,rest,0,16.0
4/4,21,-2,major,Bb,major,rest,0,8.0
4/4,21,-2,major,Bb,major,rest,0,4.0
4/4,21,-2,major,Bb,major,rest,0,2.0
4/4,21,-2,major,Bb,major,Bb,3,2.0
4/4,22,-2,major,Bb,major,Bb,3,2.0
4/4,22,-2,major,Bb,major,Bb,3,1.0
4/4,22,-2,major,Bb,major,Bb,3,1.0
4/4,22,-2,major,Bb,major,Bb,3,2.0
4/4,22,-2,major,Bb,major,Bb,3,1.0
4/4,22,-2,major,Bb,major,G0,3,1.0
4/4,22,-2,major,Bb,major,G0,3,2.0
4/4,22,-2,major,Bb,major,G0,3,2.0
4/4,22,-2,major,Bb,major,G0,3,2.0
4/4,22,-2,major,Bb,major,G0,3,1.0
4/4,22,-2,major,Bb,major,Bb,3,1.0
4/4,23,-2,major,Bb,major,Bb,3,2.0
4/4,23,-2,major,Bb,major,Bb,3,2.0
4/4,23,-2,major,Bb,major,Bb,3,2.0
4/4,23,-2,major,Bb,major,Bb,3,1.0
4/4,23,-2,major,Bb,major,F0,3,1.0
4/4,23,-2,major,Bb,major,F0,3,4.0
4/4,23,-2,major,Bb,major,rest,0,2.0
4/4,23,-2,major,Bb,major,Bb,3,2.0
4/4,24,-2,major,F0,dominant,C0,4,2.0
4/4,24,-2,major,F0,dominant,C0,4,2.0
4/4,24,-2,major,F0,dominant,C0,4,2.0
4/4,24,-2,major,F0,dominant,C0,4,2.0
4/4,24,-2,major,F0,dominant,Bb,3,2.0
4/4,24,-2,major,F0,dominant,Bb,3,2.0
4/4,24,-2,major,F0,dominant,A0,3,2.0
4/4,24,-2,major,F0,dominant,Bb,3,2.0
4/4,25,-2,major,C0,dominant,C0,4,2.0
4/4,25,-2,major,C0,dominant,Bb,3,2.0
4/4,25,-2,major,C0,dominant,A0,3,2.0
4/4,25,-2,major,C0,dominant,G0,3,2.0
4/4,25,-2,major,C0,dominant,F0,3,4.0
4/4,25,-2,major,C0,dominant,rest,0,4.0
4/4,26,-2,major,Bb,major,Bb,3,2.0
4/4,26,-2,major,Bb,major,rest,0,2.0
4/4,26,-2,major,Bb,major,Bb,3,2.0
4/4,26,-2,major,Bb,major,D0,4,2.0
4/4,26,-2,major,Bb,major,F0,4,8.0
4/4,27,-2,major,F0,dominant,Bb,4,2.0
4/4,27,-2,major,F0,dominant,F0,5,2.0
4/4,27,-2,major,F0,dominant,D0,5,4.0
4/4,27,-2,major,F0,dominant,Bb,5,4.0
4/4,27,-2,major,F0,dominant,rest,0,8.0
