time,measure,key_fifths,key_mode,chord_root,chord_type,note_root,note_octave,note_duration
4/4,1,1,major,G0,major,rest,0,4.0
4/4,1,1,major,G0,major,D0,4,4.0
4/4,1,1,major,G0,major,E0,4,3.0
4/4,1,1,major,G0,major,G0,4,1.0
4/4,1,1,major,G0,major,G0,4,2.0
4/4,1,1,major,G0,major,A0,4,2.0
4/4,2,1,major,G0,major-sixth,rest,0,2.0
4/4,2,1,major,G0,major-sixth,A0,4,2.0
4/4,2,1,major,G0,major-sixth,rest,0,2.0
4/4,2,1,major,G0,major-sixth,G0,4,2.0
4/4,2,1,major,G0,major-sixth,A0,4,2.0
4/4,2,1,major,G0,major-sixth,B0,4,2.0
4/4,2,1,major,G0,major-sixth,G0,4,2.0
4/4,2,1,major,G0,major-sixth,E0,4,2.0
4/4,3,1,major,G0,dominant-ninth,rest,0,4.0
4/4,3,1,major,G0,dominant-ninth,D0,4,4.0
4/4,3,1,major,G0,dominant-ninth,E0,4,3.0
4/4,3,1,major,G0,dominant-ninth,G0,4,1.0
4/4,3,1,major,G0,dominant-ninth,G0,4,2.0
4/4,3,1,major,G0,dominant-ninth,A0,4,2.0
4/4,4,1,major,C0,major,rest,0,2.0
4/4,4,1,major,C0,major,A0,4,2.0
4/4,4,1,major,C0,major,rest,0,2.0
4/4,4,1,major,C0,major,G0,4,2.0
4/4,4,1,major,C0,major,A0,4,2.0
4/4,4,1,major,C0,major,G0,4,2.0
4/4,4,1,major,C0,major,A0,4,2.0
4/4,4,1,major,C0,major,D0,5,2.0
4/4,5,1,major,G0,major,B0,3,4.0
4/4,5,1,major,G0,major,D0,4,4.0
4/4,5,1,major,G0,major,D0,4,4.0
4/4,5,1,major,G0,major,D0,4,2.0
4/4,5,1,major,G0,major,E0,4,2.0
4/4,6,1,major,G0,major-seventh,F#,4,2.0
4/4,6,1,major,G0,major-seventh,G0,4,2.0
4/4,6,1,major,G0,major-seventh,F#,4,2.0
4/4,6,1,major,G0,major-seventh,E0,4,2.0
4/4,6,1,major,G0,major-seventh,E0,4,4.0
4/4,6,1,major,G0,major-seventh,D0,4,4.0
4/4,7,1,major,G0,major-seventh,F#,4,4.0
4/4,7,1,major,G0,major-seventh,F#,4,2.0
4/4,7,1,major,G0,major-seventh,G0,4,2.0
4/4,7,1,major,G0,major-seventh,F#,4,4.0
4/4,7,1,major,G0,major-seventh,E0,4,2.0
4/4,7,1,major,G0,major-seventh,E0,4,2.0
4/4,8,1,major,D0,major,E0,4,2.0
4/4,8,1,major,D0,major,D0,4,2.0
4/4,8,1,major,D0,major,D0,4,4.0
4/4,8,1,major,D0,major,rest,0,2.0
4/4,8,1,major,D0,major,D0,4,2.0
4/4,8,1,major,D0,major,D0,4,2.0
4/4,8,1,major,D0,major,D0,4,2.0
4/4,9,1,major,G0,major,B0,3,2.0
4/4,9,1,major,G0,major,B0,3,2.0
4/4,9,1,major,G0,major,D0,4,4.0
4/4,9,1,major,G0,major,E0,4,4.0
4/4,9,1,major,G0,major,B0,3,2.0
4/4,9,1,major,G0,major,A0,3,2.0
4/4,10,1,major,G0,major-seventh,B0,3,2.0
4/4,10,1,major,G0,major-seventh,B0,3,2.0
4/4,10,1,major,G0,major-seventh,D0,4,2.0
4/4,10,1,major,G0,major-seventh,D0,4,2.0
4/4,10,1,major,G0,major-seventh,E0,4,2.0
4/4,10,1,major,G0,major-seventh,E0,4,2.0
4/4,10,1,major,G0,major-seventh,G0,4,2.0
4/4,10,1,major,G0,major-seventh,A0,4,2.0
4/4,11,1,major,Eb,major,Bb,4,2.0
4/4,11,1,major,Eb,major,Bb,4,2.0
4/4,11,1,major,Eb,major,Bb,4,2.0
4/4,11,1,major,Eb,major,Bb,4,2.0
4/4,11,1,major,Eb,major,Bb,4,2.0
4/4,11,1,major,Eb,major,A0,4,2.0
4/4,11,1,major,Eb,major,G0,4,4.0
4/4,12,1,major,D0,major,A0,4,4.0
4/4,12,1,major,D0,major,D0,4,12.0
4/4,13,1,major,D0,dominant,D0,4,8.0
4/4,13,1,major,D0,dominant,rest,0,8.0
4/4,14,1,major,E0,minor,G0,4,4.0
4/4,14,1,major,E0,minor,B0,4,4.0
4/4,14,1,major,E0,minor,rest,0,4.0
4/4,14,1,major,E0,minor,G0,4,6.0
4/4,14,1,major,E0,minor,B0,4,6.0
4/4,14,1,major,E0,minor,F#,4,2.0
4/4,14,1,major,E0,minor,A0,4,2.0
4/4,15,1,major,A0,dominant,G0,4,2.0
4/4,15,1,major,A0,dominant,B0,4,2.0
4/4,15,1,major,A0,dominant,F#,4,2.0
4/4,15,1,major,A0,dominant,A0,4,2.0
4/4,15,1,major,A0,dominant,rest,0,2.0
4/4,15,1,major,A0,dominant,E0,4,2.0
4/4,15,1,major,A0,dominant,G0,4,2.0
4/4,15,1,major,A0,dominant,E0,4,4.0
4/4,15,1,major,A0,dominant,G0,4,4.0
4/4,15,1,major,A0,dominant,E0,4,2.0
4/4,15,1,major,A0,dominant,F#,4,2.0
4/4,16,1,major,E0,minor,G0,4,2.0
4/4,16,1,major,E0,minor,G0,4,2.0
4/4,16,1,major,E0,minor,G0,4,2.0
4/4,16,1,major,E0,minor,A0,4,2.0
4/4,16,1,major,E0,minor,B0,4,2.0
4/4,16,1,major,E0,minor,A0,4,2.0
4/4,16,1,major,E0,minor,G0,4,2.0
4/4,16,1,major,E0,minor,B0,4,2.0
4/4,17,1,major,C0,minor-sixth,Eb,4,16.0
4/4,17,1,major,C0,minor-sixth,C0,5,16.0
4/4,18,1,major,C0,minor-sixth,Eb,4,4.0
4/4,18,1,major,C0,minor-sixth,C0,5,4.0
4/4,18,1,major,C0,minor-sixth,rest,0,4.0
4/4,18,1,major,C0,minor-sixth,rest,0,4.0
4/4,18,1,major,C0,minor-sixth,rest,0,2.0
4/4,18,1,major,C0,minor-sixth,C0,4,2.0
4/4,19,1,major,G0,major,D0,4,2.0
4/4,19,1,major,G0,major,D0,4,2.0
4/4,19,1,major,G0,major,D0,4,2.0
4/4,19,1,major,G0,major,Eb,4,2.0
4/4,19,1,major,G0,major,E0,4,8.0
4/4,20,1,major,G0,major-sixth,E0,4,2.0
4/4,20,1,major,G0,major-sixth,G0,4,2.0
4/4,20,1,major,G0,major-sixth,rest,0,2.0
4/4,20,1,major,G0,major-sixth,F#,4,2.0
4/4,20,1,major,G0,major-sixth,A0,4,2.0
4/4,20,1,major,G0,major-sixth,rest,0,2.0
4/4,20,1,major,G0,major-sixth,G0,4,2.0
4/4,20,1,major,G0,major-sixth,B0,4,2.0
4/4,20,1,major,G0,major-sixth,G0,4,4.0
4/4,20,1,major,G0,major-sixth,C0,5,4.0
4/4,21,1,major,Bb,major-sixth,G0,4,16.0
4/4,21,1,major,Bb,major-sixth,D0,5,16.0
4/4,22,2,major,A0,dominant,rest,0,4.0
4/4,22,2,major,A0,dominant,rest,0,4.0
4/4,22,2,major,A0,dominant,F#,4,4.0
4/4,22,2,major,A0,dominant,G0,4,4.0
4/4,23,2,major,G0,major-seventh,A0,4,4.0
4/4,23,2,major,G0,major-seventh,rest,0,4.0
4/4,23,2,major,G0,major-seventh,rest,0,4.0
4/4,23,2,major,G0,major-seventh,F#,4,4.0
4/4,24,2,major,D0,major-seventh,A0,4,3.0
4/4,24,2,major,D0,major-seventh,A0,4,1.0
4/4,24,2,major,D0,major-seventh,rest,0,2.0
4/4,24,2,major,D0,major-seventh,B0,4,2.0
4/4,24,2,major,D0,major-seventh,A0,4,4.0
4/4,24,2,major,D0,major-seventh,F#,4,2.0
4/4,24,2,major,D0,major-seventh,G0,4,2.0
4/4,25,2,major,G0,major-seventh,A0,4,4.0
4/4,25,2,major,G0,major-seventh,B0,4,4.0
4/4,25,2,major,G0,major-seventh,D0,4,2.0
4/4,25,2,major,G0,major-seventh,E0,4,2.0
4/4,25,2,major,G0,major-seventh,rest,0,2.0
4/4,25,2,major,G0,major-seventh,F#,4,2.0
4/4,26,2,major,D0,major-seventh,F#,4,8.0
4/4,26,2,major,D0,major-seventh,rest,0,2.0
4/4,26,2,major,D0,major-seventh,D0,4,2.0
4/4,26,2,major,D0,major-seventh,D0,4,2.0
4/4,26,2,major,D0,major-seventh,E0,4,2.0
4/4,27,2,major,Bb,major,F0,4,2.0
4/4,27,2,major,Bb,major,E0,4,2.0
4/4,27,2,major,Bb,major,rest,0,2.0
4/4,27,2,major,Bb,major,D0,4,2.0
4/4,27,2,major,Bb,major,rest,0,2.0
4/4,27,2,major,Bb,major,E0,4,2.0
4/4,27,2,major,Bb,major,D0,4,2.0
4/4,27,2,major,Bb,major,E0,4,2.0
4/4,28,2,major,Bb,major,F0,4,2.0
4/4,28,2,major,Bb,major,E0,4,2.0
4/4,28,2,major,Bb,major,rest,0,2.0
4/4,28,2,major,Bb,major,D0,4,2.0
4/4,28,2,major,Bb,major,D0,4,4.0
4/4,28,2,major,Bb,major,D0,4,4.0
4/4,29,2,major,A0,suspended-fourth,E0,4,4.0
4/4,29,2,major,A0,suspended-fourth,E0,4,4.0
4/4,29,2,major,A0,suspended-fourth,E0,4,2.0
4/4,29,2,major,A0,suspended-fourth,D0,4,2.0
4/4,29,2,major,A0,suspended-fourth,F#,4,2.0
4/4,29,2,major,A0,suspended-fourth,C#,4,2.0
4/4,29,2,major,A0,suspended-fourth,G0,4,2.0
4/4,29,2,major,A0,suspended-fourth,A0,3,2.0
4/4,29,2,major,A0,suspended-fourth,A0,4,2.0
4/4,30,2,major,A0,dominant,A0,3,4.0
4/4,30,2,major,A0,dominant,A0,4,4.0
4/4,30,2,major,A0,dominant,rest,0,4.0
4/4,30,2,major,A0,dominant,F#,4,4.0
4/4,30,2,major,A0,dominant,G0,4,4.0
4/4,31,2,major,G0,major-seventh,A0,4,4.0
4/4,31,2,major,G0,major-seventh,rest,0,4.0
4/4,31,2,major,G0,major-seventh,rest,0,4.0
4/4,31,2,major,G0,major-seventh,F#,4,4.0
4/4,32,2,major,D0,major-seventh,A0,4,3.0
4/4,32,2,major,D0,major-seventh,A0,4,1.0
4/4,32,2,major,D0,major-seventh,rest,0,2.0
4/4,32,2,major,D0,major-seventh,B0,4,2.0
4/4,32,2,major,D0,major-seventh,A0,4,4.0
4/4,32,2,major,D0,major-seventh,rest,0,2.0
4/4,32,2,major,D0,major-seventh,F#,4,2.0
4/4,33,2,major,G0,major-seventh,A0,4,2.0
4/4,33,2,major,G0,major-seventh,A0,4,2.0
4/4,33,2,major,G0,major-seventh,A0,4,2.0
4/4,33,2,major,G0,major-seventh,B0,4,2.0
4/4,33,2,major,G0,major-seventh,A0,4,2.0
4/4,33,2,major,G0,major-seventh,D0,4,2.0
4/4,33,2,major,G0,major-seventh,E0,4,2.0
4/4,33,2,major,G0,major-seventh,F#,4,2.0
4/4,34,2,major,G0,major-seventh,F#,4,8.0
4/4,34,2,major,G0,major-seventh,rest,0,4.0
4/4,34,2,major,G0,major-seventh,rest,0,4.0
4/4,35,2,major,B0,minor,F#,4,2.0
4/4,35,2,major,B0,minor,E0,4,2.0
4/4,35,2,major,B0,minor,E0,4,2.0
4/4,35,2,major,B0,minor,D0,4,2.0
4/4,35,2,major,B0,minor,rest,0,2.0
4/4,35,2,major,B0,minor,E0,4,2.0
4/4,35,2,major,B0,minor,D0,4,2.0
4/4,35,2,major,B0,minor,E0,4,2.0
4/4,36,2,major,B0,minor,F#,4,2.0
4/4,36,2,major,B0,minor,E0,4,2.0
4/4,36,2,major,B0,minor,A0,4,2.0
4/4,36,2,major,B0,minor,rest,0,2.0
4/4,36,2,major,B0,minor,D0,4,2.0
4/4,36,2,major,B0,minor,B0,4,2.0
4/4,36,2,major,B0,minor,D0,4,4.0
4/4,36,2,major,B0,minor,B0,4,4.0
4/4,36,2,major,B0,minor,E0,4,2.0
4/4,36,2,major,B0,minor,F#,4,2.0
4/4,37,2,major,C0,major,G0,4,4.0
4/4,37,2,major,C0,major,A0,4,4.0
4/4,37,2,major,C0,major,F#,4,2.0
4/4,37,2,major,C0,major,D0,4,2.0
4/4,37,2,major,C0,major,F#,4,2.0
4/4,37,2,major,C0,major,rest,0,2.0
4/4,37,2,major,C0,major,D0,4,2.0
4/4,37,2,major,C0,major,G0,4,2.0
4/4,38,2,major,B0,minor-seventh,D0,4,16.0
4/4,38,2,major,B0,minor-seventh,F#,4,16.0
4/4,39,2,major,B0,minor-seventh,rest,0,8.0
4/4,39,2,major,B0,minor-seventh,rest,0,2.0
4/4,39,2,major,B0,minor-seventh,D0,4,2.0
4/4,39,2,major,B0,minor-seventh,E0,4,4.0
4/4,40,2,major,Bb,major,F0,4,4.0
4/4,40,2,major,Bb,major,D0,5,4.0
4/4,40,2,major,Bb,major,F0,4,4.0
4/4,40,2,major,Bb,major,D0,5,4.0
4/4,40,2,major,Bb,major,E0,4,2.0
4/4,40,2,major,Bb,major,C0,5,2.0
4/4,40,2,major,Bb,major,E0,4,2.0
4/4,40,2,major,Bb,major,C0,5,2.0
4/4,40,2,major,Bb,major,E0,4,2.0
4/4,40,2,major,Bb,major,C0,5,2.0
4/4,40,2,major,Bb,major,D0,4,2.0
4/4,40,2,major,Bb,major,A0,4,2.0
4/4,41,2,major,D0,major,D0,4,16.0
4/4,41,2,major,D0,major,A0,4,16.0
4/4,42,2,major,D0,major-sixth,rest,0,2.0
4/4,42,2,major,D0,major-sixth,E0,4,2.0
4/4,42,2,major,D0,major-sixth,rest,0,2.0
4/4,42,2,major,D0,major-sixth,D0,4,2.0
4/4,42,2,major,D0,major-sixth,E0,4,2.0
4/4,42,2,major,D0,major-sixth,F#,4,2.0
4/4,42,2,major,D0,major-sixth,D0,4,2.0
4/4,42,2,major,D0,major-sixth,B0,3,2.0
4/4,43,2,major,D0,major,rest,0,4.0
4/4,43,2,major,D0,major,A0,3,4.0
4/4,43,2,major,D0,major,B0,3,3.0
4/4,43,2,major,D0,major,D0,4,1.0
4/4,43,2,major,D0,major,D0,4,2.0
4/4,43,2,major,D0,major,E0,4,2.0
4/4,44,2,major,G0,major,rest,0,2.0
4/4,44,2,major,G0,major,E0,4,2.0
4/4,44,2,major,G0,major,rest,0,2.0
4/4,44,2,major,G0,major,D0,4,2.0
4/4,44,2,major,G0,major,E0,4,2.0
4/4,44,2,major,G0,major,D0,4,2.0
4/4,44,2,major,G0,major,E0,4,2.0
4/4,44,2,major,G0,major,A0,4,2.0
