time,measure,key_fifths,key_mode,chord_root,chord_type,note_root,note_octave,note_duration
4/4,1,-2,major,F0,major,rest,0,4.0
4/4,1,-2,major,F0,major,rest,0,4.0
4/4,1,-2,major,F0,major,rest,0,4.0
4/4,1,-2,major,F0,major,rest,0,4.0
4/4,2,-2,major,G0,minor-seventh,rest,0,4.0
4/4,2,-2,major,G0,minor-seventh,rest,0,4.0
4/4,2,-2,major,G0,minor-seventh,rest,0,4.0
4/4,2,-2,major,G0,minor-seventh,rest,0,4.0
4/4,3,-2,major,G0,minor-seventh,rest,0,8.0
4/4,3,-2,major,G0,minor-seventh,rest,0,4.0
4/4,3,-2,major,G0,minor-seventh,rest,0,2.0
4/4,3,-2,major,G0,minor-seventh,A0,4,2.0
4/4,4,-2,major,F0,major,C0,5,4.0
4/4,4,-2,major,F0,major,C0,5,2.0
4/4,4,-2,major,F0,major,C0,5,2.0
4/4,4,-2,major,F0,major,A0,4,2.0
4/4,4,-2,major,F0,major,A0,4,2.0
4/4,4,-2,major,F0,major,D0,4,4.0
4/4,5,-2,major,G0,minor-seventh,D0,4,12.0
4/4,5,-2,major,G0,minor-seventh,D0,4,2.0
4/4,5,-2,major,G0,minor-seventh,A0,4,2.0
4/4,6,-2,major,F0,major,C0,5,4.0
4/4,6,-2,major,F0,major,C0,5,4.0
4/4,6,-2,major,F0,major,A0,4,2.0
4/4,6,-2,major,F0,major,F0,4,2.0
4/4,6,-2,major,F0,major,rest,0,2.0
4/4,6,-2,major,F0,major,D0,4,2.0
4/4,7,-2,major,G0,minor-seventh,D0,4,4.0
4/4,7,-2,major,G0,minor-seventh,rest,0,4.0
4/4,7,-2,major,G0,minor-seventh,rest,0,4.0
4/4,7,-2,major,G0,minor-seventh,F0,4,2.0
4/4,7,-2,major,G0,minor-seventh,G0,4,2.0
4/4,8,-2,major,F0,major,A0,4,4.0
4/4,8,-2,major,F0,major,A0,4,2.0
4/4,8,-2,major,F0,major,G0,4,2.0
4/4,8,-2,major,F0,major,A0,4,4.0
4/4,8,-2,major,F0,major,A0,4,2.0
4/4,8,-2,major,F0,major,G0,4,2.0
4/4,9,-2,major,Bb,major-seventh,A0,4,4.0
4/4,9,-2,major,Bb,major-seventh,A0,4,2.0
4/4,9,-2,major,Bb,major-seventh,A0,4,2.0
4/4,9,-2,major,Bb,major-seventh,A0,4,2.0
4/4,9,-2,major,Bb,major-seventh,F0,4,2.0
4/4,9,-2,major,Bb,major-seventh,F0,4,4.0
4/4,10,-2,major,F0,major,rest,0,4.0
4/4,10,-2,major,F0,major,rest,0,4.0
4/4,10,-2,major,F0,major,rest,0,4.0
4/4,10,-2,major,F0,major,rest,0,4.0
4/4,11,-2,major,G0,minor-seventh,rest,0,4.0
4/4,11,-2,major,G0,minor-seventh,rest,0,4.0
4/4,11,-2,major,G0,minor-seventh,rest,0,4.0
4/4,11,-2,major,G0,minor-seventh,rest,0,4.0
4/4,12,-2,major,C0,major,rest,0,2.0
4/4,12,-2,major,C0,major,G0,4,2.0
4/4,12,-2,major,C0,major,G0,4,2.0
4/4,12,-2,major,C0,major,A0,4,2.0
4/4,12,-2,major,C0,major,G0,4,4.0
4/4,12,-2,major,C0,major,A0,4,3.0
4/4,12,-2,major,C0,major,F0,4,1.0
4/4,13,-2,major,D0,minor-seventh,F0,4,2.0
4/4,13,-2,major,D0,minor-seventh,D0,4,2.0
4/4,13,-2,major,D0,minor-seventh,D0,4,12.0
4/4,14,-2,major,C0,major,rest,0,1.0
4/4,14,-2,major,C0,major,A0,4,2.0
4/4,14,-2,major,C0,major,G0,4,1.0
4/4,14,-2,major,C0,major,G0,4,2.0
4/4,14,-2,major,C0,major,A0,4,2.0
4/4,14,-2,major,C0,major,G0,4,4.0
4/4,14,-2,major,C0,major,F0,4,2.0
4/4,14,-2,major,C0,major,A0,4,2.0
4/4,15,-2,major,D0,minor-seventh,A0,4,2.0
4/4,15,-2,major,D0,minor-seventh,F0,4,2.0
4/4,15,-2,major,D0,minor-seventh,F0,4,2.0
4/4,15,-2,major,D0,minor-seventh,F0,4,1.0
4/4,15,-2,major,D0,minor-seventh,G0,4,1.0
4/4,15,-2,major,D0,minor-seventh,A0,4,3.0
4/4,15,-2,major,D0,minor-seventh,F0,4,1.0
4/4,15,-2,major,D0,minor-seventh,F0,4,4.0
4/4,16,-2,major,Bb,major,rest,0,8.0
4/4,16,-2,major,Bb,major,rest,0,2.0
4/4,16,-2,major,Bb,major,D0,4,2.0
4/4,16,-2,major,Bb,major,F0,4,2.0
4/4,16,-2,major,Bb,major,G0,4,2.0
4/4,17,-2,major,Bb,major,A0,4,2.0
4/4,17,-2,major,Bb,major,G0,4,2.0
4/4,17,-2,major,Bb,major,F0,4,4.0
4/4,17,-2,major,Bb,major,F0,4,6.0
4/4,17,-2,major,Bb,major,D0,4,2.0
4/4,18,-2,major,Bb,major,F0,4,4.0
4/4,18,-2,major,Bb,major,G0,4,4.0
4/4,18,-2,major,Bb,major,A0,4,4.0
4/4,18,-2,major,Bb,major,A0,4,4.0
4/4,19,-2,major,F0,major,rest,0,4.0
4/4,19,-2,major,F0,major,rest,0,4.0
4/4,19,-2,major,F0,major,rest,0,4.0
4/4,19,-2,major,F0,major,rest,0,4.0
4/4,20,-2,major,G0,minor-seventh,rest,0,4.0
4/4,20,-2,major,G0,minor-seventh,rest,0,4.0
4/4,20,-2,major,G0,minor-seventh,rest,0,4.0
4/4,20,-2,major,G0,minor-seventh,rest,0,4.0
4/4,21,-2,major,F0,major,rest,0,4.0
4/4,21,-2,major,F0,major,rest,0,4.0
4/4,21,-2,major,F0,major,rest,0,4.0
4/4,21,-2,major,F0,major,rest,0,4.0
4/4,22,-2,major,G0,minor-seventh,rest,0,4.0
4/4,22,-2,major,G0,minor-seventh,rest,0,4.0
4/4,22,-2,major,G0,minor-seventh,rest,0,4.0
4/4,22,-2,major,G0,minor-seventh,rest,0,4.0
