time,measure,key_fifths,key_mode,chord_root,chord_type,note_root,note_octave,note_duration
3/4,1,0,major,[],[],rest,0,8.0
3/4,1,0,major,[],[],G0,4,4.0
3/4,2,0,major,C0,major,G0,4,8.0
3/4,2,0,major,C0,major,F#,4,2.0
3/4,2,0,major,C0,major,G0,4,2.0
3/4,3,0,major,A0,dominant,E0,4,8.0
3/4,3,0,major,A0,dominant,F0,4,2.0
3/4,3,0,major,A0,dominant,G0,4,2.0
3/4,4,0,major,D0,dominant,A0,4,6.0
3/4,4,0,major,D0,dominant,G#,4,2.0
3/4,4,0,major,D0,dominant,A0,4,4.0
3/4,5,0,major,G0,dominant,B0,4,8.0
3/4,5,0,major,G0,dominant,G0,4,4.0
3/4,6,0,major,C0,major,G0,4,4.0
3/4,6,0,major,C0,major,F#,4,4.0
3/4,6,0,major,C0,major,G0,4,4.0
3/4,7,0,major,A0,dominant,E0,4,4.0
3/4,7,0,major,A0,dominant,F0,4,4.0
3/4,7,0,major,A0,dominant,G0,4,4.0
3/4,8,0,major,D0,dominant,A0,4,4.0
3/4,8,0,major,D0,dominant,G#,4,4.0
3/4,8,0,major,D0,dominant,A0,4,4.0
3/4,9,0,major,G0,dominant,B0,4,8.0
3/4,9,0,major,G0,dominant,G0,4,4.0
3/4,10,0,major,C0,major,C0,5,4.0
3/4,10,0,major,C0,major,D0,5,4.0
3/4,10,0,major,C0,major,C0,5,4.0
3/4,11,0,major,E0,dominant,B0,4,4.0
3/4,11,0,major,E0,dominant,G#,4,4.0
3/4,11,0,major,E0,dominant,E0,4,4.0
3/4,12,0,major,F0,major,A0,4,8.0
3/4,12,0,major,F0,major,Ab,4,4.0
3/4,13,0,major,C0,major,G0,4,8.0
3/4,13,0,major,C0,major,E0,4,2.0
3/4,13,0,major,C0,major,C0,4,2.0
3/4,14,0,major,D0,dominant,D0,4,8.0
3/4,14,0,major,D0,dominant,E0,4,2.0
3/4,14,0,major,D0,dominant,C0,4,2.0
3/4,15,0,major,F0,minor-sixth,D0,4,8.0
3/4,15,0,major,F0,minor-sixth,E0,4,2.0
3/4,15,0,major,F0,minor-sixth,C0,4,2.0
3/4,16,0,major,G0,dominant,G0,4,12.0
3/4,17,0,major,G0,dominant,G0,4,8.0
3/4,17,0,major,G0,dominant,G0,4,4.0
3/4,18,0,major,C0,major,G0,4,8.0
3/4,18,0,major,C0,major,F#,4,2.0
3/4,18,0,major,C0,major,G0,4,2.0
3/4,19,0,major,A0,dominant,E0,4,8.0
3/4,19,0,major,A0,dominant,F0,4,2.0
3/4,19,0,major,A0,dominant,G0,4,2.0
3/4,20,0,major,D0,dominant,A0,4,6.0
3/4,20,0,major,D0,dominant,G#,4,2.0
3/4,20,0,major,D0,dominant,A0,4,4.0
3/4,21,0,major,G0,dominant,B0,4,8.0
3/4,21,0,major,G0,dominant,G0,4,4.0
3/4,22,0,major,C0,major,C0,5,4.0
3/4,22,0,major,C0,major,D0,5,4.0
3/4,22,0,major,C0,major,C0,5,4.0
3/4,23,0,major,E0,dominant,B0,4,4.0
3/4,23,0,major,E0,dominant,G#,4,4.0
3/4,23,0,major,E0,dominant,E0,4,4.0
3/4,24,0,major,F0,major,A0,4,12.0
3/4,25,0,major,D0,minor,A0,4,8.0
3/4,25,0,major,D0,minor,A0,4,2.0
3/4,25,0,major,D0,minor,B0,4,2.0
3/4,26,0,major,F0,minor-sixth,C0,5,8.0
3/4,26,0,major,F0,minor-sixth,B0,4,2.0
3/4,26,0,major,F0,minor-sixth,C0,5,2.0
3/4,27,0,major,F#,diminished,B0,4,8.0
3/4,27,0,major,F#,diminished,A0,4,2.0
3/4,27,0,major,F#,diminished,B0,4,2.0
3/4,28,0,major,C0,major,C0,5,8.0
3/4,28,0,major,C0,major,B0,4,2.0
3/4,28,0,major,C0,major,C0,5,2.0
3/4,29,0,major,A0,dominant,E0,5,8.0
3/4,29,0,major,A0,dominant,F0,5,2.0
3/4,29,0,major,A0,dominant,E0,5,2.0
3/4,30,0,major,D0,dominant,A0,4,12.0
3/4,31,0,major,G0,dominant,B0,4,12.0
3/4,32,0,major,C0,major,C0,5,12.0
2/2,33,0,major,G0,dominant,C0,5,4.0
2/2,33,0,major,G0,dominant,E0,4,4.0
2/2,33,0,major,G0,dominant,F0,4,4.0
2/2,33,0,major,G0,dominant,G0,4,4.0
2/2,34,0,major,C0,major,G0,4,8.0
2/2,34,0,major,C0,major,F#,4,4.0
2/2,34,0,major,C0,major,G0,4,4.0
2/2,35,0,major,A0,dominant,E0,4,8.0
2/2,35,0,major,A0,dominant,F0,4,4.0
2/2,35,0,major,A0,dominant,G0,4,4.0
2/2,36,0,major,D0,dominant,A0,4,8.0
2/2,36,0,major,D0,dominant,G#,4,4.0
2/2,36,0,major,D0,dominant,A0,4,4.0
2/2,37,0,major,G0,dominant,B0,4,12.0
2/2,37,0,major,G0,dominant,G0,4,4.0
2/2,38,0,major,C0,major,G0,4,8.0
2/2,38,0,major,C0,major,F#,4,4.0
2/2,38,0,major,C0,major,G0,4,4.0
2/2,39,0,major,A0,dominant,E0,4,8.0
2/2,39,0,major,A0,dominant,F0,4,4.0
2/2,39,0,major,A0,dominant,G0,4,4.0
2/2,40,0,major,D0,dominant,A0,4,8.0
2/2,40,0,major,D0,dominant,G#,4,4.0
2/2,40,0,major,D0,dominant,A0,4,4.0
2/2,41,0,major,G0,dominant,B0,4,12.0
2/2,41,0,major,G0,dominant,G0,4,4.0
2/2,42,0,major,C0,major,C0,5,8.0
2/2,42,0,major,C0,major,D0,5,4.0
2/2,42,0,major,C0,major,C0,5,4.0
2/2,43,0,major,E0,dominant,B0,4,4.0
2/2,43,0,major,E0,dominant,G#,4,8.0
2/2,43,0,major,E0,dominant,E0,4,4.0
2/2,44,0,major,F0,major,A0,4,8.0
2/2,44,0,major,F0,major,Ab,4,8.0
2/2,45,0,major,C0,major,G0,4,8.0
2/2,45,0,major,C0,major,E0,4,4.0
2/2,45,0,major,C0,major,C0,4,4.0
2/2,46,0,major,D0,dominant,D0,4,8.0
2/2,46,0,major,D0,dominant,E0,4,4.0
2/2,46,0,major,D0,dominant,C0,4,4.0
2/2,47,0,major,F0,minor-sixth,D0,4,8.0
2/2,47,0,major,F0,minor-sixth,E0,4,4.0
2/2,47,0,major,F0,minor-sixth,C0,4,4.0
2/2,48,0,major,G0,dominant,G0,4,16.0
2/2,49,0,major,G0,dominant,G0,4,4.0
2/2,49,0,major,G0,dominant,E0,4,4.0
2/2,49,0,major,G0,dominant,F0,4,4.0
2/2,49,0,major,G0,dominant,G0,4,4.0
2/2,50,0,major,C0,major,G0,4,8.0
2/2,50,0,major,C0,major,F#,4,4.0
2/2,50,0,major,C0,major,G0,4,4.0
2/2,51,0,major,A0,dominant,E0,4,8.0
2/2,51,0,major,A0,dominant,F0,4,4.0
2/2,51,0,major,A0,dominant,G0,4,4.0
2/2,52,0,major,D0,dominant,A0,4,8.0
2/2,52,0,major,D0,dominant,G#,4,4.0
2/2,52,0,major,D0,dominant,A0,4,4.0
2/2,53,0,major,G0,dominant,B0,4,12.0
2/2,53,0,major,G0,dominant,G0,4,4.0
2/2,54,0,major,C0,major,C0,5,8.0
2/2,54,0,major,C0,major,D0,5,4.0
2/2,54,0,major,C0,major,C0,5,4.0
2/2,55,0,major,E0,dominant,B0,4,4.0
2/2,55,0,major,E0,dominant,G0,4,8.0
2/2,55,0,major,E0,dominant,E0,4,4.0
2/2,56,0,major,F0,major,A0,4,8.0
2/2,56,0,major,F0,major,G0,4,8.0
2/2,57,0,major,D0,minor,F0,4,8.0
2/2,57,0,major,D0,minor,A0,4,4.0
2/2,57,0,major,D0,minor,B0,4,4.0
2/2,58,0,major,F0,minor-sixth,C0,5,8.0
2/2,58,0,major,F0,minor-sixth,B0,4,4.0
2/2,58,0,major,F0,minor-sixth,C0,5,4.0
2/2,59,0,major,F#,diminished,B0,4,8.0
2/2,59,0,major,F#,diminished,A0,4,4.0
2/2,59,0,major,F#,diminished,B0,4,4.0
2/2,60,0,major,C0,major,C0,5,8.0
2/2,60,0,major,C0,major,B0,4,4.0
2/2,60,0,major,C0,major,C0,5,4.0
2/2,61,0,major,A0,dominant,E0,5,8.0
2/2,61,0,major,A0,dominant,F0,5,4.0
2/2,61,0,major,A0,dominant,E0,5,4.0
2/2,62,0,major,D0,dominant,A0,4,16.0
2/2,63,0,major,G0,dominant,E0,5,16.0
2/2,64,0,major,C0,major,C0,5,16.0
2/2,65,0,major,C0,major,C0,5,8.0
2/2,65,0,major,C0,major,rest,0,8.0
