time,measure,key_fifths,key_mode,chord_root,chord_type,note_root,note_octave,note_duration
4/4,1,0,major,C0,major,E0,4,4.0
4/4,1,0,major,C0,major,G0,4,8.0
4/4,1,0,major,C0,major,G0,3,4.0
4/4,2,0,major,A0,minor,A0,3,16.0
4/4,3,0,major,D0,minor-seventh,F0,4,4.0
4/4,3,0,major,D0,minor-seventh,A0,4,8.0
4/4,3,0,major,D0,minor-seventh,A0,3,4.0
4/4,4,0,major,G0,dominant,B0,3,16.0
4/4,5,0,major,C0,major,G0,4,8.0
4/4,5,0,major,C0,major,C0,5,4.0
4/4,5,0,major,C0,major,B0,4,2.0
4/4,5,0,major,C0,major,A0,4,2.0
4/4,6,0,major,D0,minor-seventh,C0,5,4.0
4/4,6,0,major,D0,minor-seventh,F0,4,12.0
4/4,7,0,major,F0,minor,Ab,4,4.0
4/4,7,0,major,F0,minor,C0,4,8.0
4/4,7,0,major,F0,minor,D0,4,4.0
4/4,8,0,major,E0,major,E0,4,16.0
4/4,9,0,major,C0,dominant,E0,4,4.0
4/4,9,0,major,C0,dominant,G0,4,8.0
4/4,9,0,major,C0,dominant,E0,4,2.0
4/4,9,0,major,C0,dominant,C0,4,2.0
4/4,10,0,major,F0,major,D0,4,16.0
4/4,11,0,major,Bb,major,D0,4,4.0
4/4,11,0,major,Bb,major,F0,4,8.0
4/4,11,0,major,Bb,major,D0,4,2.0
4/4,11,0,major,Bb,major,Bb,3,2.0
4/4,12,0,major,Eb,major,C0,4,4.0
4/4,12,0,major,Eb,major,G0,4,8.0
4/4,12,0,major,Eb,major,G0,4,4.0
4/4,13,0,major,G0,major,G0,4,4.0
4/4,13,0,major,G0,major,D0,4,4.0
4/4,13,0,major,G0,major,B0,3,4.0
4/4,13,0,major,G0,major,C0,4,2.0
4/4,13,0,major,G0,major,D0,4,2.0
4/4,14,0,major,C0,minor,Eb,4,4.0
4/4,14,0,major,C0,minor,B0,4,8.0
4/4,14,0,major,C0,minor,A0,4,4.0
4/4,15,0,major,C0,major,G0,4,4.0
4/4,15,0,major,C0,major,E0,4,4.0
4/4,15,0,major,C0,major,C0,4,4.0
4/4,15,0,major,C0,major,B0,3,2.0
4/4,15,0,major,C0,major,C0,4,2.0
4/4,16,0,major,G0,major,C#,4,4.0
4/4,16,0,major,G0,major,D0,4,8.0
4/4,16,0,major,G0,major,D#,4,4.0
4/4,17,0,major,C0,major,E0,4,4.0
4/4,17,0,major,C0,major,G0,4,8.0
4/4,17,0,major,C0,major,G0,3,4.0
4/4,18,0,major,A0,minor-seventh,A0,3,8.0
4/4,18,0,major,A0,minor-seventh,rest,0,8.0
4/4,19,0,major,D0,minor-seventh,F0,4,4.0
4/4,19,0,major,D0,minor-seventh,A0,4,8.0
4/4,19,0,major,D0,minor-seventh,A0,3,4.0
4/4,20,0,major,G0,dominant,B0,3,16.0
4/4,21,0,major,C0,major,G0,4,8.0
4/4,21,0,major,C0,major,C0,5,4.0
4/4,21,0,major,C0,major,B0,4,2.0
4/4,21,0,major,C0,major,A0,4,2.0
4/4,22,0,major,D0,minor-seventh,C0,5,4.0
4/4,22,0,major,D0,minor-seventh,F0,4,8.0
4/4,22,0,major,D0,minor-seventh,G0,4,4.0
4/4,23,0,major,F0,minor,Ab,4,8.0
4/4,23,0,major,F0,minor,B0,4,8.0
4/4,24,0,major,C0,major,C0,5,12.0
4/4,24,0,major,C0,major,rest,0,4.0
