time,measure,key_fifths,key_mode,chord_root,chord_type,note_root,note_octave,note_duration
4/4,1,1,major,G0,major,G0,5,3.0
4/4,1,1,major,G0,major,F#,5,1.0
4/4,1,1,major,G0,major,E0,5,2.0
4/4,1,1,major,G0,major,D#,5,2.0
4/4,1,1,major,G0,major,E0,5,2.0
4/4,1,1,major,G0,major,C0,5,2.0
4/4,1,1,major,G0,major,B0,4,2.0
4/4,1,1,major,G0,major,A0,4,2.0
4/4,2,1,major,D0,dominant,D0,5,2.0
4/4,2,1,major,D0,dominant,rest,0,2.0
4/4,2,1,major,D0,dominant,F#,5,4.0
4/4,2,1,major,D0,dominant,G0,5,2.0
4/4,2,1,major,D0,dominant,rest,0,2.0
4/4,2,1,major,D0,dominant,rest,0,4.0
4/4,3,1,major,G0,major,D0,5,8.0
4/4,3,1,major,G0,major,D0,5,8.0
4/4,4,1,major,G0,major,D0,5,2.0
4/4,4,1,major,G0,major,E0,5,2.0
4/4,4,1,major,G0,major,E0,5,12.0
4/4,5,1,major,G0,major,D0,5,2.0
4/4,5,1,major,G0,major,E0,5,4.0
4/4,5,1,major,G0,major,D0,5,2.0
4/4,5,1,major,G0,major,E0,5,2.0
4/4,5,1,major,G0,major,D0,5,4.0
4/4,5,1,major,G0,major,C#,5,2.0
4/4,6,1,major,D0,dominant,C0,5,16.0
4/4,7,1,major,A0,minor,E0,5,8.0
4/4,7,1,major,A0,minor,E0,5,8.0
4/4,8,1,major,A0,minor,E0,5,2.0
4/4,8,1,major,A0,minor,F#,5,2.0
4/4,8,1,major,A0,minor,F#,5,12.0
4/4,9,1,major,D0,dominant,E0,5,2.0
4/4,9,1,major,D0,dominant,F#,5,4.0
4/4,9,1,major,D0,dominant,E0,5,2.0
4/4,9,1,major,D0,dominant,F#,5,2.0
4/4,9,1,major,D0,dominant,E0,5,4.0
4/4,9,1,major,D0,dominant,D#,5,2.0
4/4,10,1,major,G0,major,D0,5,4.0
4/4,10,1,major,G0,major,D0,5,3.0
4/4,10,1,major,G0,major,E0,5,1.0
4/4,10,1,major,G0,major,D0,5,2.0
4/4,10,1,major,G0,major,C0,5,2.0
4/4,10,1,major,G0,major,B0,4,2.0
4/4,10,1,major,G0,major,A0,4,2.0
4/4,11,1,major,G0,major,D0,5,8.0
4/4,11,1,major,G0,major,D0,5,8.0
4/4,12,1,major,G0,major,D0,5,2.0
4/4,12,1,major,G0,major,E0,5,2.0
4/4,12,1,major,G0,major,E0,5,12.0
4/4,13,1,major,G0,dominant,D0,5,2.0
4/4,13,1,major,G0,dominant,E0,5,4.0
4/4,13,1,major,G0,dominant,D0,5,2.0
4/4,13,1,major,G0,dominant,E0,5,2.0
4/4,13,1,major,G0,dominant,D0,5,4.0
4/4,13,1,major,G0,dominant,B0,4,2.0
4/4,14,1,major,C0,major,E0,5,16.0
4/4,15,1,major,D0,dominant,A0,4,2.0
4/4,15,1,major,D0,dominant,B0,4,2.0
4/4,15,1,major,D0,dominant,C0,5,2.0
4/4,15,1,major,D0,dominant,D0,5,2.0
4/4,15,1,major,D0,dominant,F#,5,6.0
4/4,15,1,major,D0,dominant,E0,5,2.0
4/4,16,1,major,G0,major,E0,5,2.0
4/4,16,1,major,G0,major,D0,5,2.0
4/4,16,1,major,G0,major,D0,5,8.0
4/4,16,1,major,G0,major,G0,4,2.0
4/4,16,1,major,G0,major,A0,4,2.0
4/4,17,1,major,D0,dominant,B0,4,8.0
4/4,17,1,major,D0,dominant,C0,5,2.0
4/4,17,1,major,D0,dominant,A0,4,4.0
4/4,17,1,major,D0,dominant,B0,4,2.0
4/4,18,1,major,G0,major,G0,4,12.0
4/4,18,1,major,G0,major,G0,4,2.0
4/4,18,1,major,G0,major,D0,5,2.0
4/4,19,1,major,G0,major,D0,5,2.0
4/4,19,1,major,G0,major,B0,4,4.0
4/4,19,1,major,G0,major,D0,5,2.0
4/4,19,1,major,G0,major,D0,5,2.0
4/4,19,1,major,G0,major,B0,4,4.0
4/4,19,1,major,G0,major,D0,5,2.0
4/4,20,1,major,D0,dominant,D0,5,2.0
4/4,20,1,major,D0,dominant,G0,5,2.0
4/4,20,1,major,D0,dominant,A0,5,2.0
4/4,20,1,major,D0,dominant,G0,5,2.0
4/4,20,1,major,D0,dominant,G0,5,2.0
4/4,20,1,major,D0,dominant,F#,5,4.0
4/4,20,1,major,D0,dominant,F#,5,2.0
4/4,21,1,major,D0,dominant,F#,5,2.0
4/4,21,1,major,D0,dominant,G0,5,2.0
4/4,21,1,major,D0,dominant,A0,5,2.0
4/4,21,1,major,D0,dominant,G0,5,2.0
4/4,21,1,major,D0,dominant,G0,5,2.0
4/4,21,1,major,D0,dominant,F#,5,4.0
4/4,21,1,major,D0,dominant,F#,5,2.0
4/4,22,1,major,G0,major,F#,5,2.0
4/4,22,1,major,G0,major,E0,5,4.0
4/4,22,1,major,G0,major,E0,5,2.0
4/4,22,1,major,G0,major,E0,5,2.0
4/4,22,1,major,G0,major,D0,5,4.0
4/4,22,1,major,G0,major,D0,5,2.0
4/4,23,1,major,G0,major,D0,5,2.0
4/4,23,1,major,G0,major,B0,4,4.0
4/4,23,1,major,G0,major,D0,5,2.0
4/4,23,1,major,G0,major,D0,5,2.0
4/4,23,1,major,G0,major,B0,4,4.0
4/4,23,1,major,G0,major,D0,5,2.0
4/4,24,1,major,D0,dominant,D0,5,2.0
4/4,24,1,major,D0,dominant,G0,5,2.0
4/4,24,1,major,D0,dominant,A0,5,2.0
4/4,24,1,major,D0,dominant,G0,5,2.0
4/4,24,1,major,D0,dominant,G0,5,2.0
4/4,24,1,major,D0,dominant,F#,5,4.0
4/4,24,1,major,D0,dominant,F#,5,2.0
4/4,25,1,major,D0,dominant,F#,5,2.0
4/4,25,1,major,D0,dominant,G0,5,2.0
4/4,25,1,major,D0,dominant,A0,5,2.0
4/4,25,1,major,D0,dominant,G0,5,2.0
4/4,25,1,major,D0,dominant,G0,5,2.0
4/4,25,1,major,D0,dominant,F#,5,4.0
4/4,25,1,major,D0,dominant,E0,5,2.0
4/4,26,1,major,G0,major,D0,5,2.0
4/4,26,1,major,G0,major,D0,5,2.0
4/4,26,1,major,G0,major,E0,5,2.0
4/4,26,1,major,G0,major,F#,5,2.0
4/4,26,1,major,G0,major,G0,5,4.0
4/4,26,1,major,G0,major,D0,5,2.0
4/4,26,1,major,G0,major,D#,5,2.0
4/4,27,1,major,C0,major,E0,5,4.0
4/4,27,1,major,C0,major,D#,5,2.0
4/4,27,1,major,C0,major,E0,5,2.0
4/4,27,1,major,C0,major,E0,5,2.0
4/4,27,1,major,C0,major,C0,5,2.0
4/4,27,1,major,C0,major,B0,4,2.0
4/4,27,1,major,C0,major,A0,4,2.0
4/4,28,1,major,C0,major,E0,5,12.0
4/4,28,1,major,C0,major,C0,5,2.0
4/4,28,1,major,C0,major,C#,5,2.0
4/4,29,1,major,G0,major,D0,5,4.0
4/4,29,1,major,G0,major,C#,5,2.0
4/4,29,1,major,G0,major,D0,5,2.0
4/4,29,1,major,G0,major,D0,5,2.0
4/4,29,1,major,G0,major,B0,4,2.0
4/4,29,1,major,G0,major,A0,4,2.0
4/4,29,1,major,G0,major,G0,4,2.0
4/4,30,1,major,G0,major,D0,5,8.0
4/4,30,1,major,G0,major,D0,5,2.0
4/4,30,1,major,G0,major,G0,5,2.0
4/4,30,1,major,G0,major,A0,5,2.0
4/4,30,1,major,G0,major,G0,5,2.0
4/4,31,1,major,D0,dominant,F#,5,6.0
4/4,31,1,major,D0,dominant,A0,5,2.0
4/4,31,1,major,D0,dominant,E0,5,6.0
4/4,31,1,major,D0,dominant,D0,5,2.0
4/4,32,1,major,D0,dominant,F#,5,8.0
4/4,32,1,major,D0,dominant,F#,5,2.0
4/4,32,1,major,D0,dominant,G0,5,2.0
4/4,32,1,major,D0,dominant,A0,5,2.0
4/4,32,1,major,D0,dominant,G0,5,2.0
4/4,33,1,major,D0,dominant,F#,5,6.0
4/4,33,1,major,D0,dominant,A0,5,2.0
4/4,33,1,major,D0,dominant,E0,5,4.0
4/4,33,1,major,D0,dominant,F#,5,4.0
4/4,34,1,major,G0,major,G0,5,12.0
4/4,34,1,major,G0,major,D0,5,1.0
4/4,34,1,major,G0,major,D#,5,1.0
4/4,34,1,major,G0,major,E0,5,1.0
4/4,34,1,major,G0,major,F#,5,1.0
4/4,35,1,major,G0,major,G0,5,4.0
4/4,35,1,major,G0,major,E0,5,4.0
4/4,35,1,major,G0,major,D0,5,4.0
4/4,35,1,major,G0,major,B0,4,4.0
4/4,36,1,major,G0,major,D0,5,8.0
4/4,36,1,major,G0,major,D0,5,8.0
4/4,37,1,major,G0,major,D0,5,2.0
4/4,37,1,major,G0,major,E0,5,2.0
4/4,37,1,major,G0,major,E0,5,12.0
4/4,38,1,major,G0,major,D0,5,2.0
4/4,38,1,major,G0,major,E0,5,4.0
4/4,38,1,major,G0,major,D0,5,2.0
4/4,38,1,major,G0,major,E0,5,2.0
4/4,38,1,major,G0,major,D0,5,4.0
4/4,38,1,major,G0,major,C#,5,2.0
4/4,39,1,major,D0,dominant,C0,5,16.0
4/4,40,1,major,A0,minor,E0,5,8.0
4/4,40,1,major,A0,minor,E0,5,8.0
4/4,41,1,major,A0,minor,E0,5,2.0
4/4,41,1,major,A0,minor,F#,5,2.0
4/4,41,1,major,A0,minor,F#,5,12.0
4/4,42,1,major,D0,dominant,E0,5,2.0
4/4,42,1,major,D0,dominant,F#,5,4.0
4/4,42,1,major,D0,dominant,E0,5,2.0
4/4,42,1,major,D0,dominant,F#,5,2.0
4/4,42,1,major,D0,dominant,E0,5,4.0
4/4,42,1,major,D0,dominant,Eb,5,2.0
4/4,43,1,major,G0,major,D0,5,4.0
4/4,43,1,major,G0,major,D0,5,3.0
4/4,43,1,major,G0,major,E0,5,1.0
4/4,43,1,major,G0,major,D0,5,2.0
4/4,43,1,major,G0,major,C0,5,2.0
4/4,43,1,major,G0,major,B0,4,2.0
4/4,43,1,major,G0,major,A0,4,2.0
4/4,44,1,major,G0,major,D0,5,8.0
4/4,44,1,major,G0,major,D0,5,8.0
4/4,45,1,major,G0,major,D0,5,2.0
4/4,45,1,major,G0,major,E0,5,2.0
4/4,45,1,major,G0,major,E0,5,12.0
4/4,46,1,major,G0,dominant,D0,5,2.0
4/4,46,1,major,G0,dominant,E0,5,4.0
4/4,46,1,major,G0,dominant,D0,5,2.0
4/4,46,1,major,G0,dominant,E0,5,2.0
4/4,46,1,major,G0,dominant,D0,5,4.0
4/4,46,1,major,G0,dominant,B0,4,2.0
4/4,47,1,major,C0,major,E0,5,16.0
4/4,48,1,major,C0,major,A0,4,2.0
4/4,48,1,major,C0,major,B0,4,2.0
4/4,48,1,major,C0,major,C0,5,2.0
4/4,48,1,major,C0,major,D0,5,2.0
4/4,48,1,major,C0,major,F#,5,6.0
4/4,48,1,major,C0,major,E0,5,2.0
4/4,49,1,major,G0,major,E0,5,2.0
4/4,49,1,major,G0,major,D0,5,2.0
4/4,49,1,major,G0,major,D0,5,8.0
4/4,49,1,major,G0,major,G0,4,2.0
4/4,49,1,major,G0,major,A0,4,2.0
4/4,50,1,major,D0,dominant,B0,4,8.0
4/4,50,1,major,D0,dominant,C0,5,2.0
4/4,50,1,major,D0,dominant,A0,4,4.0
4/4,50,1,major,D0,dominant,B0,4,2.0
4/4,51,1,major,G0,major,G0,4,4.0
4/4,51,1,major,G0,major,C#,5,4.0
4/4,51,1,major,G0,major,D0,5,2.0
4/4,51,1,major,G0,major,D0,5,2.0
4/4,51,1,major,G0,major,E0,5,2.0
4/4,51,1,major,G0,major,F#,5,2.0
4/4,52,1,major,G0,major,G0,5,4.0
4/4,52,1,major,G0,major,G0,5,4.0
4/4,52,1,major,G0,major,G0,5,4.0
4/4,52,1,major,G0,major,G0,5,4.0
4/4,53,1,major,D0,dominant,F#,5,2.0
4/4,53,1,major,D0,dominant,F#,5,4.0
4/4,53,1,major,D0,dominant,E0,5,2.0
4/4,53,1,major,D0,dominant,C0,5,8.0
4/4,54,1,major,D0,dominant,F#,5,2.0
4/4,54,1,major,D0,dominant,F#,5,4.0
4/4,54,1,major,D0,dominant,E0,5,2.0
4/4,54,1,major,D0,dominant,C0,5,8.0
4/4,55,1,major,G0,major,E0,5,2.0
4/4,55,1,major,G0,major,E0,5,4.0
4/4,55,1,major,G0,major,D0,5,2.0
4/4,55,1,major,G0,major,B0,4,2.0
4/4,55,1,major,G0,major,D0,5,2.0
4/4,55,1,major,G0,major,E0,5,2.0
4/4,55,1,major,G0,major,F#,5,2.0
4/4,56,1,major,G0,major,G0,5,4.0
4/4,56,1,major,G0,major,G0,5,4.0
4/4,56,1,major,G0,major,G0,5,4.0
4/4,56,1,major,G0,major,G0,5,4.0
4/4,57,1,major,D0,dominant,F#,5,2.0
4/4,57,1,major,D0,dominant,F#,5,4.0
4/4,57,1,major,D0,dominant,E0,5,2.0
4/4,57,1,major,D0,dominant,C0,5,8.0
4/4,58,1,major,D0,dominant,F#,5,2.0
4/4,58,1,major,D0,dominant,F#,5,4.0
4/4,58,1,major,D0,dominant,E0,5,2.0
4/4,58,1,major,D0,dominant,D0,5,2.0
4/4,58,1,major,D0,dominant,D0,5,2.0
4/4,58,1,major,D0,dominant,E0,5,2.0
4/4,58,1,major,D0,dominant,F#,5,2.0
4/4,59,1,major,G0,major,G0,5,12.0
4/4,59,1,major,G0,major,D0,5,2.0
4/4,59,1,major,G0,major,C0,5,2.0
4/4,60,1,major,G0,major,B0,4,2.0
4/4,60,1,major,G0,major,B0,4,2.0
4/4,60,1,major,G0,major,B0,4,2.0
4/4,60,1,major,G0,major,C0,5,2.0
4/4,60,1,major,G0,major,D0,5,2.0
4/4,60,1,major,G0,major,D0,5,2.0
4/4,60,1,major,G0,major,C0,5,2.0
4/4,60,1,major,G0,major,B0,4,2.0
4/4,61,1,major,C0,major,C0,5,2.0
4/4,61,1,major,C0,major,C0,5,2.0
4/4,61,1,major,C0,major,C0,5,2.0
4/4,61,1,major,C0,major,D0,5,2.0
4/4,61,1,major,C0,major,E0,5,2.0
4/4,61,1,major,C0,major,E0,5,2.0
4/4,61,1,major,C0,major,E0,5,2.0
4/4,61,1,major,C0,major,G0,5,2.0
4/4,62,1,major,D0,dominant,F#,5,2.0
4/4,62,1,major,D0,dominant,F#,5,2.0
4/4,62,1,major,D0,dominant,F#,5,2.0
4/4,62,1,major,D0,dominant,F#,5,2.0
4/4,62,1,major,D0,dominant,F#,5,2.0
4/4,62,1,major,D0,dominant,F#,5,2.0
4/4,62,1,major,D0,dominant,E0,5,2.0
4/4,62,1,major,D0,dominant,D#,5,2.0
4/4,63,1,major,G0,major,D0,5,12.0
4/4,63,1,major,G0,major,D0,5,2.0
4/4,63,1,major,G0,major,C0,5,2.0
4/4,64,1,major,G0,dominant,B0,4,2.0
4/4,64,1,major,G0,dominant,B0,4,2.0
4/4,64,1,major,G0,dominant,B0,4,2.0
4/4,64,1,major,G0,dominant,C0,5,2.0
4/4,64,1,major,G0,dominant,D0,5,2.0
4/4,64,1,major,G0,dominant,D0,5,2.0
4/4,64,1,major,G0,dominant,C0,5,2.0
4/4,64,1,major,G0,dominant,B0,4,2.0
4/4,65,1,major,C0,major,C0,5,2.0
4/4,65,1,major,C0,major,C0,5,2.0
4/4,65,1,major,C0,major,C0,5,2.0
4/4,65,1,major,C0,major,D0,5,2.0
4/4,65,1,major,C0,major,E0,5,2.0
4/4,65,1,major,C0,major,E0,5,2.0
4/4,65,1,major,C0,major,E0,5,2.0
4/4,65,1,major,C0,major,G0,5,2.0
4/4,66,1,major,D0,dominant,F#,5,2.0
4/4,66,1,major,D0,dominant,F#,5,2.0
4/4,66,1,major,D0,dominant,F#,5,2.0
4/4,66,1,major,D0,dominant,F#,5,2.0
4/4,66,1,major,D0,dominant,F#,5,2.0
4/4,66,1,major,D0,dominant,D0,5,2.0
4/4,66,1,major,D0,dominant,E0,5,2.0
4/4,66,1,major,D0,dominant,F#,5,2.0
4/4,67,1,major,G0,major,G0,5,12.0
4/4,67,1,major,G0,major,G0,5,4.0
4/4,68,1,major,C0,major,E0,5,2.0
4/4,68,1,major,C0,major,E0,5,2.0
4/4,68,1,major,C0,major,E0,5,2.0
4/4,68,1,major,C0,major,F#,5,2.0
4/4,68,1,major,C0,major,G0,5,2.0
4/4,68,1,major,C0,major,G0,5,4.0
4/4,68,1,major,C0,major,E0,5,2.0
4/4,69,1,major,G0,major,D0,5,2.0
4/4,69,1,major,G0,major,E0,5,2.0
4/4,69,1,major,G0,major,D0,5,2.0
4/4,69,1,major,G0,major,C0,5,2.0
4/4,69,1,major,G0,major,B0,4,6.0
4/4,69,1,major,G0,major,B0,4,2.0
4/4,70,1,major,A0,dominant,A0,4,2.0
4/4,70,1,major,A0,dominant,A0,4,2.0
4/4,70,1,major,A0,dominant,A0,4,2.0
4/4,70,1,major,A0,dominant,C#,5,2.0
4/4,70,1,major,A0,dominant,E0,5,2.0
4/4,70,1,major,A0,dominant,E0,5,4.0
4/4,70,1,major,A0,dominant,F#,5,2.0
4/4,71,1,major,D0,dominant,G0,5,2.0
4/4,71,1,major,D0,dominant,G0,5,2.0
4/4,71,1,major,D0,dominant,F#,5,2.0
4/4,71,1,major,D0,dominant,E0,5,2.0
4/4,71,1,major,D0,dominant,D0,5,2.0
4/4,71,1,major,D0,dominant,D0,5,2.0
4/4,71,1,major,D0,dominant,E0,5,2.0
4/4,71,1,major,D0,dominant,F#,5,2.0
4/4,72,1,major,G0,major,G0,5,4.0
4/4,72,1,major,G0,major,G0,5,4.0
4/4,72,1,major,G0,major,G0,5,4.0
4/4,72,1,major,G0,major,G0,5,4.0
4/4,73,1,major,D0,dominant,F#,5,2.0
4/4,73,1,major,D0,dominant,F#,5,4.0
4/4,73,1,major,D0,dominant,E0,5,2.0
4/4,73,1,major,D0,dominant,C0,5,8.0
4/4,74,1,major,D0,dominant,F#,5,2.0
4/4,74,1,major,D0,dominant,F#,5,4.0
4/4,74,1,major,D0,dominant,E0,5,2.0
4/4,74,1,major,D0,dominant,C0,5,8.0
4/4,75,1,major,G0,major,E0,5,2.0
4/4,75,1,major,G0,major,E0,5,4.0
4/4,75,1,major,G0,major,D0,5,2.0
4/4,75,1,major,G0,major,B0,4,2.0
4/4,75,1,major,G0,major,D0,5,2.0
4/4,75,1,major,G0,major,E0,5,2.0
4/4,75,1,major,G0,major,F#,5,2.0
4/4,76,1,major,G0,major,G0,5,4.0
4/4,76,1,major,G0,major,G0,5,4.0
4/4,76,1,major,G0,major,G0,5,4.0
4/4,76,1,major,G0,major,G0,5,4.0
4/4,77,1,major,D0,dominant,F#,5,2.0
4/4,77,1,major,D0,dominant,F#,5,4.0
4/4,77,1,major,D0,dominant,E0,5,2.0
4/4,77,1,major,D0,dominant,C0,5,8.0
4/4,78,1,major,D0,dominant,F#,5,2.0
4/4,78,1,major,D0,dominant,F#,5,4.0
4/4,78,1,major,D0,dominant,E0,5,2.0
4/4,78,1,major,D0,dominant,D0,5,2.0
4/4,78,1,major,D0,dominant,D0,5,2.0
4/4,78,1,major,D0,dominant,E0,5,2.0
4/4,78,1,major,D0,dominant,F#,5,2.0
4/4,79,1,major,G0,major,G0,5,8.0
4/4,79,1,major,G0,major,G0,5,2.0
4/4,79,1,major,G0,major,G0,5,2.0
4/4,79,1,major,G0,major,A0,5,2.0
4/4,79,1,major,G0,major,G0,5,2.0
4/4,80,0,major,C0,major,E0,5,4.0
4/4,80,0,major,C0,major,C0,5,8.0
4/4,80,0,major,C0,major,G0,5,2.0
4/4,80,0,major,C0,major,A0,5,2.0
4/4,81,0,major,G0,dominant,G0,5,4.0
4/4,81,0,major,G0,dominant,F0,5,4.0
4/4,81,0,major,G0,dominant,D0,5,6.0
4/4,81,0,major,G0,dominant,A0,5,2.0
4/4,82,0,major,G0,dominant,G0,5,4.0
4/4,82,0,major,G0,dominant,F0,5,4.0
4/4,82,0,major,G0,dominant,D0,5,6.0
4/4,82,0,major,G0,dominant,B0,5,2.0
4/4,83,0,major,C0,major,A0,5,4.0
4/4,83,0,major,C0,major,G0,5,4.0
4/4,83,0,major,C0,major,E0,5,2.0
4/4,83,0,major,C0,major,G0,5,2.0
4/4,83,0,major,C0,major,A0,5,2.0
4/4,83,0,major,C0,major,G0,5,2.0
4/4,84,0,major,C0,major,E0,5,4.0
4/4,84,0,major,C0,major,C0,5,8.0
4/4,84,0,major,C0,major,G0,5,2.0
4/4,84,0,major,C0,major,A0,5,2.0
4/4,85,0,major,G0,dominant,G0,5,4.0
4/4,85,0,major,G0,dominant,F0,5,4.0
4/4,85,0,major,G0,dominant,D0,5,6.0
4/4,85,0,major,G0,dominant,G0,5,2.0
4/4,86,0,major,G0,dominant,G0,5,2.0
4/4,86,0,major,G0,dominant,G0,5,2.0
4/4,86,0,major,G0,dominant,G0,5,4.0
4/4,86,0,major,G0,dominant,G0,5,2.0
4/4,86,0,major,G0,dominant,G0,5,2.0
4/4,86,0,major,G0,dominant,G0,5,4.0
4/4,87,0,major,C0,major,G0,5,2.0
4/4,87,0,major,C0,major,F0,5,2.0
4/4,87,0,major,C0,major,E0,5,2.0
4/4,87,0,major,C0,major,D0,5,2.0
4/4,87,0,major,C0,major,C0,5,2.0
4/4,87,0,major,C0,major,G0,5,2.0
4/4,87,0,major,C0,major,A0,5,2.0
4/4,87,0,major,C0,major,G0,5,2.0
4/4,88,0,major,C0,major,C0,5,4.0
4/4,88,0,major,C0,major,C#,5,4.0
4/4,88,0,major,C0,major,D0,5,8.0
4/4,89,1,major,G0,major,D0,5,3.0
4/4,89,1,major,G0,major,B0,4,1.0
4/4,89,1,major,G0,major,G0,4,2.0
4/4,89,1,major,G0,major,E0,4,2.0
4/4,89,1,major,G0,major,D0,4,8.0
4/4,90,1,major,D0,dominant,D0,4,1.0
4/4,90,1,major,D0,dominant,D0,4,1.0
4/4,90,1,major,D0,dominant,D0,4,1.0
4/4,90,1,major,D0,dominant,D0,4,1.0
4/4,90,1,major,D0,dominant,E0,4,2.0
4/4,90,1,major,D0,dominant,G0,4,2.0
4/4,90,1,major,D0,dominant,F#,4,2.0
4/4,90,1,major,D0,dominant,F#,4,2.0
4/4,90,1,major,D0,dominant,F#,4,4.0
4/4,91,1,major,D0,dominant,D0,5,3.0
4/4,91,1,major,D0,dominant,C0,5,1.0
4/4,91,1,major,D0,dominant,A0,4,2.0
4/4,91,1,major,D0,dominant,F#,4,2.0
4/4,91,1,major,D0,dominant,D0,4,8.0
4/4,92,1,major,G0,major,D0,4,1.0
4/4,92,1,major,G0,major,D0,4,1.0
4/4,92,1,major,G0,major,D0,4,1.0
4/4,92,1,major,G0,major,D0,4,1.0
4/4,92,1,major,G0,major,E0,4,2.0
4/4,92,1,major,G0,major,F#,4,2.0
4/4,92,1,major,G0,major,G0,4,2.0
4/4,92,1,major,G0,major,G0,4,2.0
4/4,92,1,major,G0,major,G0,4,4.0
4/4,93,1,major,G0,major,D0,5,3.0
4/4,93,1,major,G0,major,B0,4,1.0
4/4,93,1,major,G0,major,G0,4,2.0
4/4,93,1,major,G0,major,E0,4,2.0
4/4,93,1,major,G0,major,D0,4,8.0
4/4,94,1,major,D0,dominant,D0,4,1.0
4/4,94,1,major,D0,dominant,D0,4,1.0
4/4,94,1,major,D0,dominant,D0,4,1.0
4/4,94,1,major,D0,dominant,D0,4,1.0
4/4,94,1,major,D0,dominant,E0,4,2.0
4/4,94,1,major,D0,dominant,G0,4,2.0
4/4,94,1,major,D0,dominant,F#,4,2.0
4/4,94,1,major,D0,dominant,F#,4,2.0
4/4,94,1,major,D0,dominant,F#,4,4.0
4/4,95,1,major,D0,dominant,D0,5,3.0
4/4,95,1,major,D0,dominant,C0,5,1.0
4/4,95,1,major,D0,dominant,A0,4,2.0
4/4,95,1,major,D0,dominant,F#,4,2.0
4/4,95,1,major,D0,dominant,D0,4,8.0
4/4,96,1,major,G0,major,D0,4,1.0
4/4,96,1,major,G0,major,D0,4,1.0
4/4,96,1,major,G0,major,D0,4,1.0
4/4,96,1,major,G0,major,D0,4,1.0
4/4,96,1,major,G0,major,E0,4,2.0
4/4,96,1,major,G0,major,F#,4,2.0
4/4,96,1,major,G0,major,G0,4,2.0
4/4,96,1,major,G0,major,G0,4,2.0
4/4,96,1,major,G0,major,G0,4,4.0
4/4,97,1,major,G0,major,D0,4,2.0
4/4,97,1,major,G0,major,D0,4,1.0
4/4,97,1,major,G0,major,D0,4,1.0
4/4,97,1,major,G0,major,E0,4,2.0
4/4,97,1,major,G0,major,E0,4,2.0
4/4,97,1,major,G0,major,D0,4,2.0
4/4,97,1,major,G0,major,D0,4,1.0
4/4,97,1,major,G0,major,D0,4,1.0
4/4,97,1,major,G0,major,E0,4,4.0
4/4,98,1,major,D0,dominant,D0,4,1.0
4/4,98,1,major,D0,dominant,D0,4,1.0
4/4,98,1,major,D0,dominant,D0,4,1.0
4/4,98,1,major,D0,dominant,D0,4,1.0
4/4,98,1,major,D0,dominant,E0,4,2.0
4/4,98,1,major,D0,dominant,G0,4,2.0
4/4,98,1,major,D0,dominant,F#,4,2.0
4/4,98,1,major,D0,dominant,F#,4,2.0
4/4,98,1,major,D0,dominant,F#,4,4.0
4/4,99,1,major,D0,dominant,D0,4,2.0
4/4,99,1,major,D0,dominant,D0,4,1.0
4/4,99,1,major,D0,dominant,D0,4,1.0
4/4,99,1,major,D0,dominant,E0,4,2.0
4/4,99,1,major,D0,dominant,E0,4,2.0
4/4,99,1,major,D0,dominant,D0,4,2.0
4/4,99,1,major,D0,dominant,D0,4,1.0
4/4,99,1,major,D0,dominant,D0,4,1.0
4/4,99,1,major,D0,dominant,E0,4,4.0
4/4,100,1,major,G0,major,D0,4,1.0
4/4,100,1,major,G0,major,D0,4,1.0
4/4,100,1,major,G0,major,D0,4,1.0
4/4,100,1,major,G0,major,D0,4,1.0
4/4,100,1,major,G0,major,E0,4,2.0
4/4,100,1,major,G0,major,F#,4,2.0
4/4,100,1,major,G0,major,G0,4,2.0
4/4,100,1,major,G0,major,G0,4,2.0
4/4,100,1,major,G0,major,G0,4,4.0
4/4,101,1,major,G0,major,D0,4,6.0
4/4,101,1,major,G0,major,C0,4,2.0
4/4,101,1,major,G0,major,B0,3,6.0
4/4,101,1,major,G0,major,D0,4,2.0
4/4,102,1,major,D0,dominant,D0,4,2.0
4/4,102,1,major,D0,dominant,D0,4,2.0
4/4,102,1,major,D0,dominant,E0,4,3.0
4/4,102,1,major,D0,dominant,D0,4,1.0
4/4,102,1,major,D0,dominant,D0,4,2.0
4/4,102,1,major,D0,dominant,C0,4,2.0
4/4,102,1,major,D0,dominant,C0,4,4.0
4/4,103,1,major,A0,minor,E0,4,6.0
4/4,103,1,major,A0,minor,D0,4,2.0
4/4,103,1,major,A0,minor,C0,4,6.0
4/4,103,1,major,A0,minor,E0,4,2.0
4/4,104,1,major,D0,dominant,E0,4,2.0
4/4,104,1,major,D0,dominant,E0,4,2.0
4/4,104,1,major,D0,dominant,F#,4,3.0
4/4,104,1,major,D0,dominant,E0,4,1.0
4/4,104,1,major,D0,dominant,E0,4,2.0
4/4,104,1,major,D0,dominant,D0,4,2.0
4/4,104,1,major,D0,dominant,D0,4,4.0
4/4,105,1,major,G0,major,D0,4,6.0
4/4,105,1,major,G0,major,C0,4,2.0
4/4,105,1,major,G0,major,B0,3,6.0
4/4,105,1,major,G0,major,B0,3,2.0
4/4,106,1,major,G0,dominant,B0,3,2.0
4/4,106,1,major,G0,dominant,B0,3,2.0
4/4,106,1,major,G0,dominant,C0,4,2.0
4/4,106,1,major,G0,dominant,D0,4,2.0
4/4,106,1,major,G0,dominant,E0,4,8.0
4/4,107,1,major,G0,major,E0,4,1.0
4/4,107,1,major,G0,major,E0,4,1.0
4/4,107,1,major,G0,major,E0,4,1.0
4/4,107,1,major,G0,major,E0,4,1.0
4/4,107,1,major,G0,major,F#,4,2.0
4/4,107,1,major,G0,major,E0,4,2.0
4/4,107,1,major,G0,major,D0,4,1.0
4/4,107,1,major,G0,major,D0,4,1.0
4/4,107,1,major,G0,major,D0,4,1.0
4/4,107,1,major,G0,major,D0,4,1.0
4/4,107,1,major,G0,major,E0,4,2.0
4/4,107,1,major,G0,major,D0,4,2.0
4/4,108,1,major,D0,dominant,C0,4,1.0
4/4,108,1,major,D0,dominant,C0,4,1.0
4/4,108,1,major,D0,dominant,C0,4,1.0
4/4,108,1,major,D0,dominant,C0,4,1.0
4/4,108,1,major,D0,dominant,D0,4,2.0
4/4,108,1,major,D0,dominant,C0,4,2.0
4/4,108,1,major,D0,dominant,B0,3,2.0
4/4,108,1,major,D0,dominant,C0,4,2.0
4/4,108,1,major,D0,dominant,D0,4,4.0
4/4,109,1,major,C0,major,E0,4,1.0
4/4,109,1,major,C0,major,E0,4,1.0
4/4,109,1,major,C0,major,E0,4,1.0
4/4,109,1,major,C0,major,E0,4,1.0
4/4,109,1,major,C0,major,F#,4,2.0
4/4,109,1,major,C0,major,E0,4,2.0
4/4,109,1,major,C0,major,D0,4,1.0
4/4,109,1,major,C0,major,D0,4,1.0
4/4,109,1,major,C0,major,D0,4,1.0
4/4,109,1,major,C0,major,D0,4,1.0
4/4,109,1,major,C0,major,E0,4,2.0
4/4,109,1,major,C0,major,D0,4,2.0
4/4,110,1,major,D0,dominant,C0,4,1.0
4/4,110,1,major,D0,dominant,C0,4,1.0
4/4,110,1,major,D0,dominant,C0,4,1.0
4/4,110,1,major,D0,dominant,C0,4,1.0
4/4,110,1,major,D0,dominant,B0,3,2.0
4/4,110,1,major,D0,dominant,A0,3,2.0
4/4,110,1,major,D0,dominant,G0,3,2.0
4/4,110,1,major,D0,dominant,rest,0,2.0
4/4,110,1,major,D0,dominant,C0,5,2.0
4/4,110,1,major,D0,dominant,Bb,4,2.0
4/4,111,-1,major,F0,major,A0,4,8.0
4/4,111,-1,major,F0,major,C0,5,4.0
4/4,111,-1,major,F0,major,F0,5,4.0
4/4,112,-1,major,F0,major,A0,5,12.0
4/4,112,-1,major,F0,major,A0,5,2.0
4/4,112,-1,major,F0,major,A0,5,2.0
4/4,113,-1,major,F0,dominant,A0,5,8.0
4/4,113,-1,major,F0,dominant,Bb,5,4.0
4/4,113,-1,major,F0,dominant,A0,5,4.0
4/4,114,-1,major,Bb,major,D0,5,12.0
4/4,114,-1,major,Bb,major,G0,5,2.0
4/4,114,-1,major,Bb,major,F0,5,2.0
4/4,115,-1,major,C0,dominant,E0,5,2.0
4/4,115,-1,major,C0,dominant,E0,5,2.0
4/4,115,-1,major,C0,dominant,E0,5,2.0
4/4,115,-1,major,C0,dominant,D0,5,2.0
4/4,115,-1,major,C0,dominant,C0,5,4.0
4/4,115,-1,major,C0,dominant,G0,5,2.0
4/4,115,-1,major,C0,dominant,F0,5,2.0
4/4,116,-1,major,C0,dominant,E0,5,2.0
4/4,116,-1,major,C0,dominant,E0,5,2.0
4/4,116,-1,major,C0,dominant,E0,5,2.0
4/4,116,-1,major,C0,dominant,D0,5,2.0
4/4,116,-1,major,C0,dominant,C0,5,4.0
4/4,116,-1,major,C0,dominant,C0,5,2.0
4/4,116,-1,major,C0,dominant,Bb,4,2.0
4/4,117,-1,major,F0,major,A0,4,4.0
4/4,117,-1,major,F0,major,C0,5,4.0
4/4,117,-1,major,F0,major,F0,5,4.0
4/4,117,-1,major,F0,major,A0,5,4.0
4/4,118,-1,major,C0,dominant,A0,5,4.0
4/4,118,-1,major,C0,dominant,Ab,5,4.0
4/4,118,-1,major,C0,dominant,G0,5,4.0
4/4,118,-1,major,C0,dominant,C0,5,2.0
4/4,118,-1,major,C0,dominant,Bb,4,2.0
4/4,119,-1,major,F0,major,A0,4,8.0
4/4,119,-1,major,F0,major,C0,5,4.0
4/4,119,-1,major,F0,major,F0,5,4.0
4/4,120,-1,major,F0,major,A0,5,12.0
4/4,120,-1,major,F0,major,A0,5,2.0
4/4,120,-1,major,F0,major,A0,5,2.0
4/4,121,-1,major,F0,dominant,A0,5,8.0
4/4,121,-1,major,F0,dominant,Bb,5,4.0
4/4,121,-1,major,F0,dominant,A0,5,4.0
4/4,122,-1,major,Bb,major,D0,5,12.0
4/4,122,-1,major,Bb,major,G0,5,2.0
4/4,122,-1,major,Bb,major,F0,5,2.0
4/4,123,-1,major,C0,dominant,E0,5,2.0
4/4,123,-1,major,C0,dominant,E0,5,2.0
4/4,123,-1,major,C0,dominant,E0,5,2.0
4/4,123,-1,major,C0,dominant,D0,5,2.0
4/4,123,-1,major,C0,dominant,C0,5,4.0
4/4,123,-1,major,C0,dominant,G0,5,2.0
4/4,123,-1,major,C0,dominant,F0,5,2.0
4/4,124,-1,major,C0,dominant,E0,5,2.0
4/4,124,-1,major,C0,dominant,E0,5,2.0
4/4,124,-1,major,C0,dominant,E0,5,2.0
4/4,124,-1,major,C0,dominant,D0,5,2.0
4/4,124,-1,major,C0,dominant,C0,5,4.0
4/4,124,-1,major,C0,dominant,C0,5,2.0
4/4,124,-1,major,C0,dominant,C0,5,2.0
4/4,125,-1,major,C0,dominant,Bb,5,4.0
4/4,125,-1,major,C0,dominant,Bb,5,4.0
4/4,125,-1,major,C0,dominant,A0,5,4.0
4/4,125,-1,major,C0,dominant,G0,5,4.0
4/4,126,-1,major,F0,major,F0,5,8.0
4/4,126,-1,major,F0,major,rest,0,8.0
4/4,127,1,major,D0,dominant,F#,4,2.0
4/4,127,1,major,D0,dominant,F#,4,4.0
4/4,127,1,major,D0,dominant,G0,4,2.0
4/4,127,1,major,D0,dominant,F#,4,6.0
4/4,127,1,major,D0,dominant,E0,4,2.0
4/4,128,1,major,G0,major,D0,4,2.0
4/4,128,1,major,G0,major,D0,4,2.0
4/4,128,1,major,G0,major,E0,4,2.0
4/4,128,1,major,G0,major,F#,4,2.0
4/4,128,1,major,G0,major,G0,4,8.0
4/4,129,1,major,G0,major,B0,4,2.0
4/4,129,1,major,G0,major,B0,4,4.0
4/4,129,1,major,G0,major,C0,5,2.0
4/4,129,1,major,G0,major,B0,4,4.0
4/4,129,1,major,G0,major,G0,4,4.0
4/4,130,1,major,C0,major,C0,5,2.0
4/4,130,1,major,C0,major,C0,5,2.0
4/4,130,1,major,C0,major,B0,4,2.0
4/4,130,1,major,C0,major,B0,4,2.0
4/4,130,1,major,C0,major,A0,4,4.0
4/4,130,1,major,C0,major,F#,4,4.0
4/4,131,1,major,D0,dominant,D0,5,2.0
4/4,131,1,major,D0,dominant,D0,5,4.0
4/4,131,1,major,D0,dominant,E0,5,2.0
4/4,131,1,major,D0,dominant,D0,5,6.0
4/4,131,1,major,D0,dominant,D0,5,2.0
4/4,132,1,major,G0,major,D0,5,2.0
4/4,132,1,major,G0,major,D0,5,2.0
4/4,132,1,major,G0,major,C0,5,2.0
4/4,132,1,major,G0,major,C0,5,2.0
4/4,132,1,major,G0,major,B0,4,4.0
4/4,132,1,major,G0,major,G0,4,4.0
4/4,133,1,major,G0,major,B0,4,2.0
4/4,133,1,major,G0,major,B0,4,4.0
4/4,133,1,major,G0,major,C0,5,2.0
4/4,133,1,major,G0,major,B0,4,4.0
4/4,133,1,major,G0,major,G0,4,4.0
4/4,134,1,major,C0,major,C0,5,2.0
4/4,134,1,major,C0,major,C0,5,2.0
4/4,134,1,major,C0,major,B0,4,2.0
4/4,134,1,major,C0,major,B0,4,2.0
4/4,134,1,major,C0,major,A0,4,4.0
4/4,134,1,major,C0,major,F#,4,4.0
4/4,135,1,major,D0,dominant,D0,5,2.0
4/4,135,1,major,D0,dominant,D0,5,4.0
4/4,135,1,major,D0,dominant,E0,5,2.0
4/4,135,1,major,D0,dominant,D0,5,6.0
4/4,135,1,major,D0,dominant,E0,5,2.0
4/4,136,1,major,G0,major,D0,5,2.0
4/4,136,1,major,G0,major,C0,5,2.0
4/4,136,1,major,G0,major,B0,4,2.0
4/4,136,1,major,G0,major,A0,4,2.0
4/4,136,1,major,G0,major,G0,4,8.0
4/4,137,0,major,C0,major,E0,5,6.0
4/4,137,0,major,C0,major,G0,4,2.0
4/4,137,0,major,C0,major,A0,4,6.0
4/4,137,0,major,C0,major,G0,4,2.0
4/4,138,0,major,G0,dominant,C0,5,2.0
4/4,138,0,major,G0,dominant,B0,4,2.0
4/4,138,0,major,G0,dominant,A0,4,2.0
4/4,138,0,major,G0,dominant,C0,5,2.0
4/4,138,0,major,G0,dominant,B0,4,4.0
4/4,138,0,major,G0,dominant,G0,4,4.0
4/4,139,0,major,G0,dominant,F0,5,6.0
4/4,139,0,major,G0,dominant,G0,4,2.0
4/4,139,0,major,G0,dominant,A0,4,6.0
4/4,139,0,major,G0,dominant,G0,4,2.0
4/4,140,0,major,C0,major,B0,4,2.0
4/4,140,0,major,C0,major,A0,4,2.0
4/4,140,0,major,C0,major,G0,4,2.0
4/4,140,0,major,C0,major,B0,4,2.0
4/4,140,0,major,C0,major,E0,5,8.0
4/4,141,0,major,G0,dominant,G0,4,2.0
4/4,141,0,major,G0,dominant,G0,4,2.0
4/4,141,0,major,G0,dominant,A0,4,2.0
4/4,141,0,major,G0,dominant,B0,4,2.0
4/4,141,0,major,G0,dominant,C0,5,8.0
4/4,142,1,major,G0,dominant,D0,5,2.0
4/4,142,1,major,G0,dominant,C0,5,2.0
4/4,142,1,major,G0,dominant,B0,4,2.0
4/4,142,1,major,G0,dominant,A0,4,2.0
4/4,142,1,major,G0,dominant,G0,4,2.0
4/4,142,1,major,G0,dominant,G0,4,2.0
4/4,142,1,major,G0,dominant,A0,4,2.0
4/4,142,1,major,G0,dominant,G0,4,2.0
4/4,143,0,major,C0,major,C0,5,8.0
4/4,143,0,major,C0,major,C0,5,2.0
4/4,143,0,major,C0,major,G0,4,2.0
4/4,143,0,major,C0,major,A0,4,2.0
4/4,143,0,major,C0,major,G0,4,2.0
4/4,144,0,major,C0,major,C0,5,8.0
4/4,144,0,major,C0,major,C0,5,2.0
4/4,144,0,major,C0,major,G0,4,2.0
4/4,144,0,major,C0,major,A0,4,2.0
4/4,144,0,major,C0,major,B0,4,2.0
4/4,145,0,major,C0,major,C0,5,4.0
4/4,145,0,major,C0,major,E0,5,4.0
4/4,145,0,major,C0,major,A0,5,4.0
4/4,145,0,major,C0,major,A0,5,4.0
4/4,146,0,major,G0,dominant,G0,5,12.0
4/4,146,0,major,G0,dominant,G0,5,2.0
4/4,146,0,major,G0,dominant,G0,5,2.0
4/4,147,0,major,C0,major,G0,5,2.0
4/4,147,0,major,C0,major,D0,5,2.0
4/4,147,0,major,C0,major,D0,5,2.0
4/4,147,0,major,C0,major,D0,5,2.0
4/4,147,0,major,C0,major,D0,5,4.0
4/4,147,0,major,C0,major,D0,5,2.0
4/4,147,0,major,C0,major,E0,5,2.0
4/4,148,0,major,F0,major,F0,5,2.0
4/4,148,0,major,F0,major,C0,5,2.0
4/4,148,0,major,F0,major,C0,5,2.0
4/4,148,0,major,F0,major,C0,5,2.0
4/4,148,0,major,F0,major,C0,5,4.0
4/4,148,0,major,F0,major,C0,5,2.0
4/4,148,0,major,F0,major,D0,5,2.0
4/4,149,0,major,C0,major,E0,5,6.0
4/4,149,0,major,C0,major,C0,5,2.0
4/4,149,0,major,C0,major,D0,5,2.0
4/4,149,0,major,C0,major,D0,5,2.0
4/4,149,0,major,C0,major,D0,5,2.0
4/4,149,0,major,C0,major,D#,5,2.0
4/4,150,0,major,C0,major,E0,5,8.0
4/4,150,0,major,C0,major,E0,5,2.0
4/4,150,0,major,C0,major,G0,4,2.0
4/4,150,0,major,C0,major,A0,4,2.0
4/4,150,0,major,C0,major,G0,4,2.0
4/4,151,0,major,C0,major,E0,5,4.0
4/4,151,0,major,C0,major,C0,5,4.0
4/4,151,0,major,C0,major,D0,5,4.0
4/4,151,0,major,C0,major,B0,4,4.0
4/4,152,0,major,C0,major,C0,5,4.0
4/4,152,0,major,C0,major,C#,5,4.0
4/4,152,0,major,C0,major,D0,5,8.0
4/4,153,1,major,G0,major,D0,5,6.0
4/4,153,1,major,G0,major,E0,5,2.0
4/4,153,1,major,G0,major,D0,5,8.0
4/4,154,1,major,G0,major,D0,5,4.0
4/4,154,1,major,G0,major,B0,4,4.0
4/4,154,1,major,G0,major,C0,5,4.0
4/4,154,1,major,G0,major,C#,5,4.0
4/4,155,1,major,D0,dominant,D0,5,6.0
4/4,155,1,major,D0,dominant,E0,5,2.0
4/4,155,1,major,D0,dominant,D0,5,8.0
4/4,156,1,major,D0,dominant,D0,5,4.0
4/4,156,1,major,D0,dominant,D0,5,4.0
4/4,156,1,major,D0,dominant,E0,5,4.0
4/4,156,1,major,D0,dominant,F#,5,4.0
4/4,157,1,major,C0,major,G0,5,6.0
4/4,157,1,major,C0,major,E0,5,2.0
4/4,157,1,major,C0,major,C0,5,4.0
4/4,157,1,major,C0,major,F#,5,4.0
4/4,158,1,major,D0,dominant,F#,5,2.0
4/4,158,1,major,D0,dominant,F#,5,4.0
4/4,158,1,major,D0,dominant,E0,5,2.0
4/4,158,1,major,D0,dominant,C0,5,4.0
4/4,158,1,major,D0,dominant,C0,5,4.0
4/4,159,1,major,D0,dominant,F#,5,2.0
4/4,159,1,major,D0,dominant,F#,5,4.0
4/4,159,1,major,D0,dominant,F#,5,2.0
4/4,159,1,major,D0,dominant,G0,5,4.0
4/4,159,1,major,D0,dominant,A0,5,4.0
4/4,160,1,major,G0,major,G0,5,8.0
4/4,160,1,major,G0,major,G0,5,2.0
4/4,160,1,major,G0,major,D0,5,2.0
4/4,160,1,major,G0,major,E0,5,2.0
4/4,160,1,major,G0,major,F#,5,2.0
4/4,161,1,major,G0,dominant,G0,5,4.0
4/4,161,1,major,G0,dominant,F0,5,4.0
4/4,161,1,major,G0,dominant,D0,5,4.0
4/4,161,1,major,G0,dominant,B0,4,4.0
4/4,162,1,major,G0,dominant,G0,4,8.0
4/4,162,1,major,G0,dominant,G0,4,2.0
4/4,162,1,major,G0,dominant,G0,4,2.0
4/4,162,1,major,G0,dominant,A0,4,2.0
4/4,162,1,major,G0,dominant,G0,4,2.0
4/4,163,1,major,C0,major,E0,5,4.0
4/4,163,1,major,C0,major,C0,5,4.0
4/4,163,1,major,C0,major,D0,5,4.0
4/4,163,1,major,C0,major,B0,4,4.0
4/4,164,1,major,C0,major,C0,5,8.0
4/4,164,1,major,C0,major,C0,5,2.0
4/4,164,1,major,C0,major,G0,4,2.0
4/4,164,1,major,C0,major,A0,4,2.0
4/4,164,1,major,C0,major,G0,4,2.0
4/4,165,1,major,C0,major,C0,5,2.0
4/4,165,1,major,C0,major,rest,0,2.0
4/4,165,1,major,C0,major,C0,5,2.0
4/4,165,1,major,C0,major,rest,0,2.0
4/4,165,1,major,C0,major,rest,0,8.0
