time,measure,key_fifths,key_mode,chord_root,chord_type,note_root,note_octave,note_duration
4/4,1,-1,major,F0,major,F0,4,4.0
4/4,1,-1,major,F0,major,F0,4,4.0
4/4,1,-1,major,F0,major,A0,4,4.0
4/4,1,-1,major,F0,major,C0,5,4.0
4/4,1,-1,major,F0,major,C0,4,4.0
4/4,1,-1,major,F0,major,F0,4,4.0
4/4,1,-1,major,F0,major,A0,4,4.0
4/4,1,-1,major,F0,major,C0,5,4.0
4/4,2,-1,major,F0,major,F0,4,4.0
4/4,2,-1,major,F0,major,F0,4,4.0
4/4,2,-1,major,F0,major,A0,4,4.0
4/4,2,-1,major,F0,major,C0,5,4.0
4/4,2,-1,major,F0,major,C0,4,4.0
4/4,2,-1,major,F0,major,F0,4,4.0
4/4,2,-1,major,F0,major,A0,4,4.0
4/4,2,-1,major,F0,major,C0,5,4.0
4/4,3,-1,major,Bb,major,Bb,3,4.0
4/4,3,-1,major,Bb,major,Bb,3,4.0
4/4,3,-1,major,Bb,major,D0,4,4.0
4/4,3,-1,major,Bb,major,F0,4,4.0
4/4,3,-1,major,Bb,major,F0,3,4.0
4/4,3,-1,major,Bb,major,Bb,3,4.0
4/4,3,-1,major,Bb,major,D0,4,4.0
4/4,3,-1,major,Bb,major,F0,4,4.0
4/4,4,-1,major,F0,major,C0,4,4.0
4/4,4,-1,major,F0,major,F0,4,4.0
4/4,4,-1,major,F0,major,A0,4,4.0
4/4,4,-1,major,F0,major,C0,5,4.0
4/4,4,-1,major,F0,major,F0,4,4.0
4/4,4,-1,major,F0,major,F0,4,4.0
4/4,4,-1,major,F0,major,A0,4,4.0
4/4,4,-1,major,F0,major,C0,5,4.0
4/4,5,-1,major,F0,major,C0,4,4.0
4/4,5,-1,major,F0,major,F0,4,4.0
4/4,5,-1,major,F0,major,A0,4,4.0
4/4,5,-1,major,F0,major,C0,5,4.0
4/4,5,-1,major,F0,major,F0,4,4.0
4/4,5,-1,major,F0,major,F0,4,4.0
4/4,5,-1,major,F0,major,A0,4,4.0
4/4,5,-1,major,F0,major,C0,5,4.0
4/4,6,-1,major,A0,dominant,F0,4,4.0
4/4,6,-1,major,A0,dominant,A0,4,4.0
4/4,6,-1,major,A0,dominant,C0,5,4.0
4/4,6,-1,major,A0,dominant,E0,4,4.0
4/4,6,-1,major,A0,dominant,G0,4,4.0
4/4,6,-1,major,A0,dominant,A0,4,4.0
4/4,6,-1,major,A0,dominant,C#,5,4.0
4/4,6,-1,major,A0,dominant,D0,4,4.0
4/4,6,-1,major,A0,dominant,D0,4,4.0
4/4,6,-1,major,A0,dominant,F0,4,4.0
4/4,6,-1,major,A0,dominant,A0,4,4.0
4/4,7,-1,major,G0,minor,G0,4,4.0
4/4,7,-1,major,G0,minor,G0,4,4.0
4/4,7,-1,major,G0,minor,Bb,4,4.0
4/4,7,-1,major,G0,minor,D0,5,4.0
4/4,7,-1,major,G0,minor,C0,4,4.0
4/4,7,-1,major,G0,minor,Bb,3,4.0
4/4,7,-1,major,G0,minor,C0,4,4.0
4/4,7,-1,major,G0,minor,E0,4,4.0
4/4,8,-1,major,F0,major,A0,3,4.0
4/4,8,-1,major,F0,major,C0,4,4.0
4/4,8,-1,major,F0,major,F0,4,4.0
4/4,8,-1,major,F0,major,rest,0,4.0
4/4,8,-1,major,F0,major,rest,0,8.0
4/4,9,-1,major,F0,major,C0,4,4.0
4/4,9,-1,major,F0,major,C0,4,3.0
4/4,9,-1,major,F0,major,Bb,3,1.0
4/4,9,-1,major,F0,major,A0,3,3.0
4/4,9,-1,major,F0,major,C0,4,1.0
4/4,9,-1,major,F0,major,F0,4,3.0
4/4,9,-1,major,F0,major,G0,4,1.0
4/4,10,-1,major,F0,major,A0,4,3.0
4/4,10,-1,major,F0,major,A0,4,1.0
4/4,10,-1,major,F0,major,A0,4,3.0
4/4,10,-1,major,F0,major,G0,4,1.0
4/4,10,-1,major,F0,major,F0,4,8.0
4/4,11,-1,major,Bb,major,D0,4,4.0
4/4,11,-1,major,Bb,major,D0,4,3.0
4/4,11,-1,major,Bb,major,E0,4,1.0
4/4,11,-1,major,Bb,major,F0,4,3.0
4/4,11,-1,major,Bb,major,E0,4,1.0
4/4,11,-1,major,Bb,major,F0,4,3.0
4/4,11,-1,major,Bb,major,D0,4,1.0
4/4,12,-1,major,F0,major,C0,4,3.0
4/4,12,-1,major,F0,major,D0,4,1.0
4/4,12,-1,major,F0,major,C0,4,3.0
4/4,12,-1,major,F0,major,A0,3,1.0
4/4,12,-1,major,F0,major,C0,4,8.0
4/4,13,-1,major,F0,major,C0,4,4.0
4/4,13,-1,major,F0,major,C0,4,3.0
4/4,13,-1,major,F0,major,Bb,3,1.0
4/4,13,-1,major,F0,major,A0,3,3.0
4/4,13,-1,major,F0,major,C0,4,1.0
4/4,13,-1,major,F0,major,F0,4,3.0
4/4,13,-1,major,F0,major,G0,4,1.0
4/4,14,-1,major,A0,dominant,A0,4,3.0
4/4,14,-1,major,A0,dominant,A0,4,1.0
4/4,14,-1,major,A0,dominant,A0,4,3.0
4/4,14,-1,major,A0,dominant,G0,4,1.0
4/4,14,-1,major,A0,dominant,F0,4,4.0
4/4,14,-1,major,A0,dominant,F0,4,3.0
4/4,14,-1,major,A0,dominant,F0,4,1.0
4/4,15,-1,major,G0,minor,G0,4,4.0
4/4,15,-1,major,G0,minor,G0,4,4.0
4/4,15,-1,major,G0,minor,F0,4,4.0
4/4,15,-1,major,G0,minor,E0,4,4.0
4/4,16,-1,major,F0,major,F0,4,4.0
4/4,16,-1,major,F0,major,rest,0,4.0
4/4,16,-1,major,F0,major,rest,0,8.0
4/4,17,-1,major,F0,major,C0,4,4.0
4/4,17,-1,major,F0,major,C0,4,3.0
4/4,17,-1,major,F0,major,Bb,3,1.0
4/4,17,-1,major,F0,major,A0,3,3.0
4/4,17,-1,major,F0,major,C0,4,1.0
4/4,17,-1,major,F0,major,F0,4,3.0
4/4,17,-1,major,F0,major,G0,4,1.0
4/4,18,-1,major,F0,major,A0,4,4.0
4/4,18,-1,major,F0,major,G0,4,4.0
4/4,18,-1,major,F0,major,F0,4,4.0
4/4,18,-1,major,F0,major,rest,0,4.0
4/4,19,-1,major,Bb,major,D0,4,4.0
4/4,19,-1,major,Bb,major,D0,4,3.0
4/4,19,-1,major,Bb,major,E0,4,1.0
4/4,19,-1,major,Bb,major,F0,4,3.0
4/4,19,-1,major,Bb,major,G0,4,1.0
4/4,19,-1,major,Bb,major,F0,4,3.0
4/4,19,-1,major,Bb,major,D0,4,1.0
4/4,20,-1,major,F0,major,C0,4,4.0
4/4,20,-1,major,F0,major,Bb,3,4.0
4/4,20,-1,major,F0,major,A0,3,4.0
4/4,20,-1,major,F0,major,rest,0,4.0
4/4,21,-1,major,F0,major,C0,4,4.0
4/4,21,-1,major,F0,major,C0,4,3.0
4/4,21,-1,major,F0,major,Bb,3,1.0
4/4,21,-1,major,F0,major,A0,3,3.0
4/4,21,-1,major,F0,major,C0,4,1.0
4/4,21,-1,major,F0,major,F0,4,3.0
4/4,21,-1,major,F0,major,G0,4,1.0
4/4,22,-1,major,A0,dominant,A0,4,4.0
4/4,22,-1,major,A0,dominant,G0,4,4.0
4/4,22,-1,major,A0,dominant,F0,4,4.0
4/4,22,-1,major,A0,dominant,F0,4,3.0
4/4,22,-1,major,A0,dominant,F0,4,1.0
4/4,23,-1,major,G0,minor,G0,4,4.0
4/4,23,-1,major,G0,minor,G0,4,4.0
4/4,23,-1,major,G0,minor,F0,4,4.0
4/4,23,-1,major,G0,minor,E0,4,4.0
4/4,24,-1,major,F0,major,F0,4,4.0
4/4,24,-1,major,F0,major,rest,0,4.0
4/4,24,-1,major,F0,major,rest,0,8.0
