time,measure,key_fifths,key_mode,chord_root,chord_type,note_root,note_octave,note_duration
4/4,1,0,major,C0,major,E0,4,12.0
4/4,1,0,major,C0,major,E0,4,4.0
4/4,2,0,major,F0,major,F0,4,8.0
4/4,2,0,major,F0,major,D0,4,8.0
4/4,3,0,major,C0,major,E0,4,12.0
4/4,3,0,major,C0,major,E0,4,4.0
4/4,4,0,major,F0,major,F0,4,8.0
4/4,4,0,major,F0,major,G0,4,4.0
4/4,4,0,major,F0,major,F0,4,4.0
4/4,5,0,major,C0,major,E0,4,4.0
4/4,5,0,major,C0,major,D0,4,4.0
4/4,5,0,major,C0,major,E0,4,4.0
4/4,5,0,major,C0,major,F0,4,4.0
4/4,6,0,major,C0,dominant,G0,4,12.0
4/4,6,0,major,C0,dominant,A0,4,2.0
4/4,6,0,major,C0,dominant,G0,4,2.0
4/4,7,0,major,F0,major,F0,4,4.0
4/4,7,0,major,F0,major,G0,4,4.0
4/4,7,0,major,F0,major,A0,4,4.0
4/4,7,0,major,F0,major,B0,4,4.0
4/4,8,0,major,C0,major,C0,5,4.0
4/4,8,0,major,C0,major,C0,4,8.0
4/4,8,0,major,C0,major,A0,4,2.0
4/4,8,0,major,C0,major,G0,4,2.0
4/4,9,0,major,F0,major,F0,4,4.0
4/4,9,0,major,F0,major,G0,4,4.0
4/4,9,0,major,F0,major,A0,4,4.0
4/4,9,0,major,F0,major,B0,4,4.0
4/4,10,0,major,C0,major,C0,5,4.0
4/4,10,0,major,C0,major,G0,4,8.0
4/4,10,0,major,C0,major,E0,4,2.0
4/4,10,0,major,C0,major,C0,4,2.0
4/4,11,0,major,Bb,major,D0,4,16.0
4/4,12,0,major,G0,dominant,D0,4,8.0
4/4,12,0,major,G0,dominant,G0,4,4.0
4/4,12,0,major,G0,dominant,F0,4,4.0
4/4,13,0,major,C0,major,E0,4,4.0
4/4,13,0,major,C0,major,D0,4,4.0
4/4,13,0,major,C0,major,E0,4,4.0
4/4,13,0,major,C0,major,F0,4,4.0
4/4,14,0,major,C0,dominant,G0,4,12.0
4/4,14,0,major,C0,dominant,A0,4,2.0
4/4,14,0,major,C0,dominant,G0,4,2.0
4/4,15,0,major,F0,major,F0,4,4.0
4/4,15,0,major,F0,major,G0,4,4.0
4/4,15,0,major,F0,major,A0,4,4.0
4/4,15,0,major,F0,major,B0,4,4.0
4/4,16,0,major,C0,major,C0,5,4.0
4/4,16,0,major,C0,major,C0,4,8.0
4/4,16,0,major,C0,major,A0,4,2.0
4/4,16,0,major,C0,major,G0,4,2.0
4/4,17,0,major,F0,major,F0,4,4.0
4/4,17,0,major,F0,major,G0,4,4.0
4/4,17,0,major,F0,major,A0,4,4.0
4/4,17,0,major,F0,major,B0,4,4.0
4/4,18,0,major,C0,major,C0,5,4.0
4/4,18,0,major,C0,major,G0,4,8.0
4/4,18,0,major,C0,major,G0,4,2.0
4/4,18,0,major,C0,major,C0,5,2.0
4/4,19,0,major,Bb,major,D0,5,16.0
4/4,20,0,major,G0,dominant,D0,5,8.0
4/4,20,0,major,G0,dominant,G0,4,4.0
4/4,20,0,major,G0,dominant,G0,4,4.0
4/4,21,0,major,D0,minor,A0,4,8.0
4/4,21,0,major,D0,minor,A0,4,4.0
4/4,21,0,major,D0,minor,A0,4,4.0
4/4,22,0,major,G0,dominant,B0,4,4.0
4/4,22,0,major,G0,dominant,A0,4,4.0
4/4,22,0,major,G0,dominant,G0,4,4.0
4/4,22,0,major,G0,dominant,F0,4,4.0
4/4,23,0,major,E0,minor,G0,4,8.0
4/4,23,0,major,E0,minor,G0,4,4.0
4/4,23,0,major,E0,minor,G0,4,4.0
4/4,24,0,major,A0,dominant,A0,4,4.0
4/4,24,0,major,A0,dominant,G0,4,4.0
4/4,24,0,major,A0,dominant,F0,4,4.0
4/4,24,0,major,A0,dominant,E0,4,4.0
4/4,25,0,major,D0,minor,F0,4,12.0
4/4,25,0,major,D0,minor,F0,4,2.0
4/4,25,0,major,D0,minor,F0,4,2.0
4/4,26,0,major,G0,dominant,G0,4,2.0
4/4,26,0,major,G0,dominant,F0,4,2.0
4/4,26,0,major,G0,dominant,E0,4,8.0
4/4,26,0,major,G0,dominant,D0,4,4.0
4/4,27,0,major,C0,major,C0,4,16.0
4/4,28,0,major,G0,dominant,rest,0,8.0
4/4,28,0,major,G0,dominant,G0,4,4.0
4/4,28,0,major,G0,dominant,F0,4,4.0
4/4,29,0,major,C0,major,C0,4,16.0
4/4,30,0,major,Ab,dominant,rest,0,8.0
4/4,30,0,major,Ab,dominant,Ab,4,4.0
4/4,30,0,major,Ab,dominant,Gb,4,4.0
4/4,31,-5,major,Db,major,F0,4,4.0
4/4,31,-5,major,Db,major,Eb,4,4.0
4/4,31,-5,major,Db,major,F0,4,4.0
4/4,31,-5,major,Db,major,Gb,4,4.0
4/4,32,-5,major,Db,dominant,Ab,4,8.0
4/4,32,-5,major,Db,dominant,Bb,4,4.0
4/4,32,-5,major,Db,dominant,Ab,4,4.0
4/4,33,-5,major,Gb,major,Gb,4,4.0
4/4,33,-5,major,Gb,major,Ab,4,4.0
4/4,33,-5,major,Gb,major,Bb,4,4.0
4/4,33,-5,major,Gb,major,C0,5,4.0
4/4,34,-5,major,Db,major,Db,5,4.0
4/4,34,-5,major,Db,major,Db,4,8.0
4/4,34,-5,major,Db,major,Bb,4,2.0
4/4,34,-5,major,Db,major,Ab,4,2.0
4/4,35,-5,major,Gb,major,Gb,4,4.0
4/4,35,-5,major,Gb,major,Ab,4,4.0
4/4,35,-5,major,Gb,major,Bb,4,4.0
4/4,35,-5,major,Gb,major,C0,5,4.0
4/4,36,-5,major,Db,major,Db,5,4.0
4/4,36,-5,major,Db,major,Ab,4,8.0
4/4,36,-5,major,Db,major,F0,4,2.0
4/4,36,-5,major,Db,major,Db,4,2.0
4/4,37,-5,major,Cb,major,Eb,4,16.0
4/4,38,-5,major,Ab,dominant,Eb,4,8.0
4/4,38,-5,major,Ab,dominant,Ab,4,4.0
4/4,38,-5,major,Ab,dominant,Gb,4,4.0
4/4,39,-5,major,Db,major,F0,4,4.0
4/4,39,-5,major,Db,major,Eb,4,4.0
4/4,39,-5,major,Db,major,F0,4,4.0
4/4,39,-5,major,Db,major,Gb,4,4.0
4/4,40,-5,major,Db,dominant,Ab,4,12.0
4/4,40,-5,major,Db,dominant,Bb,4,2.0
4/4,40,-5,major,Db,dominant,Ab,4,2.0
4/4,41,-5,major,Gb,major,Gb,4,4.0
4/4,41,-5,major,Gb,major,Ab,4,4.0
4/4,41,-5,major,Gb,major,Bb,4,4.0
4/4,41,-5,major,Gb,major,C0,5,4.0
4/4,42,-5,major,Db,major,Db,5,4.0
4/4,42,-5,major,Db,major,Db,4,8.0
4/4,42,-5,major,Db,major,Bb,4,2.0
4/4,42,-5,major,Db,major,Ab,4,2.0
4/4,43,-5,major,Gb,major,Gb,4,4.0
4/4,43,-5,major,Gb,major,Ab,4,4.0
4/4,43,-5,major,Gb,major,Bb,4,4.0
4/4,43,-5,major,Gb,major,C0,5,4.0
4/4,44,-5,major,Db,major,Db,5,4.0
4/4,44,-5,major,Db,major,Ab,4,8.0
4/4,44,-5,major,Db,major,Ab,4,2.0
4/4,44,-5,major,Db,major,Db,5,2.0
4/4,45,-5,major,Cb,major,Eb,5,16.0
4/4,46,-5,major,Ab,dominant,Eb,5,12.0
4/4,46,-5,major,Ab,dominant,Ab,4,2.0
4/4,46,-5,major,Ab,dominant,Ab,4,2.0
4/4,47,-5,major,Eb,minor,Bb,4,8.0
4/4,47,-5,major,Eb,minor,Bb,4,4.0
4/4,47,-5,major,Eb,minor,Bb,4,4.0
4/4,48,-5,major,Ab,dominant,C0,5,4.0
4/4,48,-5,major,Ab,dominant,Bb,4,4.0
4/4,48,-5,major,Ab,dominant,Ab,4,4.0
4/4,48,-5,major,Ab,dominant,Gb,4,4.0
4/4,49,-5,major,F0,minor,Ab,4,8.0
4/4,49,-5,major,F0,minor,Ab,4,4.0
4/4,49,-5,major,F0,minor,Ab,4,4.0
4/4,50,-5,major,Bb,minor,Bb,4,4.0
4/4,50,-5,major,Bb,minor,Ab,4,4.0
4/4,50,-5,major,Bb,minor,Gb,4,4.0
4/4,50,-5,major,Bb,minor,F0,4,4.0
4/4,51,-5,major,Eb,minor,Gb,4,8.0
4/4,51,-5,major,Eb,minor,Gb,4,4.0
4/4,51,-5,major,Eb,minor,Gb,4,4.0
4/4,52,-5,major,Ab,dominant,Ab,4,2.0
4/4,52,-5,major,Ab,dominant,Bb,4,2.0
4/4,52,-5,major,Ab,dominant,Ab,4,8.0
4/4,52,-5,major,Ab,dominant,Eb,4,4.0
4/4,53,-5,major,F0,minor,F0,4,16.0
4/4,54,-5,major,Bb,minor,F0,4,12.0
4/4,54,-5,major,Bb,minor,Ab,4,2.0
4/4,54,-5,major,Bb,minor,Ab,4,2.0
4/4,55,-5,major,Ab,dominant,Ab,4,2.0
4/4,55,-5,major,Ab,dominant,Gb,4,2.0
4/4,55,-5,major,Ab,dominant,F0,4,8.0
4/4,55,-5,major,Ab,dominant,Db,4,4.0
4/4,56,-5,major,Db,major,Db,4,16.0
4/4,57,-5,major,Db,major,Db,4,16.0
4/4,58,-5,major,Db,major,Db,4,16.0
