time,measure,key_fifths,key_mode,chord_root,chord_type,note_root,note_octave,note_duration
4/4,1,0,major,[],[],rest,0,8.0
4/4,1,0,major,[],[],rest,0,4.0
4/4,1,0,major,[],[],E0,5,2.0
4/4,1,0,major,[],[],Eb,5,2.0
4/4,2,0,major,C0,major,rest,0,4.0
4/4,2,0,major,C0,major,rest,0,4.0
4/4,2,0,major,C0,major,rest,0,4.0
4/4,2,0,major,C0,major,G0,4,4.0
4/4,3,0,major,F0,major,A0,4,4.0
4/4,3,0,major,F0,major,C0,5,4.0
4/4,3,0,major,F0,major,C0,5,4.0
4/4,3,0,major,F0,major,A0,4,4.0
4/4,4,0,major,C0,major,C0,5,4.0
4/4,4,0,major,C0,major,G0,4,12.0
4/4,5,0,major,C0,major,G0,4,12.0
4/4,5,0,major,C0,major,C0,5,2.0
4/4,5,0,major,C0,major,D0,5,2.0
4/4,6,0,major,C0,major,E0,5,4.0
4/4,6,0,major,C0,major,E0,5,4.0
4/4,6,0,major,C0,major,E0,5,4.0
4/4,6,0,major,C0,major,E0,5,4.0
4/4,7,0,major,C0,major,G0,5,4.0
4/4,7,0,major,C0,major,E0,5,4.0
4/4,7,0,major,C0,major,D0,5,4.0
4/4,7,0,major,C0,major,C0,5,4.0
4/4,8,0,major,G0,dominant,D0,5,16.0
4/4,9,0,major,G0,dominant,D0,5,12.0
4/4,9,0,major,G0,dominant,G0,4,2.0
4/4,9,0,major,G0,dominant,G0,4,2.0
4/4,10,0,major,C0,major,G0,4,4.0
4/4,10,0,major,C0,major,G0,4,8.0
4/4,10,0,major,C0,major,G0,4,4.0
4/4,11,0,major,F0,major,A0,4,4.0
4/4,11,0,major,F0,major,C0,5,4.0
4/4,11,0,major,F0,major,C0,5,4.0
4/4,11,0,major,F0,major,A0,4,4.0
4/4,12,0,major,C0,major,C0,5,4.0
4/4,12,0,major,C0,major,G0,4,12.0
4/4,13,0,major,C0,major,G0,4,12.0
4/4,13,0,major,C0,major,C0,5,2.0
4/4,13,0,major,C0,major,D0,5,2.0
4/4,14,0,major,C0,major,E0,5,4.0
4/4,14,0,major,C0,major,E0,5,4.0
4/4,14,0,major,C0,major,E0,5,4.0
4/4,14,0,major,C0,major,E0,5,4.0
4/4,15,0,major,G0,dominant,F0,5,4.0
4/4,15,0,major,G0,dominant,F0,5,4.0
4/4,15,0,major,G0,dominant,E0,5,4.0
4/4,15,0,major,G0,dominant,D0,5,4.0
4/4,16,0,major,C0,major,C0,5,16.0
4/4,17,0,major,C0,major,C0,5,4.0
4/4,17,0,major,C0,major,G0,4,4.0
4/4,17,0,major,C0,major,A0,4,4.0
4/4,17,0,major,C0,major,G0,4,4.0
4/4,18,0,major,G0,dominant,D0,5,8.0
4/4,18,0,major,G0,dominant,G0,4,2.0
4/4,18,0,major,G0,dominant,A0,4,2.0
4/4,18,0,major,G0,dominant,G0,4,4.0
4/4,19,0,major,C0,major,D0,5,8.0
4/4,19,0,major,C0,major,G0,4,2.0
4/4,19,0,major,C0,major,A0,4,2.0
4/4,19,0,major,C0,major,G0,4,4.0
4/4,20,0,major,C0,major,G0,5,8.0
4/4,20,0,major,C0,major,C0,5,8.0
4/4,21,0,major,C0,major,C0,5,12.0
4/4,21,0,major,C0,major,C0,5,2.0
4/4,21,0,major,C0,major,D0,5,2.0
4/4,22,0,major,C0,major,E0,5,4.0
4/4,22,0,major,C0,major,E0,5,4.0
4/4,22,0,major,C0,major,E0,5,4.0
4/4,22,0,major,C0,major,E0,5,4.0
4/4,23,0,major,C0,major,G0,5,4.0
4/4,23,0,major,C0,major,E0,5,4.0
4/4,23,0,major,C0,major,D0,5,4.0
4/4,23,0,major,C0,major,C0,5,4.0
4/4,24,0,major,G0,dominant,D0,5,16.0
4/4,25,0,major,G0,dominant,D0,5,4.0
4/4,25,0,major,G0,dominant,rest,0,8.0
4/4,25,0,major,G0,dominant,G0,4,2.0
4/4,25,0,major,G0,dominant,G0,4,2.0
4/4,26,0,major,C0,major,G0,4,4.0
4/4,26,0,major,C0,major,G0,4,4.0
4/4,26,0,major,C0,major,G0,4,4.0
4/4,26,0,major,C0,major,G0,4,4.0
4/4,27,0,major,F0,major,A0,4,4.0
4/4,27,0,major,F0,major,C0,5,4.0
4/4,27,0,major,F0,major,C0,5,4.0
4/4,27,0,major,F0,major,C0,5,4.0
4/4,28,0,major,C0,major,G0,5,8.0
4/4,28,0,major,C0,major,C0,5,8.0
4/4,29,0,major,C0,major,G0,5,8.0
4/4,29,0,major,C0,major,C0,5,4.0
4/4,29,0,major,C0,major,C0,5,2.0
4/4,29,0,major,C0,major,D0,5,2.0
4/4,30,0,major,C0,major,rest,0,4.0
4/4,30,0,major,C0,major,E0,5,2.0
4/4,30,0,major,C0,major,E0,5,2.0
4/4,30,0,major,C0,major,E0,5,4.0
4/4,30,0,major,C0,major,E0,5,4.0
4/4,31,0,major,G0,dominant,F0,5,8.0
4/4,31,0,major,G0,dominant,E0,5,4.0
4/4,31,0,major,G0,dominant,D0,5,4.0
4/4,32,0,major,G0,dominant,C0,5,16.0
4/4,33,0,major,G0,dominant,C0,5,12.0
4/4,33,0,major,G0,dominant,rest,0,4.0
4/4,34,2,major,G0,dominant,rest,0,8.0
4/4,34,2,major,G0,dominant,rest,0,4.0
4/4,34,2,major,G0,dominant,F#,5,2.0
4/4,34,2,major,G0,dominant,F#,5,2.0
4/4,35,2,major,D0,major,F#,5,4.0
4/4,35,2,major,D0,major,A0,4,8.0
4/4,35,2,major,D0,major,A0,4,4.0
4/4,36,2,major,G0,major,B0,4,4.0
4/4,36,2,major,G0,major,D0,5,4.0
4/4,36,2,major,G0,major,D0,5,4.0
4/4,36,2,major,G0,major,B0,4,4.0
4/4,37,2,major,D0,major,D0,5,4.0
4/4,37,2,major,D0,major,A0,4,12.0
4/4,38,2,major,D0,major,A0,4,12.0
4/4,38,2,major,D0,major,D0,5,2.0
4/4,38,2,major,D0,major,E0,5,2.0
4/4,39,2,major,D0,major,F#,5,4.0
4/4,39,2,major,D0,major,F#,5,4.0
4/4,39,2,major,D0,major,F#,5,4.0
4/4,39,2,major,D0,major,F#,5,4.0
4/4,40,2,major,D0,major,A0,5,4.0
4/4,40,2,major,D0,major,F#,5,4.0
4/4,40,2,major,D0,major,E0,5,4.0
4/4,40,2,major,D0,major,D0,5,4.0
4/4,41,2,major,A0,dominant,E0,5,16.0
4/4,42,2,major,A0,dominant,E0,5,12.0
4/4,42,2,major,A0,dominant,A0,4,2.0
4/4,42,2,major,A0,dominant,A0,4,2.0
4/4,43,2,major,D0,major,A0,4,4.0
4/4,43,2,major,D0,major,A0,4,8.0
4/4,43,2,major,D0,major,A0,4,4.0
4/4,44,2,major,G0,major,B0,4,4.0
4/4,44,2,major,G0,major,D0,5,4.0
4/4,44,2,major,G0,major,D0,5,4.0
4/4,44,2,major,G0,major,B0,4,4.0
4/4,45,2,major,D0,major,D0,5,4.0
4/4,45,2,major,D0,major,A0,4,12.0
4/4,46,2,major,D0,major,Ab,4,12.0
4/4,46,2,major,D0,major,D0,5,2.0
4/4,46,2,major,D0,major,E0,5,2.0
4/4,47,2,major,D0,major,F#,5,4.0
4/4,47,2,major,D0,major,F#,5,4.0
4/4,47,2,major,D0,major,F#,5,4.0
4/4,47,2,major,D0,major,F#,5,4.0
4/4,48,2,major,A0,dominant,G0,5,4.0
4/4,48,2,major,A0,dominant,G0,5,4.0
4/4,48,2,major,A0,dominant,F#,5,4.0
4/4,48,2,major,A0,dominant,E0,5,4.0
4/4,49,2,major,D0,major,D0,5,16.0
4/4,50,2,major,D0,major,Db,5,4.0
4/4,50,2,major,D0,major,A0,4,4.0
4/4,50,2,major,D0,major,B0,4,4.0
4/4,50,2,major,D0,major,A0,4,4.0
4/4,51,2,major,A0,dominant,E0,5,8.0
4/4,51,2,major,A0,dominant,A0,4,2.0
4/4,51,2,major,A0,dominant,B0,4,2.0
4/4,51,2,major,A0,dominant,A0,4,4.0
4/4,52,2,major,D0,major,E0,5,8.0
4/4,52,2,major,D0,major,A0,4,2.0
4/4,52,2,major,D0,major,B0,4,2.0
4/4,52,2,major,D0,major,A0,4,4.0
4/4,53,2,major,D0,major,A0,5,8.0
4/4,53,2,major,D0,major,D0,5,8.0
4/4,54,2,major,D0,major,Db,5,12.0
4/4,54,2,major,D0,major,D0,5,2.0
4/4,54,2,major,D0,major,E0,5,2.0
4/4,55,2,major,D0,major,F#,5,4.0
4/4,55,2,major,D0,major,F#,5,4.0
4/4,55,2,major,D0,major,F#,5,4.0
4/4,55,2,major,D0,major,F#,5,4.0
4/4,56,2,major,D0,major,A0,5,4.0
4/4,56,2,major,D0,major,F#,5,4.0
4/4,56,2,major,D0,major,E0,5,4.0
4/4,56,2,major,D0,major,D0,5,4.0
4/4,57,2,major,A0,dominant,E0,5,16.0
4/4,58,2,major,A0,dominant,Eb,5,8.0
4/4,58,2,major,A0,dominant,rest,0,2.0
4/4,58,2,major,A0,dominant,rest,0,2.0
4/4,58,2,major,A0,dominant,A0,4,2.0
4/4,58,2,major,A0,dominant,A0,4,2.0
4/4,59,2,major,D0,major,A0,4,4.0
4/4,59,2,major,D0,major,A0,4,4.0
4/4,59,2,major,D0,major,A0,4,4.0
4/4,59,2,major,D0,major,A0,4,4.0
4/4,60,2,major,G0,major,B0,4,4.0
4/4,60,2,major,G0,major,D0,5,4.0
4/4,60,2,major,G0,major,D0,5,4.0
4/4,60,2,major,G0,major,D0,5,4.0
4/4,61,2,major,D0,major,A0,5,8.0
4/4,61,2,major,D0,major,D0,5,8.0
4/4,62,2,major,D0,major,A0,5,8.0
4/4,62,2,major,D0,major,D0,5,4.0
4/4,62,2,major,D0,major,D0,5,2.0
4/4,62,2,major,D0,major,E0,5,2.0
4/4,63,2,major,D0,major,rest,0,4.0
4/4,63,2,major,D0,major,F#,5,2.0
4/4,63,2,major,D0,major,F#,5,2.0
4/4,63,2,major,D0,major,F#,5,4.0
4/4,63,2,major,D0,major,F#,5,4.0
4/4,64,2,major,A0,dominant,G0,5,8.0
4/4,64,2,major,A0,dominant,F#,5,4.0
4/4,64,2,major,A0,dominant,E0,5,4.0
4/4,65,2,major,D0,major,D0,5,16.0
4/4,66,2,major,D0,major,Db,5,12.0
4/4,66,2,major,D0,major,rest,0,4.0
