time,measure,key_fifths,key_mode,chord_root,chord_type,note_root,note_octave,note_duration
4/4,1,-1,major,F0,major,F0,4,4.0
4/4,1,-1,major,F0,major,F0,4,8.0
4/4,1,-1,major,F0,major,F0,4,4.0
4/4,2,-1,major,Bb,major,A0,4,4.0
4/4,2,-1,major,Bb,major,A0,4,4.0
4/4,2,-1,major,Bb,major,G0,4,4.0
4/4,2,-1,major,Bb,major,G0,4,4.0
4/4,3,-1,major,F0,major,F0,4,4.0
4/4,3,-1,major,F0,major,F0,4,8.0
4/4,3,-1,major,F0,major,F0,4,4.0
4/4,4,-1,major,F0,dominant,D0,5,16.0
4/4,5,-1,major,Bb,major,F0,4,4.0
4/4,5,-1,major,Bb,major,F0,4,8.0
4/4,5,-1,major,Bb,major,F0,4,4.0
4/4,6,-1,major,Bb,minor-sixth,C0,5,16.0
4/4,7,-1,major,F0,major,F0,4,4.0
4/4,7,-1,major,F0,major,F0,4,8.0
4/4,7,-1,major,F0,major,F0,4,4.0
4/4,8,-1,major,D0,dominant,Bb,4,4.0
4/4,8,-1,major,D0,dominant,A0,4,4.0
4/4,8,-1,major,D0,dominant,G0,4,4.0
4/4,8,-1,major,D0,dominant,F0,4,4.0
4/4,9,-1,major,C0,suspended-fourth,C0,4,4.0
4/4,9,-1,major,C0,suspended-fourth,C0,4,8.0
4/4,9,-1,major,C0,suspended-fourth,C0,4,4.0
4/4,10,-1,major,C0,dominant,Bb,3,4.0
4/4,10,-1,major,C0,dominant,C0,4,4.0
4/4,10,-1,major,C0,dominant,D0,4,2.0
4/4,10,-1,major,C0,dominant,D0,4,2.0
4/4,10,-1,major,C0,dominant,E0,4,4.0
4/4,11,-1,major,F0,major,F0,4,16.0
4/4,12,-1,major,G0,minor,F0,4,8.0
4/4,12,-1,major,G0,minor,rest,0,8.0
4/4,13,-1,major,F0,major,F0,4,16.0
4/4,14,-1,major,B0,diminished,F0,4,4.0
4/4,14,-1,major,B0,diminished,C0,5,4.0
4/4,14,-1,major,B0,diminished,C0,4,4.0
4/4,14,-1,major,B0,diminished,D0,4,4.0
4/4,15,-1,major,C0,dominant,E0,4,12.0
4/4,15,-1,major,C0,dominant,C0,5,4.0
4/4,16,-1,major,C0,dominant,C0,4,4.0
4/4,16,-1,major,C0,dominant,D0,4,4.0
4/4,16,-1,major,C0,dominant,E0,4,4.0
4/4,16,-1,major,C0,dominant,G0,4,4.0
4/4,17,-1,major,F0,major,A0,4,4.0
4/4,17,-1,major,F0,major,A0,4,8.0
4/4,17,-1,major,F0,major,C0,5,4.0
4/4,18,-1,major,F0,major,A0,4,4.0
4/4,18,-1,major,F0,major,C0,5,4.0
4/4,18,-1,major,F0,major,A0,4,4.0
4/4,18,-1,major,F0,major,C0,5,4.0
4/4,19,-1,major,A0,suspended-fourth,A0,4,4.0
4/4,19,-1,major,A0,suspended-fourth,A0,4,8.0
4/4,19,-1,major,A0,suspended-fourth,C#,5,4.0
4/4,20,-1,major,A0,dominant,A0,4,4.0
4/4,20,-1,major,A0,dominant,C#,5,4.0
4/4,20,-1,major,A0,dominant,A0,4,4.0
4/4,20,-1,major,A0,dominant,C#,5,4.0
4/4,21,-1,major,D0,minor,A0,4,8.0
4/4,21,-1,major,D0,minor,Bb,4,8.0
4/4,22,-1,major,G0,dominant,G0,4,8.0
4/4,22,-1,major,G0,dominant,A0,4,8.0
4/4,23,-1,major,F0,major,F0,4,4.0
4/4,23,-1,major,F0,major,F0,4,8.0
4/4,23,-1,major,F0,major,F0,4,4.0
4/4,24,-1,major,Bb,major,A0,4,4.0
4/4,24,-1,major,Bb,major,A0,4,4.0
4/4,24,-1,major,Bb,major,G0,4,2.0
4/4,24,-1,major,Bb,major,A0,4,2.0
4/4,24,-1,major,Bb,major,G0,4,4.0
4/4,25,-1,major,F0,major,F0,4,16.0
4/4,26,-1,major,F0,major,F0,4,12.0
4/4,26,-1,major,F0,major,rest,0,4.0
3/4,27,-1,major,F0,major,rest,0,2.0
3/4,27,-1,major,F0,major,C0,4,2.0
3/4,27,-1,major,F0,major,D0,4,2.0
3/4,27,-1,major,F0,major,E0,4,2.0
3/4,27,-1,major,F0,major,F0,4,2.0
3/4,27,-1,major,F0,major,A0,4,2.0
3/4,28,-1,major,G0,minor-seventh,C0,5,12.0
3/4,29,-1,major,C0,dominant,C0,5,3.0
3/4,29,-1,major,C0,dominant,Bb,4,1.0
3/4,29,-1,major,C0,dominant,F#,4,6.0
3/4,29,-1,major,C0,dominant,G0,4,2.0
3/4,30,-1,major,F0,major,Bb,4,4.0
3/4,30,-1,major,F0,major,A0,4,6.0
3/4,30,-1,major,F0,major,F0,4,2.0
3/4,31,-1,major,F0,major,C0,4,8.0
3/4,31,-1,major,F0,major,C0,4,4.0
3/4,32,-1,major,C0,dominant,E0,4,6.0
3/4,32,-1,major,C0,dominant,C0,4,2.0
3/4,32,-1,major,C0,dominant,E0,4,4.0
3/4,33,-1,major,C0,dominant,E0,4,3.0
3/4,33,-1,major,C0,dominant,C0,4,1.0
3/4,33,-1,major,C0,dominant,G0,4,6.0
3/4,33,-1,major,C0,dominant,C0,4,2.0
3/4,34,-1,major,F0,major,A0,4,12.0
3/4,35,-1,major,F0,major,A0,4,2.0
3/4,35,-1,major,F0,major,C0,4,2.0
3/4,35,-1,major,F0,major,D0,4,2.0
3/4,35,-1,major,F0,major,E0,4,2.0
3/4,35,-1,major,F0,major,F0,4,2.0
3/4,35,-1,major,F0,major,A0,4,2.0
3/4,36,-1,major,G0,minor-seventh,C0,5,12.0
3/4,37,-1,major,C0,dominant,C0,5,3.0
3/4,37,-1,major,C0,dominant,Bb,4,1.0
3/4,37,-1,major,C0,dominant,F#,4,6.0
3/4,37,-1,major,C0,dominant,G0,4,2.0
3/4,38,-1,major,F0,major,Bb,4,4.0
3/4,38,-1,major,F0,major,A0,4,6.0
3/4,38,-1,major,F0,major,F0,4,2.0
3/4,39,-1,major,F0,major,C0,4,8.0
3/4,39,-1,major,F0,major,C0,4,4.0
3/4,40,-1,major,C0,dominant,E0,4,6.0
3/4,40,-1,major,C0,dominant,C0,4,2.0
3/4,40,-1,major,C0,dominant,E0,4,4.0
3/4,41,-1,major,C0,dominant,E0,4,3.0
3/4,41,-1,major,C0,dominant,C0,4,1.0
3/4,41,-1,major,C0,dominant,G0,4,6.0
3/4,41,-1,major,C0,dominant,C0,4,2.0
3/4,42,-1,major,F0,major,F0,4,12.0
3/4,43,-1,major,F0,major,F0,4,8.0
3/4,43,-1,major,F0,major,rest,0,4.0
3/4,44,-1,major,D0,minor-seventh,A0,4,4.0
3/4,44,-1,major,D0,minor-seventh,A0,4,4.0
3/4,44,-1,major,D0,minor-seventh,A0,4,4.0
3/4,45,-1,major,D0,minor-seventh,A0,4,4.0
3/4,45,-1,major,D0,minor-seventh,A0,4,4.0
3/4,45,-1,major,D0,minor-seventh,A0,4,4.0
3/4,46,-1,major,G0,minor-seventh,F0,4,12.0
3/4,47,-1,major,G0,minor-seventh,F0,4,12.0
3/4,48,-1,major,F0,major,A0,4,4.0
3/4,48,-1,major,F0,major,A0,4,4.0
3/4,48,-1,major,F0,major,A0,4,4.0
3/4,49,-1,major,F0,major,A0,4,4.0
3/4,49,-1,major,F0,major,A0,4,4.0
3/4,49,-1,major,F0,major,A0,4,4.0
3/4,50,-1,major,C0,dominant,C0,4,12.0
3/4,51,-1,major,C0,dominant,C0,4,12.0
