time,measure,key_fifths,key_mode,chord_root,chord_type,note_root,note_octave,note_duration
3/4,1,-3,major,Eb,major,Eb,4,8.0
3/4,1,-3,major,Eb,major,D0,4,4.0
3/4,2,-3,major,C0,minor,C0,4,4.0
3/4,2,-3,major,C0,minor,D0,4,4.0
3/4,2,-3,major,C0,minor,Eb,4,4.0
3/4,3,-3,major,F0,minor-seventh,Ab,4,8.0
3/4,3,-3,major,F0,minor-seventh,G0,4,4.0
3/4,4,-3,major,Bb,dominant,F0,4,4.0
3/4,4,-3,major,Bb,dominant,G0,4,4.0
3/4,4,-3,major,Bb,dominant,Ab,4,4.0
3/4,5,-3,major,Eb,major,Bb,4,12.0
3/4,6,-3,major,Eb,diminished,Eb,5,12.0
3/4,7,-3,major,F0,minor-seventh,Bb,4,12.0
3/4,8,-3,major,Bb,dominant,Bb,4,8.0
3/4,8,-3,major,Bb,dominant,rest,0,4.0
3/4,9,-3,major,Eb,major,Eb,4,8.0
3/4,9,-3,major,Eb,major,D0,4,4.0
3/4,10,-3,major,Eb,diminished,C0,4,4.0
3/4,10,-3,major,Eb,diminished,D0,4,4.0
3/4,10,-3,major,Eb,diminished,Eb,4,4.0
3/4,11,-3,major,F0,minor-seventh,Ab,4,8.0
3/4,11,-3,major,F0,minor-seventh,G0,4,4.0
3/4,12,-3,major,Bb,dominant,F0,4,4.0
3/4,12,-3,major,Bb,dominant,G0,4,4.0
3/4,12,-3,major,Bb,dominant,Ab,4,4.0
3/4,13,-3,major,Bb,major,Bb,4,12.0
3/4,14,-3,major,Bb,minor-sixth,Db,5,12.0
3/4,15,-3,major,C0,dominant,Bb,4,12.0
3/4,16,-3,major,C0,dominant,Bb,4,8.0
3/4,16,-3,major,C0,dominant,rest,0,4.0
3/4,17,-3,major,F0,minor,C0,5,12.0
3/4,18,-3,major,Bb,dominant,D0,5,12.0
3/4,19,-3,major,Eb,major,Eb,5,12.0
3/4,20,-3,major,C0,dominant,G0,4,4.0
3/4,20,-3,major,C0,dominant,Ab,4,4.0
3/4,20,-3,major,C0,dominant,Bb,4,4.0
3/4,21,-3,major,F0,minor,C0,5,12.0
3/4,22,-3,major,F0,dominant,C0,4,4.0
3/4,22,-3,major,F0,dominant,D0,4,4.0
3/4,22,-3,major,F0,dominant,Eb,4,4.0
3/4,23,-3,major,F0,minor-seventh,G0,4,12.0
3/4,24,-3,major,Bb,augmented-ninth,F#,4,12.0
3/4,25,-3,major,Eb,major,Eb,4,8.0
3/4,25,-3,major,Eb,major,D0,4,4.0
3/4,26,-3,major,C0,minor,C0,4,4.0
3/4,26,-3,major,C0,minor,D0,4,4.0
3/4,26,-3,major,C0,minor,Eb,4,4.0
3/4,27,-3,major,F0,minor-seventh,Ab,4,8.0
3/4,27,-3,major,F0,minor-seventh,G0,4,4.0
3/4,28,-3,major,Bb,dominant,F0,4,4.0
3/4,28,-3,major,Bb,dominant,G0,4,4.0
3/4,28,-3,major,Bb,dominant,Ab,4,4.0
3/4,29,-3,major,Eb,major,Bb,4,12.0
3/4,30,-3,major,F0,minor-seventh,Eb,5,12.0
3/4,31,-3,major,Eb,major,Eb,5,8.0
3/4,31,-3,major,Eb,major,rest,0,4.0
3/4,32,-3,major,F0,minor-seventh,rest,0,8.0
3/4,32,-3,major,F0,minor-seventh,rest,0,4.0
3/4,33,-3,major,Eb,major,Eb,5,12.0
3/4,34,-3,major,Eb,major,Eb,5,8.0
3/4,34,-3,major,Eb,major,rest,0,4.0
