time,measure,key_fifths,key_mode,chord_root,chord_type,note_root,note_octave,note_duration
4/4,1,0,major,D0,minor,D0,4,4.0
4/4,1,0,major,D0,minor,E0,4,4.0
4/4,1,0,major,D0,minor,F0,4,4.0
4/4,1,0,major,D0,minor,F0,4,4.0
4/4,2,0,major,D0,minor,F0,4,4.0
4/4,2,0,major,D0,minor,F0,4,4.0
4/4,2,0,major,D0,minor,rest,0,8.0
4/4,3,0,major,A0,major,E0,4,4.0
4/4,3,0,major,A0,major,D0,4,4.0
4/4,3,0,major,A0,major,C#,4,4.0
4/4,3,0,major,A0,major,E0,4,4.0
4/4,4,0,major,D0,minor,D0,4,4.0
4/4,4,0,major,D0,minor,D0,4,4.0
4/4,4,0,major,D0,minor,rest,0,8.0
4/4,5,0,major,F0,major,F0,4,4.0
4/4,5,0,major,F0,major,G0,4,4.0
4/4,5,0,major,F0,major,A0,4,4.0
4/4,5,0,major,F0,major,A0,4,4.0
4/4,6,0,major,F0,major,A0,4,4.0
4/4,6,0,major,F0,major,A0,4,4.0
4/4,6,0,major,F0,major,rest,0,8.0
4/4,7,0,major,C0,major,G0,4,4.0
4/4,7,0,major,C0,major,F0,4,4.0
4/4,7,0,major,C0,major,E0,4,4.0
4/4,7,0,major,C0,major,G0,4,4.0
4/4,8,0,major,F0,major,F0,4,4.0
4/4,8,0,major,F0,major,F0,4,4.0
4/4,8,0,major,F0,major,rest,0,8.0
4/4,9,0,major,D0,minor,A0,4,4.0
4/4,9,0,major,D0,minor,G0,4,4.0
4/4,9,0,major,D0,minor,F0,4,4.0
4/4,9,0,major,D0,minor,A0,4,4.0
4/4,10,0,major,G0,minor,G0,4,4.0
4/4,10,0,major,G0,minor,G0,4,4.0
4/4,10,0,major,G0,minor,rest,0,8.0
4/4,11,0,major,C0,major,G0,4,4.0
4/4,11,0,major,C0,major,F0,4,4.0
4/4,11,0,major,C0,major,E0,4,4.0
4/4,11,0,major,C0,major,G0,4,4.0
4/4,12,0,major,F0,major,F0,4,4.0
4/4,12,0,major,F0,major,F0,4,4.0
4/4,12,0,major,F0,major,rest,0,8.0
4/4,13,0,major,D0,minor,F0,4,4.0
4/4,13,0,major,D0,minor,E0,4,4.0
4/4,13,0,major,D0,minor,D0,4,4.0
4/4,13,0,major,D0,minor,F0,4,4.0
4/4,14,0,major,A0,major,E0,4,4.0
4/4,14,0,major,A0,major,E0,4,4.0
4/4,14,0,major,A0,major,rest,0,8.0
4/4,15,0,major,A0,dominant,E0,4,4.0
4/4,15,0,major,A0,dominant,D0,4,4.0
4/4,15,0,major,A0,dominant,C#,4,4.0
4/4,15,0,major,A0,dominant,E0,4,4.0
4/4,16,0,major,D0,minor,D0,4,4.0
4/4,16,0,major,D0,minor,D0,4,4.0
4/4,16,0,major,D0,minor,rest,0,8.0
