time,measure,key_fifths,key_mode,chord_root,chord_type,note_root,note_octave,note_duration
6/8,0,-1,major,[],[],F0,5,2.0
6/8,0,-1,major,[],[],E0,5,2.0
6/8,1,-1,major,F0,major,F0,5,2.0
6/8,1,-1,major,F0,major,D0,5,2.0
6/8,1,-1,major,F0,major,C#,5,2.0
6/8,1,-1,major,F0,major,D0,5,2.0
6/8,1,-1,major,F0,major,Bb,4,2.0
6/8,1,-1,major,F0,major,A0,4,2.0
6/8,2,-1,major,C0,dominant,Bb,4,6.0
6/8,2,-1,major,C0,dominant,Bb,4,2.0
6/8,2,-1,major,C0,dominant,E0,5,2.0
6/8,2,-1,major,C0,dominant,D#,5,2.0
6/8,3,-1,major,C0,dominant,E0,5,2.0
6/8,3,-1,major,C0,dominant,C0,5,2.0
6/8,3,-1,major,C0,dominant,B0,4,2.0
6/8,3,-1,major,C0,dominant,C0,5,2.0
6/8,3,-1,major,C0,dominant,A0,4,2.0
6/8,3,-1,major,C0,dominant,G#,4,2.0
6/8,4,-1,major,F0,major,A0,4,6.0
6/8,4,-1,major,F0,major,A0,4,2.0
6/8,4,-1,major,F0,major,D0,5,2.0
6/8,4,-1,major,F0,major,C#,5,2.0
6/8,5,-1,major,G0,minor-seventh,D0,5,2.0
6/8,5,-1,major,G0,minor-seventh,Bb,4,2.0
6/8,5,-1,major,G0,minor-seventh,A0,4,2.0
6/8,5,-1,major,G0,minor-seventh,Bb,4,2.0
6/8,5,-1,major,G0,minor-seventh,G0,4,2.0
6/8,5,-1,major,G0,minor-seventh,F#,4,2.0
6/8,6,-1,major,C0,dominant,G0,4,2.0
6/8,6,-1,major,C0,dominant,E0,4,2.0
6/8,6,-1,major,C0,dominant,D#,4,2.0
6/8,6,-1,major,C0,dominant,E0,4,2.0
6/8,6,-1,major,C0,dominant,F0,4,2.0
6/8,6,-1,major,C0,dominant,G0,4,2.0
6/8,7,-1,major,F0,major,F0,4,12.0
6/8,8,-1,major,F0,major,F0,4,6.0
6/8,8,-1,major,F0,major,F0,4,2.0
6/8,8,-1,major,F0,major,C0,5,2.0
6/8,8,-1,major,F0,major,B0,4,2.0
6/8,9,-1,major,F0,major,C0,5,2.0
6/8,9,-1,major,F0,major,A0,4,2.0
6/8,9,-1,major,F0,major,G#,4,2.0
6/8,9,-1,major,F0,major,A0,4,2.0
6/8,9,-1,major,F0,major,F0,4,2.0
6/8,9,-1,major,F0,major,E0,4,2.0
6/8,10,-1,major,F0,major,F0,4,2.0
6/8,10,-1,major,F0,major,C0,4,2.0
6/8,10,-1,major,F0,major,rest,0,2.0
6/8,10,-1,major,F0,major,rest,0,2.0
6/8,10,-1,major,F0,major,F0,4,2.0
6/8,10,-1,major,F0,major,A0,4,2.0
6/8,10,-1,major,F0,major,G0,4,2.0
6/8,10,-1,major,F0,major,Bb,4,2.0
6/8,11,-1,major,F0,major,A0,4,2.0
6/8,11,-1,major,F0,major,C0,5,2.0
6/8,11,-1,major,F0,major,Bb,4,2.0
6/8,11,-1,major,F0,major,D0,5,2.0
6/8,11,-1,major,F0,major,C0,5,2.0
6/8,11,-1,major,F0,major,E0,5,2.0
6/8,11,-1,major,F0,major,D0,5,2.0
6/8,11,-1,major,F0,major,F0,5,2.0
6/8,11,-1,major,F0,major,E0,5,2.0
6/8,11,-1,major,F0,major,G0,5,2.0
6/8,11,-1,major,F0,major,F0,5,2.0
6/8,11,-1,major,F0,major,A0,5,2.0
6/8,12,-1,major,C0,dominant,G0,5,2.0
6/8,12,-1,major,C0,dominant,Bb,5,2.0
6/8,12,-1,major,C0,dominant,E0,5,2.0
6/8,12,-1,major,C0,dominant,G0,5,2.0
6/8,12,-1,major,C0,dominant,rest,0,2.0
6/8,12,-1,major,C0,dominant,rest,0,2.0
6/8,12,-1,major,C0,dominant,Bb,4,2.0
6/8,12,-1,major,C0,dominant,A0,4,2.0
6/8,13,-1,major,C0,dominant,Bb,4,2.0
6/8,13,-1,major,C0,dominant,G0,4,2.0
6/8,13,-1,major,C0,dominant,F#,4,2.0
6/8,13,-1,major,C0,dominant,G0,4,2.0
6/8,13,-1,major,C0,dominant,E0,4,2.0
6/8,13,-1,major,C0,dominant,D#,4,2.0
6/8,14,-1,major,C0,dominant,E0,4,2.0
6/8,14,-1,major,C0,dominant,C0,4,2.0
6/8,14,-1,major,C0,dominant,rest,0,2.0
6/8,14,-1,major,C0,dominant,rest,0,2.0
6/8,14,-1,major,C0,dominant,E0,4,2.0
6/8,14,-1,major,C0,dominant,C0,5,2.0
6/8,14,-1,major,C0,dominant,E0,4,2.0
6/8,14,-1,major,C0,dominant,C0,5,2.0
6/8,15,-1,major,C0,dominant,E0,4,2.0
6/8,15,-1,major,C0,dominant,C0,5,2.0
6/8,15,-1,major,C0,dominant,F0,4,2.0
6/8,15,-1,major,C0,dominant,D0,5,2.0
6/8,15,-1,major,C0,dominant,E0,4,2.0
6/8,15,-1,major,C0,dominant,C0,5,2.0
6/8,15,-1,major,C0,dominant,D0,4,2.0
6/8,15,-1,major,C0,dominant,Bb,4,2.0
6/8,15,-1,major,C0,dominant,C0,4,2.0
6/8,15,-1,major,C0,dominant,A0,4,2.0
6/8,15,-1,major,C0,dominant,Bb,3,2.0
6/8,15,-1,major,C0,dominant,G0,4,2.0
6/8,16,-1,major,F0,major,C0,4,6.0
6/8,16,-1,major,F0,major,A0,4,6.0
6/8,16,-1,major,F0,major,C0,4,2.0
6/8,16,-1,major,F0,major,A0,4,2.0
6/8,16,-1,major,F0,major,C0,6,2.0
6/8,16,-1,major,F0,major,B0,5,2.0
6/8,17,-1,major,F0,major,C0,6,2.0
6/8,17,-1,major,F0,major,A0,5,2.0
6/8,17,-1,major,F0,major,G#,5,2.0
6/8,17,-1,major,F0,major,A0,5,2.0
6/8,17,-1,major,F0,major,F0,5,2.0
6/8,17,-1,major,F0,major,E0,5,2.0
6/8,18,-1,major,F0,major,F0,5,2.0
6/8,18,-1,major,F0,major,C0,5,2.0
6/8,18,-1,major,F0,major,rest,0,2.0
6/8,18,-1,major,F0,major,rest,0,2.0
6/8,18,-1,major,F0,major,A0,4,2.0
6/8,18,-1,major,F0,major,Bb,4,2.0
6/8,19,-1,major,F0,major,C0,5,2.0
6/8,19,-1,major,F0,major,D0,5,2.0
6/8,19,-1,major,F0,major,E0,5,2.0
6/8,19,-1,major,F0,major,F0,5,2.0
6/8,19,-1,major,F0,major,G0,5,2.0
6/8,19,-1,major,F0,major,A0,5,2.0
6/8,20,-1,major,C0,dominant,Bb,5,2.0
6/8,20,-1,major,C0,dominant,G0,5,2.0
6/8,20,-1,major,C0,dominant,rest,0,2.0
6/8,20,-1,major,C0,dominant,rest,0,2.0
6/8,20,-1,major,C0,dominant,Bb,5,2.0
6/8,20,-1,major,C0,dominant,A0,5,2.0
6/8,21,-1,major,C0,dominant,Bb,5,2.0
6/8,21,-1,major,C0,dominant,G0,5,2.0
6/8,21,-1,major,C0,dominant,F#,5,2.0
6/8,21,-1,major,C0,dominant,G0,5,2.0
6/8,21,-1,major,C0,dominant,E0,5,2.0
6/8,21,-1,major,C0,dominant,D#,5,2.0
6/8,22,-1,major,C0,dominant,E0,5,2.0
6/8,22,-1,major,C0,dominant,C0,5,2.0
6/8,22,-1,major,C0,dominant,rest,0,2.0
6/8,22,-1,major,C0,dominant,rest,0,2.0
6/8,22,-1,major,C0,dominant,C0,6,2.0
6/8,22,-1,major,C0,dominant,C0,6,2.0
6/8,23,-1,major,C0,dominant,C0,6,2.0
6/8,23,-1,major,C0,dominant,D0,6,2.0
6/8,23,-1,major,C0,dominant,C0,6,2.0
6/8,23,-1,major,C0,dominant,Bb,5,2.0
6/8,23,-1,major,C0,dominant,A0,5,2.0
6/8,23,-1,major,C0,dominant,G0,5,2.0
6/8,24,-1,major,F0,major,F0,5,6.0
6/8,24,-1,major,F0,major,F0,5,2.0
6/8,24,-1,major,F0,major,B0,4,2.0
6/8,24,-1,major,F0,major,G0,5,2.0
6/8,24,-1,major,F0,major,B0,4,2.0
6/8,24,-1,major,F0,major,G0,5,2.0
6/8,25,-1,major,G0,dominant,B0,4,2.0
6/8,25,-1,major,G0,dominant,G0,5,2.0
6/8,25,-1,major,G0,dominant,F0,4,2.0
6/8,25,-1,major,G0,dominant,D0,5,2.0
6/8,25,-1,major,G0,dominant,F0,4,2.0
6/8,25,-1,major,G0,dominant,D0,5,2.0
6/8,25,-1,major,G0,dominant,F0,4,2.0
6/8,25,-1,major,G0,dominant,D0,5,2.0
6/8,25,-1,major,G0,dominant,A0,4,2.0
6/8,25,-1,major,G0,dominant,F0,5,2.0
6/8,25,-1,major,G0,dominant,A0,4,2.0
6/8,25,-1,major,G0,dominant,F0,5,2.0
6/8,26,-1,major,C0,major,A0,4,2.0
6/8,26,-1,major,C0,major,F0,5,2.0
6/8,26,-1,major,C0,major,G0,4,4.0
6/8,26,-1,major,C0,major,E0,5,4.0
6/8,26,-1,major,C0,major,G0,4,2.0
6/8,26,-1,major,C0,major,E0,5,2.0
6/8,26,-1,major,C0,major,B0,4,2.0
6/8,26,-1,major,C0,major,G0,5,2.0
6/8,26,-1,major,C0,major,B0,4,2.0
6/8,26,-1,major,C0,major,G0,5,2.0
6/8,27,-1,major,G0,dominant,B0,4,2.0
6/8,27,-1,major,G0,dominant,G0,5,2.0
6/8,27,-1,major,G0,dominant,F0,4,2.0
6/8,27,-1,major,G0,dominant,D0,5,2.0
6/8,27,-1,major,G0,dominant,F0,4,2.0
6/8,27,-1,major,G0,dominant,D0,5,2.0
6/8,27,-1,major,G0,dominant,F0,4,2.0
6/8,27,-1,major,G0,dominant,D0,5,2.0
6/8,27,-1,major,G0,dominant,A0,4,2.0
6/8,27,-1,major,G0,dominant,F0,5,2.0
6/8,27,-1,major,G0,dominant,A0,4,2.0
6/8,27,-1,major,G0,dominant,F0,5,2.0
6/8,28,-1,major,C0,major,G0,4,6.0
6/8,28,-1,major,C0,major,E0,5,6.0
6/8,28,-1,major,C0,major,G0,4,2.0
6/8,28,-1,major,C0,major,E0,5,2.0
6/8,28,-1,major,C0,major,B0,4,2.0
6/8,28,-1,major,C0,major,G0,5,2.0
6/8,28,-1,major,C0,major,B0,4,2.0
6/8,28,-1,major,C0,major,G0,5,2.0
6/8,29,-1,major,G0,dominant,B0,4,2.0
6/8,29,-1,major,G0,dominant,G0,5,2.0
6/8,29,-1,major,G0,dominant,F0,4,2.0
6/8,29,-1,major,G0,dominant,D0,5,2.0
6/8,29,-1,major,G0,dominant,F0,4,2.0
6/8,29,-1,major,G0,dominant,D0,5,2.0
6/8,29,-1,major,G0,dominant,F0,4,2.0
6/8,29,-1,major,G0,dominant,D0,5,2.0
6/8,29,-1,major,G0,dominant,A0,4,2.0
6/8,29,-1,major,G0,dominant,F0,5,2.0
6/8,29,-1,major,G0,dominant,A0,4,2.0
6/8,29,-1,major,G0,dominant,F0,5,2.0
6/8,30,-1,major,C0,major,A0,4,2.0
6/8,30,-1,major,C0,major,F0,5,2.0
6/8,30,-1,major,C0,major,G0,4,4.0
6/8,30,-1,major,C0,major,E0,5,4.0
6/8,30,-1,major,C0,major,G0,4,2.0
6/8,30,-1,major,C0,major,E0,5,2.0
6/8,30,-1,major,C0,major,B0,4,2.0
6/8,30,-1,major,C0,major,G0,5,2.0
6/8,30,-1,major,C0,major,B0,4,2.0
6/8,30,-1,major,C0,major,G0,5,2.0
6/8,31,-1,major,G0,dominant,B0,4,2.0
6/8,31,-1,major,G0,dominant,G0,5,2.0
6/8,31,-1,major,G0,dominant,C0,5,2.0
6/8,31,-1,major,G0,dominant,A0,5,2.0
6/8,31,-1,major,G0,dominant,B0,4,2.0
6/8,31,-1,major,G0,dominant,G0,5,2.0
6/8,31,-1,major,G0,dominant,A0,4,2.0
6/8,31,-1,major,G0,dominant,F0,5,2.0
6/8,31,-1,major,G0,dominant,G0,4,2.0
6/8,31,-1,major,G0,dominant,E0,5,2.0
6/8,31,-1,major,G0,dominant,F0,4,2.0
6/8,31,-1,major,G0,dominant,D0,5,2.0
6/8,32,-1,major,C0,major,E0,4,6.0
6/8,32,-1,major,C0,major,C0,5,6.0
6/8,32,-1,major,C0,major,E0,4,2.0
6/8,32,-1,major,C0,major,C0,5,2.0
6/8,32,-1,major,C0,major,C0,5,2.0
6/8,32,-1,major,C0,major,B0,4,2.0
6/8,33,-1,major,C0,dominant,C0,6,2.0
6/8,33,-1,major,C0,dominant,D0,6,2.0
6/8,33,-1,major,C0,dominant,C0,6,2.0
6/8,33,-1,major,C0,dominant,Bb,5,2.0
6/8,33,-1,major,C0,dominant,A0,5,2.0
6/8,33,-1,major,C0,dominant,G0,5,2.0
6/8,34,-1,major,C0,dominant,C0,5,2.0
6/8,34,-1,major,C0,dominant,D0,5,2.0
6/8,34,-1,major,C0,dominant,C0,5,2.0
6/8,34,-1,major,C0,dominant,Bb,4,2.0
6/8,34,-1,major,C0,dominant,A0,4,2.0
6/8,34,-1,major,C0,dominant,G0,4,2.0
6/8,35,-1,major,C0,dominant,C0,4,2.0
6/8,35,-1,major,C0,dominant,D0,4,2.0
6/8,35,-1,major,C0,dominant,C0,4,2.0
6/8,35,-1,major,C0,dominant,C#,4,2.0
6/8,35,-1,major,C0,dominant,D0,4,2.0
6/8,35,-1,major,C0,dominant,E0,4,2.0
6/8,36,-1,major,F0,major,F0,4,6.0
6/8,36,-1,major,F0,major,F0,4,2.0
6/8,36,-1,major,F0,major,rest,0,2.0
6/8,36,-1,major,F0,major,rest,0,2.0
6/8,37,-1,major,F0,major,C0,5,0
6/8,37,-1,major,F0,major,D0,5,0
6/8,37,-1,major,F0,major,E0,5,0
6/8,37,-1,major,F0,major,A0,4,2.0
6/8,37,-1,major,F0,major,F0,5,2.0
6/8,37,-1,major,F0,major,rest,0,2.0
6/8,37,-1,major,F0,major,rest,0,2.0
6/8,37,-1,major,F0,major,C0,5,0
6/8,37,-1,major,F0,major,D0,5,0
6/8,37,-1,major,F0,major,E0,5,0
6/8,37,-1,major,F0,major,A0,4,2.0
6/8,37,-1,major,F0,major,F0,5,2.0
6/8,37,-1,major,F0,major,rest,0,2.0
6/8,37,-1,major,F0,major,rest,0,2.0
6/8,38,-1,major,F0,major,C0,5,0
6/8,38,-1,major,F0,major,D0,5,0
6/8,38,-1,major,F0,major,E0,5,0
6/8,38,-1,major,F0,major,A0,4,2.0
6/8,38,-1,major,F0,major,F0,5,2.0
6/8,38,-1,major,F0,major,rest,0,2.0
6/8,38,-1,major,F0,major,rest,0,2.0
6/8,38,-1,major,F0,major,rest,0,4.0
6/8,38,-1,major,F0,major,rest,0,2.0
