time,measure,key_fifths,key_mode,chord_root,chord_type,note_root,note_octave,note_duration
6/8,1,1,major,G0,,D0,5,12.0
6/8,2,1,major,Bb,major-seventh,A0,5,4.0
6/8,2,1,major,Bb,major-seventh,G0,5,8.0
6/8,3,1,major,C0,major-ninth,F#,5,6.0
6/8,3,1,major,C0,major-ninth,E0,5,2.0
6/8,3,1,major,C0,major-ninth,D0,5,2.0
6/8,3,1,major,C0,major-ninth,C0,5,2.0
6/8,4,1,major,G0,,D0,5,8.0
6/8,4,1,major,G0,,G0,4,4.0
6/8,5,1,major,C0,major-ninth,F#,5,6.0
6/8,5,1,major,C0,major-ninth,E0,5,2.0
6/8,5,1,major,C0,major-ninth,D0,5,2.0
6/8,5,1,major,C0,major-ninth,C0,5,2.0
6/8,6,1,major,G0,,D0,5,8.0
6/8,6,1,major,G0,,G0,4,4.0
6/8,7,1,major,A0,minor,A0,4,12.0
6/8,8,1,major,D0,dominant,rest,0,4.0
6/8,8,1,major,D0,dominant,rest,0,4.0
6/8,8,1,major,D0,dominant,B0,4,4.0
6/8,9,1,major,E0,minor,G0,4,12.0
6/8,10,1,major,C0,major-seventh,D0,5,4.0
6/8,10,1,major,C0,major-seventh,B0,4,6.0
6/8,10,1,major,C0,major-seventh,A0,4,2.0
6/8,11,1,major,C0,,G0,4,12.0
6/8,12,1,major,E0,minor,D0,5,4.0
6/8,12,1,major,E0,minor,B0,4,6.0
6/8,12,1,major,E0,minor,A0,4,2.0
6/8,13,1,major,E0,minor-seventh,G0,4,4.0
6/8,13,1,major,E0,minor-seventh,B0,4,4.0
6/8,13,1,major,E0,minor-seventh,D0,5,4.0
6/8,14,1,major,E0,diminished,G0,5,4.0
6/8,14,1,major,E0,diminished,F#,5,6.0
6/8,14,1,major,E0,diminished,E0,5,2.0
6/8,15,1,major,A0,minor,F#,5,2.0
6/8,15,1,major,A0,minor,E0,5,2.0
6/8,15,1,major,A0,minor,E0,5,6.0
6/8,15,1,major,A0,minor,D0,5,2.0
6/8,16,1,major,D0,dominant,E0,5,8.0
6/8,16,1,major,D0,dominant,rest,0,4.0
6/8,17,1,major,G0,major,D0,5,12.0
6/8,18,1,major,Bb,major-seventh,A0,5,4.0
6/8,18,1,major,Bb,major-seventh,G0,5,8.0
6/8,19,1,major,C0,major-ninth,F#,5,6.0
6/8,19,1,major,C0,major-ninth,E0,5,2.0
6/8,19,1,major,C0,major-ninth,D0,5,2.0
6/8,19,1,major,C0,major-ninth,C0,5,2.0
6/8,20,1,major,G0,,D0,5,8.0
6/8,20,1,major,G0,,G0,4,4.0
6/8,21,1,major,C0,major-ninth,F#,5,6.0
6/8,21,1,major,C0,major-ninth,E0,5,2.0
6/8,21,1,major,C0,major-ninth,D0,5,2.0
6/8,21,1,major,C0,major-ninth,C0,5,2.0
6/8,22,1,major,G0,major,D0,5,8.0
6/8,22,1,major,G0,major,G0,4,4.0
6/8,23,1,major,A0,minor,A0,4,12.0
6/8,24,1,major,D0,dominant,rest,0,4.0
6/8,24,1,major,D0,dominant,rest,0,4.0
6/8,24,1,major,D0,dominant,B0,4,4.0
6/8,25,1,major,E0,minor,G0,4,4.0
6/8,25,1,major,E0,minor,B0,4,4.0
6/8,25,1,major,E0,minor,D0,5,4.0
6/8,26,1,major,C0,major-seventh,G0,5,12.0
6/8,27,1,major,Bb,,A0,5,8.0
6/8,27,1,major,Bb,,G0,5,4.0
6/8,28,1,major,G0,major,D0,5,12.0
6/8,29,1,major,C0,major-ninth,rest,0,4.0
6/8,29,1,major,C0,major-ninth,F#,5,2.0
6/8,29,1,major,C0,major-ninth,E0,5,2.0
6/8,29,1,major,C0,major-ninth,D0,5,2.0
6/8,29,1,major,C0,major-ninth,C0,5,2.0
6/8,30,1,major,G0,major,D0,5,12.0
6/8,31,1,major,C0,major-ninth,rest,0,2.0
6/8,31,1,major,C0,major-ninth,G0,4,2.0
6/8,31,1,major,C0,major-ninth,F#,5,2.0
6/8,31,1,major,C0,major-ninth,E0,5,2.0
6/8,31,1,major,C0,major-ninth,D0,5,2.0
6/8,31,1,major,C0,major-ninth,C0,5,2.0
6/8,32,1,major,B0,minor,D0,5,8.0
6/8,32,1,major,B0,minor,rest,0,4.0
6/8,33,1,major,A0,minor,G0,4,12.0
6/8,34,1,major,D0,dominant,C0,5,4.0
6/8,34,1,major,D0,dominant,A0,4,8.0
6/8,35,1,major,C0,dominant-ninth,rest,0,4.0
6/8,35,1,major,C0,dominant-ninth,rest,0,4.0
6/8,35,1,major,C0,dominant-ninth,B0,4,4.0
6/8,36,1,major,G0,major,G0,4,12.0
