time,measure,key_fifths,key_mode,chord_root,chord_type,note_root,note_octave,note_duration
4/4,1,3,major,A0,major,rest,0,16.0
4/4,2,3,major,C#,minor,rest,0,16.0
4/4,3,3,major,A0,major,rest,0,16.0
4/4,4,3,major,C#,minor,rest,0,16.0
4/4,5,3,major,A0,major,rest,0,4.0
4/4,5,3,major,A0,major,A0,4,2.0
4/4,5,3,major,A0,major,A0,4,1.0
4/4,5,3,major,A0,major,A0,4,1.0
4/4,5,3,major,A0,major,A0,4,2.0
4/4,5,3,major,A0,major,A0,4,2.0
4/4,5,3,major,A0,major,A0,4,2.0
4/4,5,3,major,A0,major,C#,5,1.0
4/4,5,3,major,A0,major,C#,5,1.0
4/4,6,3,major,C#,minor,C#,5,16.0
4/4,7,3,major,A0,major,rest,0,4.0
4/4,7,3,major,A0,major,rest,0,2.0
4/4,7,3,major,A0,major,A0,4,1.0
4/4,7,3,major,A0,major,A0,4,1.0
4/4,7,3,major,A0,major,A0,4,2.0
4/4,7,3,major,A0,major,A0,4,2.0
4/4,7,3,major,A0,major,A0,4,2.0
4/4,7,3,major,A0,major,A0,4,2.0
4/4,8,3,major,C#,minor,rest,0,2.0
4/4,8,3,major,C#,minor,C#,5,2.0
4/4,8,3,major,C#,minor,C#,5,3.0
4/4,8,3,major,C#,minor,C#,5,1.0
4/4,8,3,major,C#,minor,C#,5,1.0
4/4,8,3,major,C#,minor,B0,4,1.0
4/4,8,3,major,C#,minor,A0,4,4.0
4/4,8,3,major,C#,minor,rest,0,2.0
4/4,9,3,major,A0,major,rest,0,2.0
4/4,9,3,major,A0,major,E0,5,1.0
4/4,9,3,major,A0,major,E0,5,1.0
4/4,9,3,major,A0,major,E0,5,2.0
4/4,9,3,major,A0,major,D0,5,1.0
4/4,9,3,major,A0,major,C#,5,1.0
4/4,9,3,major,A0,major,C#,5,8.0
4/4,10,3,major,C#,minor,rest,0,2.0
4/4,10,3,major,C#,minor,E0,5,2.0
4/4,10,3,major,C#,minor,E0,5,2.0
4/4,10,3,major,C#,minor,D0,5,2.0
4/4,10,3,major,C#,minor,C#,5,2.0
4/4,10,3,major,C#,minor,B0,4,1.0
4/4,10,3,major,C#,minor,C#,5,1.0
4/4,10,3,major,C#,minor,C#,5,1.0
4/4,10,3,major,C#,minor,C#,5,3.0
4/4,11,3,major,A0,major,rest,0,1.0
4/4,11,3,major,A0,major,A0,4,1.0
4/4,11,3,major,A0,major,E0,5,1.0
4/4,11,3,major,A0,major,E0,5,1.0
4/4,11,3,major,A0,major,E0,5,1.0
4/4,11,3,major,A0,major,E0,5,2.0
4/4,11,3,major,A0,major,E0,5,1.0
4/4,11,3,major,A0,major,E0,5,2.0
4/4,11,3,major,A0,major,C#,5,1.0
4/4,11,3,major,A0,major,E0,5,1.0
4/4,11,3,major,A0,major,E0,5,4.0
4/4,12,3,major,C#,minor,rest,0,2.0
4/4,12,3,major,C#,minor,E0,5,1.0
4/4,12,3,major,C#,minor,E0,5,1.0
4/4,12,3,major,C#,minor,E0,5,1.0
4/4,12,3,major,C#,minor,E0,5,2.0
4/4,12,3,major,C#,minor,E0,5,1.0
4/4,12,3,major,C#,minor,E0,5,4.0
4/4,12,3,major,C#,minor,G#,5,2.0
4/4,12,3,major,C#,minor,A0,5,1.0
4/4,12,3,major,C#,minor,A0,5,1.0
4/4,13,3,major,F#,minor,A0,5,4.0
4/4,13,3,major,F#,minor,rest,0,2.0
4/4,13,3,major,F#,minor,G#,5,2.0
4/4,13,3,major,F#,minor,G#,5,2.0
4/4,13,3,major,F#,minor,G#,5,2.0
4/4,13,3,major,F#,minor,G#,5,2.0
4/4,13,3,major,F#,minor,A0,5,1.0
4/4,13,3,major,F#,minor,A0,5,1.0
4/4,14,3,major,F#,minor,A0,5,4.0
4/4,14,3,major,F#,minor,rest,0,2.0
4/4,14,3,major,F#,minor,G#,5,2.0
4/4,14,3,major,F#,minor,G#,5,2.0
4/4,14,3,major,F#,minor,G#,5,2.0
4/4,14,3,major,F#,minor,G#,5,2.0
4/4,14,3,major,F#,minor,A0,5,1.0
4/4,14,3,major,F#,minor,A0,5,1.0
4/4,15,3,major,F#,minor,A0,5,4.0
4/4,15,3,major,F#,minor,rest,0,2.0
4/4,15,3,major,F#,minor,G#,5,2.0
4/4,15,3,major,F#,minor,G#,5,2.0
4/4,15,3,major,F#,minor,G#,5,2.0
4/4,15,3,major,F#,minor,G#,5,2.0
4/4,15,3,major,F#,minor,G#,5,2.0
4/4,16,3,major,E0,major,G#,5,4.0
4/4,16,3,major,E0,major,G#,5,2.0
4/4,16,3,major,E0,major,A0,5,2.0
4/4,16,3,major,E0,major,A0,5,2.0
4/4,16,3,major,E0,major,B0,5,2.0
4/4,16,3,major,E0,major,B0,5,2.0
4/4,16,3,major,E0,major,A0,5,2.0
4/4,17,3,major,F#,minor,A0,5,2.0
4/4,17,3,major,F#,minor,rest,0,1.0
4/4,17,3,major,F#,minor,C#,5,1.0
4/4,17,3,major,F#,minor,A0,5,2.0
4/4,17,3,major,F#,minor,G#,5,2.0
4/4,17,3,major,F#,minor,G#,5,2.0
4/4,17,3,major,F#,minor,A0,5,6.0
4/4,18,3,major,E0,major,B0,5,2.0
4/4,18,3,major,E0,major,B0,5,2.0
4/4,18,3,major,E0,major,A0,5,2.0
4/4,18,3,major,E0,major,G#,5,2.0
4/4,18,3,major,E0,major,G#,5,2.0
4/4,18,3,major,E0,major,A0,5,2.0
4/4,18,3,major,E0,major,G#,5,2.0
4/4,18,3,major,E0,major,F#,5,2.0
4/4,19,3,major,F#,minor,rest,0,1.0
4/4,19,3,major,F#,minor,rest,0,2.0
4/4,19,3,major,F#,minor,C#,5,1.0
4/4,19,3,major,F#,minor,A0,5,2.0
4/4,19,3,major,F#,minor,G#,5,2.0
4/4,19,3,major,F#,minor,G#,5,2.0
4/4,19,3,major,F#,minor,A0,5,6.0
4/4,20,3,major,E0,major,B0,5,2.0
4/4,20,3,major,E0,major,B0,5,2.0
4/4,20,3,major,E0,major,A0,5,2.0
4/4,20,3,major,E0,major,G#,5,2.0
4/4,20,3,major,E0,major,G#,5,2.0
4/4,20,3,major,E0,major,A0,5,2.0
4/4,20,3,major,E0,major,G#,5,1.0
4/4,20,3,major,E0,major,F#,5,3.0
4/4,21,3,major,F#,minor,rest,0,2.0
4/4,21,3,major,F#,minor,rest,0,1.0
4/4,21,3,major,F#,minor,C#,5,1.0
4/4,21,3,major,F#,minor,A0,5,2.0
4/4,21,3,major,F#,minor,G#,5,2.0
4/4,21,3,major,F#,minor,G#,5,2.0
4/4,21,3,major,F#,minor,A0,5,6.0
4/4,22,3,major,E0,major,B0,5,4.0
4/4,22,3,major,E0,major,A0,5,2.0
4/4,22,3,major,E0,major,G#,5,2.0
4/4,22,3,major,E0,major,G#,5,2.0
4/4,22,3,major,E0,major,A0,5,2.0
4/4,22,3,major,E0,major,G#,5,2.0
4/4,22,3,major,E0,major,A0,5,2.0
4/4,23,3,major,F#,minor,rest,0,2.0
4/4,23,3,major,F#,minor,rest,0,1.0
4/4,23,3,major,F#,minor,C#,5,1.0
4/4,23,3,major,F#,minor,A0,5,2.0
4/4,23,3,major,F#,minor,G#,5,2.0
4/4,23,3,major,F#,minor,G#,5,2.0
4/4,23,3,major,F#,minor,A0,5,6.0
4/4,24,3,major,E0,major,A0,5,1.0
4/4,24,3,major,E0,major,G#,5,3.0
4/4,24,3,major,E0,major,G#,5,12.0
4/4,25,3,major,E0,major,rest,0,8.0
4/4,25,3,major,E0,major,G#,5,6.0
4/4,25,3,major,E0,major,A0,5,2.0
4/4,26,3,major,A0,major,A0,5,16.0
4/4,27,3,major,C#,minor,rest,0,16.0
4/4,28,3,major,A0,major,rest,0,16.0
4/4,29,3,major,C#,minor,rest,0,16.0
4/4,30,3,major,A0,major,rest,0,4.0
4/4,30,3,major,A0,major,A0,4,2.0
4/4,30,3,major,A0,major,A0,4,1.0
4/4,30,3,major,A0,major,A0,4,1.0
4/4,30,3,major,A0,major,A0,4,2.0
4/4,30,3,major,A0,major,A0,4,2.0
4/4,30,3,major,A0,major,A0,4,2.0
4/4,30,3,major,A0,major,C#,5,1.0
4/4,30,3,major,A0,major,C#,5,1.0
4/4,31,3,major,C#,minor,C#,5,16.0
4/4,32,3,major,A0,major,rest,0,4.0
4/4,32,3,major,A0,major,rest,0,2.0
4/4,32,3,major,A0,major,A0,4,1.0
4/4,32,3,major,A0,major,A0,4,1.0
4/4,32,3,major,A0,major,A0,4,2.0
4/4,32,3,major,A0,major,A0,4,1.0
4/4,32,3,major,A0,major,A0,4,1.0
4/4,32,3,major,A0,major,A0,4,1.0
4/4,32,3,major,A0,major,A0,4,1.0
4/4,32,3,major,A0,major,G#,4,2.0
4/4,33,3,major,C#,minor,rest,0,2.0
4/4,33,3,major,C#,minor,C#,5,2.0
4/4,33,3,major,C#,minor,C#,5,3.0
4/4,33,3,major,C#,minor,C#,5,1.0
4/4,33,3,major,C#,minor,C#,5,2.0
4/4,33,3,major,C#,minor,B0,4,1.0
4/4,33,3,major,C#,minor,C#,5,1.0
4/4,33,3,major,C#,minor,C#,5,1.0
4/4,33,3,major,C#,minor,D0,5,1.0
4/4,33,3,major,C#,minor,C#,5,2.0
4/4,34,3,major,A0,major,rest,0,1.0
4/4,34,3,major,A0,major,rest,0,2.0
4/4,34,3,major,A0,major,A0,4,1.0
4/4,34,3,major,A0,major,A0,4,3.0
4/4,34,3,major,A0,major,A0,4,1.0
4/4,34,3,major,A0,major,A0,4,3.0
4/4,34,3,major,A0,major,A0,4,1.0
4/4,34,3,major,A0,major,A0,4,3.0
4/4,34,3,major,A0,major,C#,5,1.0
4/4,35,3,major,C#,minor,C#,5,2.0
4/4,35,3,major,C#,minor,C#,5,2.0
4/4,35,3,major,C#,minor,C#,5,2.0
4/4,35,3,major,C#,minor,E0,5,1.0
4/4,35,3,major,C#,minor,C#,5,1.0
4/4,35,3,major,C#,minor,C#,5,1.0
4/4,35,3,major,C#,minor,B0,4,1.0
4/4,35,3,major,C#,minor,A0,4,6.0
4/4,36,3,major,A0,major,rest,0,2.0
4/4,36,3,major,A0,major,E0,5,2.0
4/4,36,3,major,A0,major,E0,5,2.0
4/4,36,3,major,A0,major,D0,5,1.0
4/4,36,3,major,A0,major,C#,5,1.0
4/4,36,3,major,A0,major,C#,5,8.0
4/4,37,3,major,C#,minor,rest,0,2.0
4/4,37,3,major,C#,minor,E0,5,2.0
4/4,37,3,major,C#,minor,E0,5,1.0
4/4,37,3,major,C#,minor,D0,5,2.0
4/4,37,3,major,C#,minor,C#,5,1.0
4/4,37,3,major,C#,minor,C#,5,2.0
4/4,37,3,major,C#,minor,B0,4,1.0
4/4,37,3,major,C#,minor,C#,5,1.0
4/4,37,3,major,C#,minor,C#,5,1.0
4/4,37,3,major,C#,minor,D0,5,1.0
4/4,37,3,major,C#,minor,C#,5,2.0
4/4,38,3,major,A0,major,rest,0,2.0
4/4,38,3,major,A0,major,E0,5,2.0
4/4,38,3,major,A0,major,E0,5,2.0
4/4,38,3,major,A0,major,D0,5,1.0
4/4,38,3,major,A0,major,C#,5,1.0
4/4,38,3,major,A0,major,C#,5,2.0
4/4,38,3,major,A0,major,B0,4,1.0
4/4,38,3,major,A0,major,C#,5,1.0
4/4,38,3,major,A0,major,C#,5,4.0
4/4,39,3,major,C#,minor,rest,0,2.0
4/4,39,3,major,C#,minor,E0,5,2.0
4/4,39,3,major,C#,minor,E0,5,2.0
4/4,39,3,major,C#,minor,E0,5,2.0
4/4,39,3,major,C#,minor,E0,5,3.0
4/4,39,3,major,C#,minor,E0,5,1.0
4/4,39,3,major,C#,minor,G#,5,2.0
4/4,39,3,major,C#,minor,A0,5,2.0
4/4,40,3,major,D0,major,A0,5,6.0
4/4,40,3,major,D0,major,E0,5,2.0
4/4,40,3,major,D0,major,E0,5,4.0
4/4,40,3,major,D0,major,F#,5,4.0
4/4,41,3,major,F#,minor,G#,5,6.0
4/4,41,3,major,F#,minor,A0,5,2.0
4/4,41,3,major,F#,minor,A0,5,4.0
4/4,41,3,major,F#,minor,B0,5,4.0
4/4,42,3,major,C#,minor,B0,5,6.0
4/4,42,3,major,C#,minor,A0,5,2.0
4/4,42,3,major,C#,minor,A0,5,4.0
4/4,42,3,major,C#,minor,G#,5,4.0
4/4,43,3,major,D0,major,G#,5,2.0
4/4,43,3,major,D0,major,F#,5,6.0
4/4,43,3,major,D0,major,rest,0,4.0
4/4,43,3,major,D0,major,rest,0,2.0
4/4,43,3,major,D0,major,G#,5,2.0
4/4,44,3,major,B0,minor-seventh,A0,5,6.0
4/4,44,3,major,B0,minor-seventh,A0,5,2.0
4/4,44,3,major,B0,minor-seventh,A0,5,4.0
4/4,44,3,major,B0,minor-seventh,C#,6,4.0
4/4,45,3,major,C#,minor-seventh,B0,5,4.0
4/4,45,3,major,C#,minor-seventh,B0,5,2.0
4/4,45,3,major,C#,minor-seventh,B0,5,1.0
4/4,45,3,major,C#,minor-seventh,A0,5,1.0
4/4,45,3,major,C#,minor-seventh,A0,5,8.0
4/4,46,3,major,D0,major,G#,5,6.0
4/4,46,3,major,D0,major,A0,5,2.0
4/4,46,3,major,D0,major,A0,5,4.0
4/4,46,3,major,D0,major,B0,5,3.0
4/4,46,3,major,D0,major,A0,5,1.0
4/4,47,3,major,E0,major,C#,6,6.0
4/4,47,3,major,E0,major,B0,5,2.0
4/4,47,3,major,E0,major,B0,5,4.0
4/4,47,3,major,E0,major,A0,5,2.0
4/4,47,3,major,E0,major,A0,5,2.0
4/4,48,3,major,F#,minor,A0,5,8.0
4/4,48,3,major,F#,minor,rest,0,8.0
4/4,49,3,major,E0,major,rest,0,6.0
4/4,49,3,major,E0,major,rest,0,2.0
4/4,49,3,major,E0,major,rest,0,8.0
4/4,50,3,major,F#,minor,rest,0,6.0
4/4,50,3,major,F#,minor,rest,0,2.0
4/4,50,3,major,F#,minor,rest,0,8.0
4/4,51,3,major,E0,major,rest,0,6.0
4/4,51,3,major,E0,major,rest,0,2.0
4/4,51,3,major,E0,major,rest,0,8.0
4/4,52,3,major,F#,minor,rest,0,4.0
4/4,52,3,major,F#,minor,A0,5,2.0
4/4,52,3,major,F#,minor,G#,5,2.0
4/4,52,3,major,F#,minor,G#,5,2.0
4/4,52,3,major,F#,minor,A0,5,6.0
4/4,53,3,major,E0,major,B0,5,2.0
4/4,53,3,major,E0,major,B0,5,2.0
4/4,53,3,major,E0,major,A0,5,2.0
4/4,53,3,major,E0,major,G#,5,2.0
4/4,53,3,major,E0,major,G#,5,2.0
4/4,53,3,major,E0,major,A0,5,2.0
4/4,53,3,major,E0,major,G#,5,2.0
4/4,53,3,major,E0,major,F#,5,2.0
4/4,54,3,major,F#,minor,rest,0,1.0
4/4,54,3,major,F#,minor,rest,0,2.0
4/4,54,3,major,F#,minor,C#,5,1.0
4/4,54,3,major,F#,minor,A0,5,2.0
4/4,54,3,major,F#,minor,G#,5,2.0
4/4,54,3,major,F#,minor,G#,5,2.0
4/4,54,3,major,F#,minor,A0,5,6.0
4/4,55,3,major,E0,major,B0,5,2.0
4/4,55,3,major,E0,major,B0,5,2.0
4/4,55,3,major,E0,major,A0,5,2.0
4/4,55,3,major,E0,major,G#,5,2.0
4/4,55,3,major,E0,major,G#,5,2.0
4/4,55,3,major,E0,major,A0,5,2.0
4/4,55,3,major,E0,major,G#,5,1.0
4/4,55,3,major,E0,major,F#,5,3.0
4/4,56,3,major,F#,minor,rest,0,1.0
4/4,56,3,major,F#,minor,rest,0,2.0
4/4,56,3,major,F#,minor,C#,5,1.0
4/4,56,3,major,F#,minor,A0,5,2.0
4/4,56,3,major,F#,minor,G#,5,2.0
4/4,56,3,major,F#,minor,G#,5,2.0
4/4,56,3,major,F#,minor,A0,5,6.0
4/4,57,3,major,E0,major,B0,5,4.0
4/4,57,3,major,E0,major,A0,5,2.0
4/4,57,3,major,E0,major,G#,5,2.0
4/4,57,3,major,E0,major,G#,5,2.0
4/4,57,3,major,E0,major,A0,5,2.0
4/4,57,3,major,E0,major,G#,5,2.0
4/4,57,3,major,E0,major,A0,5,2.0
4/4,58,3,major,F#,minor,rest,0,1.0
4/4,58,3,major,F#,minor,rest,0,2.0
4/4,58,3,major,F#,minor,C#,5,1.0
4/4,58,3,major,F#,minor,A0,5,2.0
4/4,58,3,major,F#,minor,G#,5,2.0
4/4,58,3,major,F#,minor,G#,5,2.0
4/4,58,3,major,F#,minor,A0,5,6.0
4/4,59,3,major,E0,major,A0,5,1.0
4/4,59,3,major,E0,major,G#,5,3.0
4/4,59,3,major,E0,major,G#,5,12.0
4/4,60,3,major,E0,major,rest,0,8.0
4/4,60,3,major,E0,major,G#,5,6.0
4/4,60,3,major,E0,major,A0,5,2.0
4/4,61,3,major,A0,major,A0,5,16.0
4/4,62,3,major,C#,minor,A0,5,16.0
4/4,63,3,major,A0,major,rest,0,16.0
4/4,64,3,major,C#,minor,rest,0,16.0
4/4,65,3,major,A0,major,rest,0,16.0
4/4,66,3,major,C#,minor,rest,0,16.0
4/4,67,3,major,A0,major,rest,0,16.0
4/4,68,3,major,C#,minor,rest,0,16.0
4/4,69,3,major,A0,major,rest,0,16.0
