time,measure,key_fifths,key_mode,chord_root,chord_type,note_root,note_octave,note_duration
4/4,1,-3,minor,C0,minor,C0,5,4.0
4/4,1,-3,minor,C0,minor,G0,4,4.0
4/4,1,-3,minor,C0,minor,Eb,4,4.0
4/4,1,-3,minor,C0,minor,C0,4,4.0
4/4,2,-3,minor,G0,major,D0,4,2.0
4/4,2,-3,minor,G0,major,D0,4,4.0
4/4,2,-3,minor,G0,major,D0,4,2.0
4/4,2,-3,minor,G0,major,D0,4,2.0
4/4,2,-3,minor,G0,major,D0,4,2.0
4/4,2,-3,minor,G0,major,Eb,4,2.0
4/4,2,-3,minor,G0,major,F0,4,2.0
4/4,3,-3,minor,G0,major,G0,4,4.0
4/4,3,-3,minor,G0,major,F0,4,4.0
4/4,3,-3,minor,G0,major,Eb,4,4.0
4/4,3,-3,minor,G0,major,D0,4,4.0
4/4,4,-3,minor,C0,minor,Eb,4,2.0
4/4,4,-3,minor,C0,minor,C0,4,4.0
4/4,4,-3,minor,C0,minor,C0,4,2.0
4/4,4,-3,minor,C0,minor,C0,4,2.0
4/4,4,-3,minor,C0,minor,C0,4,2.0
4/4,4,-3,minor,C0,minor,C0,4,4.0
4/4,5,-3,minor,F0,minor,C0,5,2.0
4/4,5,-3,minor,F0,minor,C0,5,6.0
4/4,5,-3,minor,F0,minor,C0,5,2.0
4/4,5,-3,minor,F0,minor,D0,5,6.0
4/4,6,-3,minor,C0,minor,Eb,5,2.0
4/4,6,-3,minor,C0,minor,Bb,4,6.0
4/4,6,-3,minor,C0,minor,Bb,4,4.0
4/4,6,-3,minor,C0,minor,Bb,4,4.0
4/4,7,-3,minor,F0,minor,D0,5,6.0
4/4,7,-3,minor,F0,minor,C0,5,2.0
4/4,7,-3,minor,F0,minor,Bb,4,6.0
4/4,7,-3,minor,F0,minor,Ab,4,2.0
4/4,8,-3,minor,G0,major,G0,4,2.0
4/4,8,-3,minor,G0,major,G0,4,4.0
4/4,8,-3,minor,G0,major,G0,4,2.0
4/4,8,-3,minor,G0,major,G0,4,2.0
4/4,8,-3,minor,G0,major,G0,4,2.0
4/4,8,-3,minor,G0,major,A0,4,2.0
4/4,8,-3,minor,G0,major,B0,4,2.0
