time,measure,key_fifths,key_mode,chord_root,chord_type,note_root,note_octave,note_duration
3/4,1,-1,major,F0,major,F0,5,12.0
3/4,2,-1,major,F0,major-seventh,E0,5,8.0
3/4,2,-1,major,F0,major-seventh,C0,5,4.0
3/4,3,-1,major,G0,minor-seventh,D0,5,4.0
3/4,3,-1,major,G0,minor-seventh,G0,4,2.0
3/4,3,-1,major,G0,minor-seventh,A0,4,2.0
3/4,3,-1,major,G0,minor-seventh,Bb,4,2.0
3/4,3,-1,major,G0,minor-seventh,C0,5,2.0
3/4,4,-1,major,C0,dominant-ninth,G0,4,12.0
2/2,5,-1,major,F0,major,rest,0,4.0
2/2,5,-1,major,F0,major,A0,4,2.0
2/2,5,-1,major,F0,major,A0,4,2.0
2/2,5,-1,major,F0,major,C0,5,4.0
2/2,5,-1,major,F0,major,C0,5,2.0
2/2,5,-1,major,F0,major,C0,5,2.0
2/2,6,-1,major,G0,minor-seventh,G0,4,4.0
2/2,6,-1,major,G0,minor-seventh,G0,4,12.0
2/2,7,-1,major,F0,major,A0,4,4.0
2/2,7,-1,major,F0,major,A0,4,2.0
2/2,7,-1,major,F0,major,A0,4,2.0
2/2,7,-1,major,F0,major,C0,5,4.0
2/2,7,-1,major,F0,major,A0,4,2.0
2/2,7,-1,major,F0,major,F0,4,2.0
2/2,8,-1,major,Ab,diminished,E0,4,16.0
2/2,9,-1,major,G0,minor-seventh,D0,4,4.0
2/2,9,-1,major,G0,minor-seventh,E0,4,2.0
2/2,9,-1,major,G0,minor-seventh,F0,4,2.0
2/2,9,-1,major,G0,minor-seventh,G0,4,4.0
2/2,9,-1,major,G0,minor-seventh,A0,4,2.0
2/2,9,-1,major,G0,minor-seventh,Bb,4,2.0
2/2,10,-1,major,F0,major,C0,5,4.0
2/2,10,-1,major,F0,major,C0,5,4.0
2/2,10,-1,major,F0,major,C0,5,2.0
2/2,10,-1,major,F0,major,E0,5,2.0
2/2,10,-1,major,F0,major,E0,5,2.0
2/2,10,-1,major,F0,major,D0,5,2.0
2/2,11,-1,major,G0,minor-seventh,Bb,4,8.0
2/2,11,-1,major,G0,minor-seventh,Bb,4,2.0
2/2,11,-1,major,G0,minor-seventh,D0,5,2.0
2/2,11,-1,major,G0,minor-seventh,D0,5,2.0
2/2,11,-1,major,G0,minor-seventh,C0,5,2.0
2/2,12,-1,major,A0,augmented-seventh,A0,4,12.0
2/2,12,-1,major,A0,augmented-seventh,C0,5,4.0
2/2,13,-1,major,G0,minor-seventh,G0,4,16.0
3/4,14,-1,major,F0,major,F0,4,12.0
3/4,15,-1,major,A0,minor,E0,4,8.0
3/4,15,-1,major,A0,minor,C0,4,4.0
3/4,16,-1,major,G0,minor,D0,4,12.0
3/4,17,-1,major,C0,dominant,D0,4,8.0
3/4,17,-1,major,C0,dominant,C0,4,4.0
3/4,18,-1,major,Eb,minor,Bb,4,12.0
3/4,19,-1,major,C0,dominant,A0,4,8.0
3/4,19,-1,major,C0,dominant,E0,4,4.0
3/4,20,-1,major,F0,major,G0,4,12.0
3/4,21,-1,major,F0,major,G0,4,8.0
3/4,21,-1,major,F0,major,F0,4,4.0
3/4,22,-1,major,F0,major,D0,5,8.0
3/4,22,-1,major,F0,major,C0,5,4.0
3/4,23,-1,major,C0,half-diminished,Bb,4,8.0
3/4,23,-1,major,C0,half-diminished,A0,4,4.0
3/4,24,-1,major,C0,dominant,C0,5,12.0
3/4,25,-1,major,C0,dominant,C0,5,8.0
3/4,25,-1,major,C0,dominant,C0,4,4.0
3/4,26,-1,major,F0,major,Bb,4,8.0
3/4,26,-1,major,F0,major,A0,4,4.0
3/4,27,-1,major,F0,major,G0,4,8.0
3/4,27,-1,major,F0,major,F0,4,4.0
3/4,28,-1,major,G0,minor,G0,4,4.0
3/4,28,-1,major,G0,minor,D0,4,4.0
3/4,28,-1,major,G0,minor,A0,4,4.0
3/4,29,-1,major,C0,dominant,G0,4,12.0
3/4,30,-1,major,F0,major,F0,4,12.0
3/4,31,-1,major,A0,minor,E0,4,8.0
3/4,31,-1,major,A0,minor,C0,4,4.0
3/4,32,-1,major,G0,minor,D0,4,12.0
3/4,33,-1,major,G0,minor,D0,4,8.0
3/4,33,-1,major,G0,minor,C0,4,4.0
3/4,34,-1,major,G0,minor,Bb,4,12.0
3/4,35,-1,major,A0,dominant,A0,4,12.0
3/4,36,-1,major,D0,minor,G0,4,12.0
3/4,37,-1,major,D0,minor,G0,4,8.0
3/4,37,-1,major,D0,minor,F0,4,4.0
3/4,38,-1,major,G0,dominant,E0,5,12.0
3/4,39,-1,major,G0,dominant,D0,5,12.0
3/4,40,-1,major,F0,major,F0,5,12.0
3/4,41,-1,major,F0,major,F0,5,2.0
3/4,41,-1,major,F0,major,E0,5,2.0
3/4,41,-1,major,F0,major,D0,5,2.0
3/4,41,-1,major,F0,major,C0,5,2.0
3/4,41,-1,major,F0,major,Bb,4,2.0
3/4,41,-1,major,F0,major,A0,4,2.0
3/4,42,-1,major,C0,dominant,E0,5,12.0
3/4,43,-1,major,C0,dominant,E0,5,2.0
3/4,43,-1,major,C0,dominant,D0,5,2.0
3/4,43,-1,major,C0,dominant,C0,5,2.0
3/4,43,-1,major,C0,dominant,Bb,4,2.0
3/4,43,-1,major,C0,dominant,A0,4,2.0
3/4,43,-1,major,C0,dominant,G0,4,2.0
3/4,44,-1,major,D0,dominant,D0,5,12.0
3/4,45,-1,major,D0,dominant,D0,5,2.0
3/4,45,-1,major,D0,dominant,C0,5,2.0
3/4,45,-1,major,D0,dominant,Bb,4,2.0
3/4,45,-1,major,D0,dominant,A0,4,2.0
3/4,45,-1,major,D0,dominant,G0,4,2.0
3/4,45,-1,major,D0,dominant,F#,4,2.0
3/4,46,-1,major,G0,minor,A0,4,8.0
3/4,46,-1,major,G0,minor,G0,4,4.0
3/4,47,-1,major,Bb,minor,C0,5,6.0
3/4,47,-1,major,Bb,minor,Bb,4,2.0
3/4,47,-1,major,Bb,minor,F0,4,2.0
3/4,47,-1,major,Bb,minor,G0,4,2.0
3/4,48,-1,major,F0,major,A0,4,12.0
3/4,49,-1,major,F0,major,A0,4,8.0
3/4,49,-1,major,F0,major,C0,4,4.0
3/4,50,-1,major,F0,diminished,Ab,4,8.0
3/4,50,-1,major,F0,diminished,C0,4,4.0
3/4,51,-1,major,Db,minor,Ab,4,8.0
3/4,51,-1,major,Db,minor,A0,4,4.0
3/4,52,-1,major,F0,major,C0,5,12.0
3/4,53,-1,major,F0,major,C0,5,8.0
3/4,53,-1,major,F0,major,rest,0,4.0
