time,measure,key_fifths,key_mode,chord_root,chord_type,note_root,note_octave,note_duration
4/4,1,0,major,C0,major,B0,4,4.0
4/4,1,0,major,C0,major,C0,5,6.0
4/4,1,0,major,C0,major,D0,5,2.0
4/4,1,0,major,C0,major,E0,5,2.0
4/4,1,0,major,C0,major,B0,4,2.0
4/4,2,0,major,A0,minor,B0,4,2.0
4/4,2,0,major,A0,minor,C0,5,6.0
4/4,2,0,major,A0,minor,D0,5,2.0
4/4,2,0,major,A0,minor,E0,5,2.0
4/4,2,0,major,A0,minor,B0,4,4.0
4/4,3,0,major,D0,minor,C0,5,6.0
4/4,3,0,major,D0,minor,A0,4,2.0
4/4,3,0,major,D0,minor,F0,4,2.0
4/4,3,0,major,D0,minor,D0,4,6.0
4/4,4,0,major,G0,dominant,G0,4,12.0
4/4,4,0,major,G0,dominant,rest,0,2.0
4/4,4,0,major,G0,dominant,rest,0,2.0
4/4,5,0,major,C0,major,rest,0,4.0
4/4,5,0,major,C0,major,C0,5,4.0
4/4,5,0,major,C0,major,C0,5,8.0
4/4,6,0,major,A0,minor,B0,4,2.0
4/4,6,0,major,A0,minor,C0,5,2.0
4/4,6,0,major,A0,minor,D0,5,2.0
4/4,6,0,major,A0,minor,E0,5,2.0
4/4,6,0,major,A0,minor,D0,5,4.0
4/4,6,0,major,A0,minor,C0,5,4.0
4/4,7,0,major,D0,minor,C0,5,2.0
4/4,7,0,major,D0,minor,A0,4,2.0
4/4,7,0,major,D0,minor,G0,4,2.0
4/4,7,0,major,D0,minor,F0,4,4.0
4/4,7,0,major,D0,minor,D0,4,6.0
4/4,8,0,major,G0,dominant,E0,4,2.0
4/4,8,0,major,G0,dominant,F0,4,2.0
4/4,8,0,major,G0,dominant,G0,4,2.0
4/4,8,0,major,G0,dominant,E0,4,4.0
4/4,8,0,major,G0,dominant,D0,4,6.0
4/4,9,0,major,D0,minor,D0,4,6.0
4/4,9,0,major,D0,minor,rest,0,2.0
4/4,9,0,major,D0,minor,rest,0,2.0
4/4,9,0,major,D0,minor,D0,4,2.0
4/4,9,0,major,D0,minor,C0,4,2.0
4/4,9,0,major,D0,minor,B0,3,2.0
4/4,10,0,major,G0,dominant,B0,3,4.0
4/4,10,0,major,G0,dominant,C0,4,2.0
4/4,10,0,major,G0,dominant,D0,4,4.0
4/4,10,0,major,G0,dominant,E0,4,4.0
4/4,10,0,major,G0,dominant,F0,4,2.0
4/4,11,0,major,D0,minor,F0,4,6.0
4/4,11,0,major,D0,minor,D0,4,2.0
4/4,11,0,major,D0,minor,E0,4,2.0
4/4,11,0,major,D0,minor,F0,4,2.0
4/4,11,0,major,D0,minor,A0,4,2.0
4/4,11,0,major,D0,minor,G0,4,2.0
4/4,12,0,major,C0,major,G0,4,4.0
4/4,12,0,major,C0,major,F0,4,2.0
4/4,12,0,major,C0,major,F0,4,4.0
4/4,12,0,major,C0,major,E0,4,6.0
4/4,13,0,major,C0,major,E0,4,6.0
4/4,13,0,major,C0,major,G0,4,2.0
4/4,13,0,major,C0,major,F0,4,2.0
4/4,13,0,major,C0,major,E0,4,6.0
4/4,14,0,major,C0,dominant,F0,4,2.0
4/4,14,0,major,C0,dominant,G0,4,2.0
4/4,14,0,major,C0,dominant,A0,4,4.0
4/4,14,0,major,C0,dominant,Bb,4,8.0
4/4,15,0,major,F0,major,A0,4,2.0
4/4,15,0,major,F0,major,G0,4,2.0
4/4,15,0,major,F0,major,F0,4,2.0
4/4,15,0,major,F0,major,G0,4,2.0
4/4,15,0,major,F0,major,A0,4,4.0
4/4,15,0,major,F0,major,B0,4,4.0
4/4,16,0,major,F#,diminished,D0,5,4.0
4/4,16,0,major,F#,diminished,C0,5,8.0
4/4,16,0,major,F#,diminished,D0,5,4.0
4/4,17,0,major,C0,major,E0,5,6.0
4/4,17,0,major,C0,major,D0,5,2.0
4/4,17,0,major,C0,major,C0,5,6.0
4/4,17,0,major,C0,major,D0,5,2.0
4/4,18,0,major,A0,dominant,E0,5,2.0
4/4,18,0,major,A0,dominant,F0,5,2.0
4/4,18,0,major,A0,dominant,G0,5,2.0
4/4,18,0,major,A0,dominant,Ab,5,2.0
4/4,18,0,major,A0,dominant,A0,5,8.0
4/4,19,0,major,D0,minor,A0,5,8.0
4/4,19,0,major,D0,minor,F0,5,4.0
4/4,19,0,major,D0,minor,D0,5,4.0
4/4,20,0,major,G0,dominant,D0,5,2.0
4/4,20,0,major,G0,dominant,A0,4,2.0
4/4,20,0,major,G0,dominant,B0,4,2.0
4/4,20,0,major,G0,dominant,C0,5,2.0
4/4,20,0,major,G0,dominant,D0,5,4.0
4/4,20,0,major,G0,dominant,E0,5,4.0
4/4,21,0,major,C0,major,D0,5,8.0
4/4,21,0,major,C0,major,C0,5,8.0
4/4,22,0,major,C0,major,C0,5,4.0
4/4,22,0,major,C0,major,rest,0,4.0
4/4,22,0,major,C0,major,rest,0,8.0
4/4,23,-2,major,Eb,major,C0,5,2.0
4/4,23,-2,major,Eb,major,D0,5,2.0
4/4,23,-2,major,Eb,major,Eb,5,6.0
4/4,23,-2,major,Eb,major,D0,5,2.0
4/4,23,-2,major,Eb,major,C0,5,4.0
4/4,24,-2,major,F0,dominant-ninth,C0,5,2.0
4/4,24,-2,major,F0,dominant-ninth,D0,5,2.0
4/4,24,-2,major,F0,dominant-ninth,Eb,5,2.0
4/4,24,-2,major,F0,dominant-ninth,D0,5,4.0
4/4,24,-2,major,F0,dominant-ninth,C0,5,6.0
4/4,25,-2,major,Bb,major,D0,5,2.0
4/4,25,-2,major,Bb,major,C0,5,2.0
4/4,25,-2,major,Bb,major,Bb,4,6.0
4/4,25,-2,major,Bb,major,A0,4,2.0
4/4,25,-2,major,Bb,major,Bb,4,4.0
4/4,26,-2,major,G0,minor,C0,5,4.0
4/4,26,-2,major,G0,minor,D0,5,12.0
4/4,27,-2,major,Eb,major,rest,0,4.0
4/4,27,-2,major,Eb,major,Bb,4,4.0
4/4,27,-2,major,Eb,major,G0,4,4.0
4/4,27,-2,major,Eb,major,Eb,4,4.0
4/4,28,-2,major,F0,dominant-ninth,C0,4,4.0
4/4,28,-2,major,F0,dominant-ninth,A0,4,2.0
4/4,28,-2,major,F0,dominant-ninth,Bb,4,6.0
4/4,28,-2,major,F0,dominant-ninth,C0,5,4.0
4/4,29,-2,major,F0,dominant-ninth,C0,5,4.0
4/4,29,-2,major,F0,dominant-ninth,A0,4,2.0
4/4,29,-2,major,F0,dominant-ninth,G0,4,2.0
4/4,29,-2,major,F0,dominant-ninth,A0,4,2.0
4/4,29,-2,major,F0,dominant-ninth,Bb,4,2.0
4/4,29,-2,major,F0,dominant-ninth,C0,5,4.0
4/4,30,-2,major,Bb,major,Db,5,4.0
4/4,30,-2,major,Bb,major,D0,5,8.0
4/4,30,-2,major,Bb,major,rest,0,4.0
4/4,31,-2,major,Eb,major,rest,0,4.0
4/4,31,-2,major,Eb,major,Bb,4,4.0
4/4,31,-2,major,Eb,major,G0,4,4.0
4/4,31,-2,major,Eb,major,Eb,4,4.0
4/4,32,-2,major,F0,dominant-ninth,C0,4,4.0
4/4,32,-2,major,F0,dominant-ninth,A0,4,2.0
4/4,32,-2,major,F0,dominant-ninth,Bb,4,6.0
4/4,32,-2,major,F0,dominant-ninth,C0,5,4.0
4/4,33,-2,major,F0,dominant-ninth,C0,5,4.0
4/4,33,-2,major,F0,dominant-ninth,A0,4,2.0
4/4,33,-2,major,F0,dominant-ninth,G0,4,2.0
4/4,33,-2,major,F0,dominant-ninth,A0,4,2.0
4/4,33,-2,major,F0,dominant-ninth,Bb,4,2.0
4/4,33,-2,major,F0,dominant-ninth,C0,5,4.0
4/4,34,-2,major,Bb,major,A0,4,4.0
4/4,34,-2,major,Bb,major,Bb,4,12.0
4/4,35,-2,major,G0,dominant,B0,4,16.0
4/4,36,0,major,G0,dominant,rest,0,16.0
4/4,37,-2,major,Eb,major,Bb,4,4.0
4/4,37,-2,major,Eb,major,G0,4,4.0
4/4,37,-2,major,Eb,major,Eb,4,4.0
4/4,37,-2,major,Eb,major,C0,4,4.0
4/4,38,-2,major,F0,dominant-ninth,A0,4,2.0
4/4,38,-2,major,F0,dominant-ninth,Bb,4,6.0
4/4,38,-2,major,F0,dominant-ninth,C0,5,8.0
4/4,39,-2,major,F0,dominant-ninth,A0,4,2.0
4/4,39,-2,major,F0,dominant-ninth,G0,4,2.0
4/4,39,-2,major,F0,dominant-ninth,A0,4,2.0
4/4,39,-2,major,F0,dominant-ninth,C0,5,2.0
4/4,39,-2,major,F0,dominant-ninth,Eb,5,6.0
4/4,39,-2,major,F0,dominant-ninth,A0,5,2.0
4/4,40,-2,major,Bb,major,Bb,5,16.0
