time,measure,key_fifths,key_mode,chord_root,chord_type,note_root,note_octave,note_duration
2/2,1,-3,major,[],[],rest,0,12.0
2/2,1,-3,major,[],[],G0,4,4.0
2/2,2,-3,major,Eb,major-seventh,Bb,4,8.0
2/2,2,-3,major,Eb,major-seventh,G0,4,8.0
2/2,3,-3,major,Eb,major-seventh,G0,4,4.0
2/2,3,-3,major,Eb,major-seventh,G0,4,2.0
2/2,3,-3,major,Eb,major-seventh,G0,4,2.0
2/2,3,-3,major,Eb,major-seventh,Ab,4,2.0
2/2,3,-3,major,Eb,major-seventh,Ab,4,2.0
2/2,3,-3,major,Eb,major-seventh,Bb,4,2.0
2/2,3,-3,major,Eb,major-seventh,Bb,4,2.0
2/2,4,-3,major,Bb,dominant,C0,5,8.0
2/2,4,-3,major,Bb,dominant,Ab,4,8.0
2/2,5,-3,major,Bb,dominant,Ab,4,12.0
2/2,5,-3,major,Bb,dominant,G0,4,4.0
2/2,6,-3,major,Eb,major-seventh,Bb,4,8.0
2/2,6,-3,major,Eb,major-seventh,G0,4,8.0
2/2,7,-3,major,Eb,major-seventh,G0,4,4.0
2/2,7,-3,major,Eb,major-seventh,G0,4,2.0
2/2,7,-3,major,Eb,major-seventh,G0,4,2.0
2/2,7,-3,major,Eb,major-seventh,Ab,4,2.0
2/2,7,-3,major,Eb,major-seventh,Ab,4,2.0
2/2,7,-3,major,Eb,major-seventh,Bb,4,2.0
2/2,7,-3,major,Eb,major-seventh,Bb,4,2.0
2/2,8,-3,major,D0,dominant,C0,5,16.0
2/2,9,-3,major,D0,dominant,C0,5,12.0
2/2,9,-3,major,D0,dominant,B0,4,4.0
2/2,10,-3,major,G0,major,D0,5,8.0
2/2,10,-3,major,G0,major,B0,4,4.0
2/2,10,-3,major,G0,major,B0,4,4.0
2/2,11,-3,major,G0,major-seventh,D0,5,8.0
2/2,11,-3,major,G0,major-seventh,B0,4,4.0
2/2,11,-3,major,G0,major-seventh,B0,4,4.0
2/2,12,-3,major,G0,dominant,D0,5,4.0
2/2,12,-3,major,G0,dominant,C0,5,4.0
2/2,12,-3,major,G0,dominant,B0,4,4.0
2/2,12,-3,major,G0,dominant,D0,5,4.0
2/2,13,-3,major,C0,major-seventh,B0,4,8.0
2/2,13,-3,major,C0,major-seventh,G0,4,4.0
2/2,13,-3,major,C0,major-seventh,G0,4,4.0
2/2,14,-3,major,Eb,major,Bb,4,8.0
2/2,14,-3,major,Eb,major,G0,4,8.0
2/2,15,-3,major,Bb,dominant,G0,4,4.0
2/2,15,-3,major,Bb,dominant,Ab,4,4.0
2/2,15,-3,major,Bb,dominant,Bb,4,4.0
2/2,15,-3,major,Bb,dominant,C0,5,4.0
2/2,16,-3,major,Eb,major-seventh,D0,5,16.0
2/2,17,-3,major,Eb,major-seventh,D0,5,2.0
2/2,17,-3,major,Eb,major-seventh,C0,5,2.0
2/2,17,-3,major,Eb,major-seventh,Eb,5,2.0
2/2,17,-3,major,Eb,major-seventh,Bb,4,2.0
2/2,17,-3,major,Eb,major-seventh,D0,5,2.0
2/2,17,-3,major,Eb,major-seventh,Ab,4,2.0
2/2,17,-3,major,Eb,major-seventh,C0,5,2.0
2/2,17,-3,major,Eb,major-seventh,G0,4,2.0
2/2,18,-3,major,Eb,major,Bb,4,8.0
2/2,18,-3,major,Eb,major,C0,5,8.0
2/2,19,-3,major,Bb,dominant,C0,5,2.0
2/2,19,-3,major,Bb,dominant,Ab,4,2.0
2/2,19,-3,major,Bb,dominant,Bb,4,2.0
2/2,19,-3,major,Bb,dominant,G0,4,2.0
2/2,19,-3,major,Bb,dominant,Ab,4,2.0
2/2,19,-3,major,Bb,dominant,F0,4,2.0
2/2,19,-3,major,Bb,dominant,G0,4,2.0
2/2,19,-3,major,Bb,dominant,Eb,4,2.0
2/2,20,-3,major,Eb,major-sixth,F0,4,8.0
2/2,20,-3,major,Eb,major-sixth,G0,4,8.0
2/2,21,-3,major,Bb,suspended-fourth,G0,4,2.0
2/2,21,-3,major,Bb,suspended-fourth,Eb,4,2.0
2/2,21,-3,major,Bb,suspended-fourth,F0,4,2.0
2/2,21,-3,major,Bb,suspended-fourth,D0,4,2.0
2/2,21,-3,major,Bb,suspended-fourth,Eb,4,2.0
2/2,21,-3,major,Bb,suspended-fourth,C0,4,2.0
2/2,21,-3,major,Bb,suspended-fourth,D0,4,2.0
2/2,21,-3,major,Bb,suspended-fourth,Bb,3,2.0
2/2,22,-3,major,Ab,major,C0,4,8.0
2/2,22,-3,major,Ab,major,D0,4,8.0
2/2,23,-3,major,Bb,dominant,D0,4,2.0
2/2,23,-3,major,Bb,dominant,Bb,4,2.0
2/2,23,-3,major,Bb,dominant,C0,5,2.0
2/2,23,-3,major,Bb,dominant,Ab,4,2.0
2/2,23,-3,major,Bb,dominant,Bb,4,2.0
2/2,23,-3,major,Bb,dominant,G0,4,2.0
2/2,23,-3,major,Bb,dominant,Ab,4,2.0
2/2,23,-3,major,Bb,dominant,F0,4,2.0
2/2,24,-3,major,Eb,major,Eb,4,16.0
2/2,25,-3,major,Eb,major,Eb,4,4.0
2/2,25,-3,major,Eb,major,Bb,4,4.0
2/2,25,-3,major,Eb,major,C0,5,4.0
2/2,25,-3,major,Eb,major,Eb,5,4.0
2/2,26,-3,major,F0,minor-seventh,Eb,4,8.0
2/2,26,-3,major,F0,minor-seventh,Eb,4,4.0
2/2,26,-3,major,F0,minor-seventh,Eb,4,4.0
2/2,27,-3,major,Bb,suspended-fourth,Eb,4,8.0
2/2,27,-3,major,Bb,suspended-fourth,Eb,4,4.0
2/2,27,-3,major,Bb,suspended-fourth,D0,4,4.0
2/2,28,-3,major,Eb,major-seventh,F0,4,4.0
2/2,28,-3,major,Eb,major-seventh,rest,0,4.0
2/2,28,-3,major,Eb,major-seventh,F0,4,8.0
2/2,29,-3,major,Eb,major-seventh,F0,4,4.0
2/2,29,-3,major,Eb,major-seventh,Bb,4,4.0
2/2,29,-3,major,Eb,major-seventh,C0,5,4.0
2/2,29,-3,major,Eb,major-seventh,Eb,5,4.0
2/2,30,-3,major,F0,minor-seventh,Eb,4,4.0
2/2,30,-3,major,F0,minor-seventh,rest,0,4.0
2/2,30,-3,major,F0,minor-seventh,Eb,4,4.0
2/2,30,-3,major,F0,minor-seventh,Eb,4,4.0
2/2,31,-3,major,Bb,suspended-fourth,Eb,4,4.0
2/2,31,-3,major,Bb,suspended-fourth,rest,0,4.0
2/2,31,-3,major,Bb,suspended-fourth,Eb,4,4.0
2/2,31,-3,major,Bb,suspended-fourth,D0,4,4.0
2/2,32,-3,major,Eb,major-seventh,G0,4,16.0
2/2,33,-3,major,Eb,major-seventh,G0,4,4.0
2/2,33,-3,major,Eb,major-seventh,G0,4,4.0
2/2,33,-3,major,Eb,major-seventh,Bb,4,4.0
2/2,33,-3,major,Eb,major-seventh,D0,5,4.0
2/2,34,-3,major,D0,dominant,F#,4,8.0
2/2,34,-3,major,D0,dominant,F#,4,4.0
2/2,34,-3,major,D0,dominant,F#,4,4.0
2/2,35,-3,major,G0,minor,F#,4,4.0
2/2,35,-3,major,G0,minor,G0,4,4.0
2/2,35,-3,major,G0,minor,Bb,4,4.0
2/2,35,-3,major,G0,minor,Db,5,4.0
2/2,36,-3,major,C0,dominant,E0,4,4.0
2/2,36,-3,major,C0,dominant,rest,0,4.0
2/2,36,-3,major,C0,dominant,E0,4,4.0
2/2,36,-3,major,C0,dominant,E0,4,4.0
2/2,37,-3,major,F0,minor,E0,4,4.0
2/2,37,-3,major,F0,minor,F0,4,4.0
2/2,37,-3,major,F0,minor,Ab,4,4.0
2/2,37,-3,major,F0,minor,C0,5,4.0
2/2,38,-3,major,E0,dominant,Cb,5,4.0
2/2,38,-3,major,E0,dominant,Ab,4,2.0
2/2,38,-3,major,E0,dominant,Db,5,2.0
2/2,38,-3,major,E0,dominant,Db,5,4.0
2/2,38,-3,major,E0,dominant,Cb,5,2.0
2/2,38,-3,major,E0,dominant,Db,5,2.0
2/2,39,-3,major,Ab,dominant,Eb,5,4.0
2/2,39,-3,major,Ab,dominant,Ab,4,2.0
2/2,39,-3,major,Ab,dominant,Fb,5,2.0
2/2,39,-3,major,Ab,dominant,Fb,5,4.0
2/2,39,-3,major,Ab,dominant,Db,5,4.0
2/2,40,-3,major,Bb,dominant,D0,5,4.0
2/2,40,-3,major,Bb,dominant,Bb,4,4.0
2/2,40,-3,major,Bb,dominant,C0,5,4.0
2/2,40,-3,major,Bb,dominant,Ab,4,4.0
2/2,41,-3,major,Bb,dominant,Bb,4,4.0
2/2,41,-3,major,Bb,dominant,G0,4,4.0
2/2,41,-3,major,Bb,dominant,Ab,4,4.0
2/2,41,-3,major,Bb,dominant,F0,4,4.0
2/2,42,-3,major,Eb,major,Eb,4,16.0
2/2,43,-3,major,Eb,major,Eb,4,16.0
