time,measure,key_fifths,key_mode,chord_root,chord_type,note_root,note_octave,note_duration
4/4,1,3,major,[],[],A0,2,4.0
4/4,1,3,major,[],[],rest,0,4.0
4/4,1,3,major,[],[],E0,2,4.0
4/4,1,3,major,[],[],rest,0,4.0
4/4,2,3,major,[],[],G0,2,2.0
4/4,2,3,major,[],[],G0,2,4.0
4/4,2,3,major,[],[],G0,2,2.0
4/4,2,3,major,[],[],G0,2,2.0
4/4,2,3,major,[],[],F#,2,2.0
4/4,2,3,major,[],[],E0,2,4.0
4/4,3,3,major,[],[],A0,2,4.0
4/4,3,3,major,[],[],rest,0,4.0
4/4,3,3,major,[],[],E0,2,4.0
4/4,3,3,major,[],[],rest,0,4.0
4/4,4,3,major,[],[],G0,2,2.0
4/4,4,3,major,[],[],G0,2,4.0
4/4,4,3,major,[],[],G0,2,2.0
4/4,4,3,major,[],[],G0,2,2.0
4/4,4,3,major,[],[],F#,2,2.0
4/4,4,3,major,[],[],E0,2,4.0
4/4,5,3,major,A0,major,rest,0,4.0
4/4,5,3,major,A0,major,B#,3,4.0
4/4,5,3,major,A0,major,C#,4,4.0
4/4,5,3,major,A0,major,E0,4,4.0
4/4,6,3,major,A0,major,A0,4,4.0
4/4,6,3,major,A0,major,G#,4,4.0
4/4,6,3,major,A0,major,F#,4,4.0
4/4,6,3,major,A0,major,E0,4,4.0
4/4,7,3,major,A#,diminished-seventh,C#,4,4.0
4/4,7,3,major,A#,diminished-seventh,B#,3,2.0
4/4,7,3,major,A#,diminished-seventh,C#,4,2.0
4/4,7,3,major,A#,diminished-seventh,C#,4,2.0
4/4,7,3,major,A#,diminished-seventh,B#,3,2.0
4/4,7,3,major,A#,diminished-seventh,C#,4,4.0
4/4,8,3,major,E0,dominant,rest,0,4.0
4/4,8,3,major,E0,dominant,D0,4,4.0
4/4,8,3,major,E0,dominant,B0,3,4.0
4/4,8,3,major,E0,dominant,rest,0,4.0
4/4,9,3,major,A0,major,rest,0,4.0
4/4,9,3,major,A0,major,B#,3,4.0
4/4,9,3,major,A0,major,C#,4,4.0
4/4,9,3,major,A0,major,E0,4,4.0
4/4,10,3,major,A0,major,A0,4,4.0
4/4,10,3,major,A0,major,G#,4,4.0
4/4,10,3,major,A0,major,F#,4,4.0
4/4,10,3,major,A0,major,E0,4,4.0
4/4,11,3,major,A#,diminished-seventh,C#,4,4.0
4/4,11,3,major,A#,diminished-seventh,B#,3,2.0
4/4,11,3,major,A#,diminished-seventh,C#,4,2.0
4/4,11,3,major,A#,diminished-seventh,C#,4,2.0
4/4,11,3,major,A#,diminished-seventh,B#,3,2.0
4/4,11,3,major,A#,diminished-seventh,C#,4,4.0
4/4,12,3,major,E0,dominant,rest,0,4.0
4/4,12,3,major,E0,dominant,D0,4,4.0
4/4,12,3,major,E0,dominant,B0,3,4.0
4/4,12,3,major,E0,dominant,rest,0,4.0
4/4,13,3,major,C#,dominant,rest,0,2.0
4/4,13,3,major,C#,dominant,B#,3,2.0
4/4,13,3,major,C#,dominant,C#,4,3.0
4/4,13,3,major,C#,dominant,B#,3,1.0
4/4,13,3,major,C#,dominant,C#,4,4.0
4/4,13,3,major,C#,dominant,C#,4,3.0
4/4,13,3,major,C#,dominant,B#,3,1.0
4/4,14,3,major,F#,minor-seventh,C#,4,3.0
4/4,14,3,major,F#,minor-seventh,B#,3,1.0
4/4,14,3,major,F#,minor-seventh,C#,4,4.0
4/4,14,3,major,F#,minor-seventh,C#,4,4.0
4/4,14,3,major,F#,minor-seventh,C#,4,4.0
4/4,15,3,major,C#,dominant,C#,4,3.0
4/4,15,3,major,C#,dominant,B#,3,1.0
4/4,15,3,major,C#,dominant,C#,4,2.0
4/4,15,3,major,C#,dominant,C#,4,2.0
4/4,15,3,major,C#,dominant,C#,4,2.0
4/4,15,3,major,C#,dominant,B#,3,2.0
4/4,15,3,major,C#,dominant,C#,4,4.0
4/4,16,3,major,F#,minor,C#,4,8.0
4/4,16,3,major,F#,minor,C#,4,8.0
4/4,17,3,major,D#,dominant,rest,0,2.0
4/4,17,3,major,D#,dominant,D#,4,2.0
4/4,17,3,major,D#,dominant,D#,4,3.0
4/4,17,3,major,D#,dominant,D#,4,1.0
4/4,17,3,major,D#,dominant,D#,4,4.0
4/4,17,3,major,D#,dominant,D#,4,4.0
4/4,18,3,major,G#,minor,D#,4,4.0
4/4,18,3,major,G#,minor,D#,4,2.0
4/4,18,3,major,G#,minor,D#,4,2.0
4/4,18,3,major,G#,minor,D#,4,4.0
4/4,18,3,major,G#,minor,D#,4,4.0
4/4,19,3,major,E0,dominant,E0,4,4.0
4/4,19,3,major,E0,dominant,E0,4,4.0
4/4,19,3,major,E0,dominant,E0,4,4.0
4/4,19,3,major,E0,dominant,E0,4,4.0
4/4,20,3,major,A0,minor-sixth,E0,4,4.0
4/4,20,3,major,A0,minor-sixth,E0,4,2.0
4/4,20,3,major,A0,minor-sixth,E0,4,2.0
4/4,20,3,major,A0,minor-sixth,E0,4,8.0
4/4,21,3,major,E0,dominant,A0,2,4.0
4/4,21,3,major,E0,dominant,rest,0,4.0
4/4,21,3,major,E0,dominant,E0,2,4.0
4/4,21,3,major,E0,dominant,rest,0,4.0
4/4,22,3,major,E0,dominant,G0,2,2.0
4/4,22,3,major,E0,dominant,G0,2,4.0
4/4,22,3,major,E0,dominant,G0,2,2.0
4/4,22,3,major,E0,dominant,G0,2,2.0
4/4,22,3,major,E0,dominant,F#,2,2.0
4/4,22,3,major,E0,dominant,E0,2,4.0
4/4,23,3,major,A0,major,rest,0,4.0
4/4,23,3,major,A0,major,B#,3,4.0
4/4,23,3,major,A0,major,C#,4,4.0
4/4,23,3,major,A0,major,E0,4,4.0
4/4,24,3,major,A0,major,A0,4,4.0
4/4,24,3,major,A0,major,G#,4,4.0
4/4,24,3,major,A0,major,F#,4,4.0
4/4,24,3,major,A0,major,E0,4,4.0
4/4,25,3,major,A#,diminished-seventh,C#,4,4.0
4/4,25,3,major,A#,diminished-seventh,B#,3,2.0
4/4,25,3,major,A#,diminished-seventh,C#,4,2.0
4/4,25,3,major,A#,diminished-seventh,C#,4,2.0
4/4,25,3,major,A#,diminished-seventh,B#,3,2.0
4/4,25,3,major,A#,diminished-seventh,C#,4,4.0
4/4,26,3,major,E0,dominant,rest,0,4.0
4/4,26,3,major,E0,dominant,D0,4,4.0
4/4,26,3,major,E0,dominant,B0,3,4.0
4/4,26,3,major,E0,dominant,rest,0,4.0
4/4,27,3,major,A0,dominant,rest,0,4.0
4/4,27,3,major,A0,dominant,F#,4,4.0
4/4,27,3,major,A0,dominant,E0,4,4.0
4/4,27,3,major,A0,dominant,A0,3,4.0
4/4,28,3,major,A0,dominant,F#,4,4.0
4/4,28,3,major,A0,dominant,E0,4,4.0
4/4,28,3,major,A0,dominant,C#,4,4.0
4/4,28,3,major,A0,dominant,A0,3,2.0
4/4,28,3,major,A0,dominant,A0,4,2.0
4/4,29,3,major,D0,major,A0,4,8.0
4/4,29,3,major,D0,major,A0,4,8.0
4/4,30,3,major,D0,major,A0,4,8.0
4/4,30,3,major,D0,major,rest,0,4.0
4/4,30,3,major,D0,major,A0,4,4.0
4/4,31,3,major,F0,dominant,B0,4,4.0
4/4,31,3,major,F0,dominant,A0,4,4.0
4/4,31,3,major,F0,dominant,B0,4,4.0
4/4,31,3,major,F0,dominant,A0,4,4.0
4/4,32,3,major,F0,dominant,B0,4,2.0
4/4,32,3,major,F0,dominant,A0,4,4.0
4/4,32,3,major,F0,dominant,B0,4,2.0
4/4,32,3,major,F0,dominant,B0,4,6.0
4/4,32,3,major,F0,dominant,A0,4,2.0
4/4,33,3,major,A0,major,B0,4,4.0
4/4,33,3,major,A0,major,A0,4,4.0
4/4,33,3,major,A0,major,B0,4,4.0
4/4,33,3,major,A0,major,A0,4,4.0
4/4,34,3,major,B0,dominant-ninth,B0,4,2.0
4/4,34,3,major,B0,dominant-ninth,A0,4,4.0
4/4,34,3,major,B0,dominant-ninth,B0,4,2.0
4/4,34,3,major,B0,dominant-ninth,B0,4,8.0
4/4,35,3,major,A0,major,rest,0,8.0
4/4,35,3,major,A0,major,rest,0,8.0
4/4,36,3,major,B0,half-diminished,D0,4,8.0
4/4,36,3,major,B0,half-diminished,B0,4,8.0
4/4,37,3,major,A0,major,A0,3,4.0
4/4,37,3,major,A0,major,A0,4,4.0
4/4,37,3,major,A0,major,rest,0,4.0
4/4,37,3,major,A0,major,E0,4,4.0
4/4,37,3,major,A0,major,rest,0,4.0
4/4,38,3,major,A0,major,G0,2,2.0
4/4,38,3,major,A0,major,G0,2,4.0
4/4,38,3,major,A0,major,G0,2,2.0
4/4,38,3,major,A0,major,G0,2,2.0
4/4,38,3,major,A0,major,F#,2,2.0
4/4,38,3,major,A0,major,E0,2,4.0
4/4,39,3,major,A0,major,A0,2,4.0
4/4,39,3,major,A0,major,rest,0,4.0
4/4,39,3,major,A0,major,E0,2,4.0
4/4,39,3,major,A0,major,rest,0,4.0
4/4,40,3,major,A0,major,G0,2,2.0
4/4,40,3,major,A0,major,G0,2,4.0
4/4,40,3,major,A0,major,G0,2,2.0
4/4,40,3,major,A0,major,G0,2,2.0
4/4,40,3,major,A0,major,F#,2,2.0
4/4,40,3,major,A0,major,E0,2,4.0
4/4,41,3,major,A0,major-sixth,E0,2,4.0
4/4,41,3,major,A0,major-sixth,E0,3,4.0
4/4,41,3,major,A0,major-sixth,C#,3,4.0
4/4,41,3,major,A0,major-sixth,B0,2,4.0
4/4,42,3,major,F#,diminished,A0,2,4.0
4/4,42,3,major,F#,diminished,G#,2,4.0
4/4,42,3,major,F#,diminished,F#,2,4.0
4/4,42,3,major,F#,diminished,E0,2,4.0
4/4,43,3,major,B0,half-diminished,D0,4,16.0
4/4,44,3,major,E0,dominant,B0,4,16.0
4/4,45,3,major,A0,major,A0,3,4.0
4/4,45,3,major,A0,major,A0,4,4.0
4/4,45,3,major,A0,major,rest,0,4.0
4/4,45,3,major,A0,major,E0,4,4.0
4/4,45,3,major,A0,major,rest,0,4.0
4/4,46,3,major,A0,major,G0,2,2.0
4/4,46,3,major,A0,major,G0,2,4.0
4/4,46,3,major,A0,major,G0,2,2.0
4/4,46,3,major,A0,major,G0,2,2.0
4/4,46,3,major,A0,major,F#,2,2.0
4/4,46,3,major,A0,major,E0,2,4.0
4/4,47,3,major,A0,major,A0,2,4.0
4/4,47,3,major,A0,major,rest,0,4.0
4/4,47,3,major,A0,major,E0,2,4.0
4/4,47,3,major,A0,major,rest,0,4.0
4/4,48,3,major,A0,major,G0,2,2.0
4/4,48,3,major,A0,major,G0,2,4.0
4/4,48,3,major,A0,major,G0,2,2.0
4/4,48,3,major,A0,major,G0,2,2.0
4/4,48,3,major,A0,major,F#,2,2.0
4/4,48,3,major,A0,major,E0,2,4.0
4/4,49,3,major,A0,major,G0,2,2.0
4/4,49,3,major,A0,major,G0,2,4.0
4/4,49,3,major,A0,major,G0,2,2.0
4/4,49,3,major,A0,major,G0,2,2.0
4/4,49,3,major,A0,major,F#,2,2.0
4/4,49,3,major,A0,major,E0,2,4.0
4/4,50,3,major,A0,major,A0,1,4.0
4/4,50,3,major,A0,major,rest,0,4.0
4/4,50,3,major,A0,major,rest,0,8.0
