time,measure,key_fifths,key_mode,chord_root,chord_type,note_root,note_octave,note_duration
4/4,1,-3,major,Bb,dominant,rest,0,4.0
4/4,1,-3,major,Bb,dominant,Bb,4,2.0
4/4,1,-3,major,Bb,dominant,C0,5,2.0
4/4,1,-3,major,Bb,dominant,Bb,4,4.0
4/4,1,-3,major,Bb,dominant,Eb,4,2.0
4/4,1,-3,major,Bb,dominant,F0,4,2.0
4/4,2,-3,major,Eb,major,G0,4,16.0
4/4,3,-3,major,E0,diminished-seventh,G0,4,6.0
4/4,3,-3,major,E0,diminished-seventh,G0,4,2.0
4/4,3,-3,major,E0,diminished-seventh,Bb,4,6.0
4/4,3,-3,major,E0,diminished-seventh,C0,5,2.0
4/4,4,-3,major,Bb,dominant,Bb,4,8.0
4/4,4,-3,major,Bb,dominant,D0,4,8.0
4/4,5,-3,major,Bb,dominant,rest,0,4.0
4/4,5,-3,major,Bb,dominant,C0,5,2.0
4/4,5,-3,major,Bb,dominant,D0,5,2.0
4/4,5,-3,major,Bb,dominant,C0,5,4.0
4/4,5,-3,major,Bb,dominant,E0,4,2.0
4/4,5,-3,major,Bb,dominant,F0,4,2.0
4/4,6,-3,major,F0,minor-seventh,C0,5,16.0
4/4,7,-3,major,Bb,dominant,C0,5,4.0
4/4,7,-3,major,Bb,dominant,Eb,5,4.0
4/4,7,-3,major,Bb,dominant,D0,5,6.0
4/4,7,-3,major,Bb,dominant,Bb,4,2.0
4/4,8,-3,major,Eb,major,G0,4,16.0
4/4,9,-3,major,F0,minor-seventh,G0,4,8.0
4/4,9,-3,major,F0,minor-seventh,rest,0,4.0
4/4,9,-3,major,F0,minor-seventh,Eb,5,2.0
4/4,9,-3,major,F0,minor-seventh,Eb,5,2.0
4/4,10,-3,major,Eb,major,Eb,5,4.0
4/4,10,-3,major,Eb,major,D0,5,2.0
4/4,10,-3,major,Eb,major,D0,5,2.0
4/4,10,-3,major,Eb,major,D0,5,4.0
4/4,10,-3,major,Eb,major,C0,5,2.0
4/4,10,-3,major,Eb,major,C0,5,2.0
4/4,11,-3,major,E0,diminished-seventh,C0,5,4.0
4/4,11,-3,major,E0,diminished-seventh,Bb,4,2.0
4/4,11,-3,major,E0,diminished-seventh,Bb,4,2.0
4/4,11,-3,major,E0,diminished-seventh,C0,5,4.0
4/4,11,-3,major,E0,diminished-seventh,G0,4,2.0
4/4,11,-3,major,E0,diminished-seventh,Ab,4,2.0
4/4,12,-3,major,Bb,dominant,Bb,4,8.0
4/4,12,-3,major,Bb,dominant,D0,4,8.0
4/4,13,-3,major,Bb,dominant,D0,4,8.0
4/4,13,-3,major,Bb,dominant,rest,0,4.0
4/4,13,-3,major,Bb,dominant,Bb,4,2.0
4/4,13,-3,major,Bb,dominant,Bb,4,2.0
4/4,14,-3,major,F0,minor-seventh,Bb,4,4.0
4/4,14,-3,major,F0,minor-seventh,Ab,4,2.0
4/4,14,-3,major,F0,minor-seventh,Ab,4,2.0
4/4,14,-3,major,F0,minor-seventh,Ab,4,4.0
4/4,14,-3,major,F0,minor-seventh,G0,4,2.0
4/4,14,-3,major,F0,minor-seventh,G0,4,2.0
4/4,15,-3,major,Bb,dominant,G0,4,2.0
4/4,15,-3,major,Bb,dominant,F0,4,4.0
4/4,15,-3,major,Bb,dominant,F0,4,2.0
4/4,15,-3,major,Bb,dominant,F0,4,4.0
4/4,15,-3,major,Bb,dominant,Eb,4,2.0
4/4,15,-3,major,Bb,dominant,F0,4,2.0
4/4,16,-3,major,Eb,major,G0,4,16.0
4/4,17,-3,major,Bb,dominant,rest,0,4.0
4/4,17,-3,major,Bb,dominant,Bb,4,2.0
4/4,17,-3,major,Bb,dominant,C0,5,2.0
4/4,17,-3,major,Bb,dominant,Bb,4,4.0
4/4,17,-3,major,Bb,dominant,Eb,4,2.0
4/4,17,-3,major,Bb,dominant,F0,4,2.0
4/4,18,-3,major,Eb,major,G0,4,16.0
4/4,19,-3,major,E0,diminished-seventh,G0,4,6.0
4/4,19,-3,major,E0,diminished-seventh,G0,4,2.0
4/4,19,-3,major,E0,diminished-seventh,Bb,4,6.0
4/4,19,-3,major,E0,diminished-seventh,C0,5,2.0
4/4,20,-3,major,Bb,dominant,Bb,4,8.0
4/4,20,-3,major,Bb,dominant,D0,4,8.0
4/4,21,-3,major,Bb,dominant,rest,0,4.0
4/4,21,-3,major,Bb,dominant,C0,5,2.0
4/4,21,-3,major,Bb,dominant,D0,5,2.0
4/4,21,-3,major,Bb,dominant,C0,5,4.0
4/4,21,-3,major,Bb,dominant,Eb,4,2.0
4/4,21,-3,major,Bb,dominant,F0,4,2.0
4/4,22,-3,major,F0,minor-seventh,C0,5,16.0
4/4,23,-3,major,Bb,dominant,C0,5,4.0
4/4,23,-3,major,Bb,dominant,Eb,5,4.0
4/4,23,-3,major,Bb,dominant,D0,5,6.0
4/4,23,-3,major,Bb,dominant,Bb,4,2.0
4/4,24,-3,major,Eb,major,G0,4,16.0
4/4,25,-3,major,F0,minor-seventh,G0,4,8.0
4/4,25,-3,major,F0,minor-seventh,Eb,5,2.0
4/4,25,-3,major,F0,minor-seventh,Eb,5,2.0
4/4,25,-3,major,F0,minor-seventh,rest,0,4.0
4/4,26,-3,major,Eb,major,Eb,5,4.0
4/4,26,-3,major,Eb,major,D0,5,2.0
4/4,26,-3,major,Eb,major,D0,5,2.0
4/4,26,-3,major,Eb,major,D0,5,4.0
4/4,26,-3,major,Eb,major,C0,5,2.0
4/4,26,-3,major,Eb,major,C0,5,2.0
4/4,27,-3,major,E0,diminished-seventh,C0,5,4.0
4/4,27,-3,major,E0,diminished-seventh,Bb,4,2.0
4/4,27,-3,major,E0,diminished-seventh,Bb,4,2.0
4/4,27,-3,major,E0,diminished-seventh,C0,5,4.0
4/4,27,-3,major,E0,diminished-seventh,G0,4,2.0
4/4,27,-3,major,E0,diminished-seventh,Ab,4,2.0
4/4,28,-3,major,Bb,dominant,Bb,4,8.0
4/4,28,-3,major,Bb,dominant,D0,4,8.0
4/4,29,-3,major,Bb,dominant,D0,4,8.0
4/4,29,-3,major,Bb,dominant,rest,0,4.0
4/4,29,-3,major,Bb,dominant,Bb,4,2.0
4/4,29,-3,major,Bb,dominant,Bb,4,2.0
4/4,30,-3,major,F0,minor-seventh,Bb,4,4.0
4/4,30,-3,major,F0,minor-seventh,Ab,4,2.0
4/4,30,-3,major,F0,minor-seventh,Ab,4,2.0
4/4,30,-3,major,F0,minor-seventh,A0,4,4.0
4/4,30,-3,major,F0,minor-seventh,G0,4,2.0
4/4,30,-3,major,F0,minor-seventh,G0,4,2.0
4/4,31,-3,major,Bb,dominant,G0,4,4.0
4/4,31,-3,major,Bb,dominant,F0,4,2.0
4/4,31,-3,major,Bb,dominant,F0,4,2.0
4/4,31,-3,major,Bb,dominant,F0,4,4.0
4/4,31,-3,major,Bb,dominant,Eb,4,2.0
4/4,31,-3,major,Bb,dominant,D0,4,2.0
4/4,32,-3,major,Eb,major,Eb,4,16.0
4/4,33,-3,major,Bb,dominant,rest,0,4.0
4/4,33,-3,major,Bb,dominant,Bb,4,2.0
4/4,33,-3,major,Bb,dominant,C0,5,2.0
4/4,33,-3,major,Bb,dominant,Bb,4,4.0
4/4,33,-3,major,Bb,dominant,Eb,4,2.0
4/4,33,-3,major,Bb,dominant,F0,4,2.0
4/4,34,-3,major,F0,minor-seventh,Bb,4,4.0
4/4,34,-3,major,F0,minor-seventh,Ab,4,2.0
4/4,34,-3,major,F0,minor-seventh,Ab,4,2.0
4/4,34,-3,major,F0,minor-seventh,Ab,4,4.0
4/4,34,-3,major,F0,minor-seventh,G0,4,2.0
4/4,34,-3,major,F0,minor-seventh,G0,4,2.0
4/4,35,-3,major,Bb,dominant,G0,4,4.0
4/4,35,-3,major,Bb,dominant,F0,4,2.0
4/4,35,-3,major,Bb,dominant,F0,4,2.0
4/4,35,-3,major,Bb,dominant,C0,5,4.0
4/4,35,-3,major,Bb,dominant,Bb,4,2.0
4/4,35,-3,major,Bb,dominant,C0,5,2.0
4/4,36,-3,major,Eb,major,Eb,5,16.0
4/4,37,-3,major,Eb,major,Eb,5,16.0
