time,measure,key_fifths,key_mode,chord_root,chord_type,note_root,note_octave,note_duration
4/4,0,-1,major,[],[],C0,5,2.0
4/4,1,-1,major,F0,dominant,F0,5,2.0
4/4,1,-1,major,F0,dominant,F0,5,2.0
4/4,1,-1,major,F0,dominant,G0,5,2.0
4/4,1,-1,major,F0,dominant,Eb,5,2.0
4/4,1,-1,major,F0,dominant,F0,5,2.0
4/4,1,-1,major,F0,dominant,F0,5,2.0
4/4,1,-1,major,F0,dominant,G0,5,2.0
4/4,1,-1,major,F0,dominant,C0,5,2.0
4/4,2,-1,major,Bb,dominant,Eb,5,2.0
4/4,2,-1,major,Bb,dominant,Eb,5,2.0
4/4,2,-1,major,Bb,dominant,F0,5,2.0
4/4,2,-1,major,Bb,dominant,C0,5,2.0
4/4,2,-1,major,Bb,dominant,Eb,5,2.0
4/4,2,-1,major,Bb,dominant,Eb,5,2.0
4/4,2,-1,major,Bb,dominant,F0,5,2.0
4/4,2,-1,major,Bb,dominant,C0,5,2.0
4/4,3,-1,major,F0,dominant,C0,5,8.0
4/4,3,-1,major,F0,dominant,C0,5,2.0
4/4,3,-1,major,F0,dominant,A0,4,2.0
4/4,3,-1,major,F0,dominant,F0,4,2.0
4/4,3,-1,major,F0,dominant,Eb,4,2.0
4/4,4,-1,major,F0,dominant,rest,0,16.0
4/4,5,-1,major,Bb,dominant,C#,5,2.0
4/4,5,-1,major,Bb,dominant,D0,5,2.0
4/4,5,-1,major,Bb,dominant,Bb,4,2.0
4/4,5,-1,major,Bb,dominant,A0,4,2.0
4/4,5,-1,major,Bb,dominant,Ab,4,2.0
4/4,5,-1,major,Bb,dominant,C0,5,2.0
4/4,5,-1,major,Bb,dominant,D0,5,2.0
4/4,5,-1,major,Bb,dominant,F0,5,2.0
4/4,6,-1,major,Eb,dominant,F#,5,2.0
4/4,6,-1,major,Eb,dominant,G0,5,2.0
4/4,6,-1,major,Eb,dominant,Eb,5,2.0
4/4,6,-1,major,Eb,dominant,D0,5,2.0
4/4,6,-1,major,Eb,dominant,Db,5,2.0
4/4,6,-1,major,Eb,dominant,Bb,4,2.0
4/4,6,-1,major,Eb,dominant,Eb,5,2.0
4/4,6,-1,major,Eb,dominant,C0,5,2.0
4/4,7,-1,major,Ab,dominant,C0,5,8.0
4/4,7,-1,major,Ab,dominant,C0,5,2.0
4/4,7,-1,major,Ab,dominant,Bb,4,2.0
4/4,7,-1,major,Ab,dominant,Gb,4,2.0
4/4,7,-1,major,Ab,dominant,Eb,4,2.0
4/4,8,-1,major,Db,dominant,rest,0,16.0
4/4,9,-1,major,C0,dominant,C0,5,4.0
4/4,9,-1,major,C0,dominant,C0,5,2.0
4/4,9,-1,major,C0,dominant,E0,5,2.0
4/4,9,-1,major,C0,dominant,G0,5,2.0
4/4,9,-1,major,C0,dominant,C0,5,2.0
4/4,9,-1,major,C0,dominant,E0,5,2.0
4/4,9,-1,major,C0,dominant,G0,5,2.0
4/4,10,-1,major,Bb,dominant,F0,5,4.0
4/4,10,-1,major,Bb,dominant,D0,5,4.0
4/4,10,-1,major,Bb,dominant,Bb,4,4.0
4/4,10,-1,major,Bb,dominant,G0,4,4.0
4/4,11,-1,major,F0,dominant,F0,4,8.0
4/4,11,-1,major,F0,dominant,F0,4,4.0
4/4,11,-1,major,F0,dominant,F0,4,4.0
4/4,12,-1,major,F0,dominant,rest,0,16.0
4/4,13,-1,major,F0,dominant,F0,4,6.0
4/4,13,-1,major,F0,dominant,Eb,4,2.0
4/4,13,-1,major,F0,dominant,rest,0,2.0
4/4,13,-1,major,F0,dominant,F0,4,2.0
4/4,13,-1,major,F0,dominant,rest,0,4.0
4/4,14,-1,major,F0,dominant,rest,0,16.0
