time,measure,key_fifths,key_mode,chord_root,chord_type,note_root,note_octave,note_duration
4/4,1,-2,major,Bb,dominant,rest,0,2.0
4/4,1,-2,major,Bb,dominant,Bb,4,6.0
4/4,1,-2,major,Bb,dominant,Ab,4,4.0
4/4,1,-2,major,Bb,dominant,F0,4,4.0
4/4,2,-2,major,Eb,dominant,Eb,4,4.0
4/4,2,-2,major,Eb,dominant,Db,4,4.0
4/4,2,-2,major,Eb,dominant,Bb,3,2.0
4/4,2,-2,major,Eb,dominant,Bb,3,4.0
4/4,2,-2,major,Eb,dominant,Bb,3,2.0
4/4,3,-2,major,Bb,dominant,rest,0,2.0
4/4,3,-2,major,Bb,dominant,Bb,3,2.0
4/4,3,-2,major,Bb,dominant,Db,4,2.0
4/4,3,-2,major,Bb,dominant,Eb,4,2.0
4/4,3,-2,major,Bb,dominant,Eb,4,4.0
4/4,3,-2,major,Bb,dominant,Db,4,2.0
4/4,3,-2,major,Bb,dominant,Bb,3,2.0
4/4,4,-2,major,Bb,dominant,Bb,3,2.0
4/4,4,-2,major,Bb,dominant,Bb,3,2.0
4/4,4,-2,major,Bb,dominant,Db,4,2.0
4/4,4,-2,major,Bb,dominant,Eb,4,2.0
4/4,4,-2,major,Bb,dominant,Eb,4,4.0
4/4,4,-2,major,Bb,dominant,Db,4,2.0
4/4,4,-2,major,Bb,dominant,Bb,3,2.0
4/4,5,-2,major,Eb,dominant,rest,0,2.0
4/4,5,-2,major,Eb,dominant,Bb,4,6.0
4/4,5,-2,major,Eb,dominant,Ab,4,4.0
4/4,5,-2,major,Eb,dominant,F0,4,4.0
4/4,6,-2,major,Eb,dominant,Eb,4,4.0
4/4,6,-2,major,Eb,dominant,Db,4,4.0
4/4,6,-2,major,Eb,dominant,Bb,3,2.0
4/4,6,-2,major,Eb,dominant,Bb,3,4.0
4/4,6,-2,major,Eb,dominant,Bb,3,2.0
4/4,7,-2,major,Bb,dominant,rest,0,2.0
4/4,7,-2,major,Bb,dominant,Bb,3,2.0
4/4,7,-2,major,Bb,dominant,Db,4,2.0
4/4,7,-2,major,Bb,dominant,Eb,4,2.0
4/4,7,-2,major,Bb,dominant,Eb,4,4.0
4/4,7,-2,major,Bb,dominant,Db,4,2.0
4/4,7,-2,major,Bb,dominant,Bb,3,2.0
4/4,8,-2,major,Bb,dominant,Bb,3,2.0
4/4,8,-2,major,Bb,dominant,Bb,3,2.0
4/4,8,-2,major,Bb,dominant,Db,4,2.0
4/4,8,-2,major,Bb,dominant,Eb,4,2.0
4/4,8,-2,major,Bb,dominant,Eb,4,4.0
4/4,8,-2,major,Bb,dominant,Db,4,2.0
4/4,8,-2,major,Bb,dominant,Bb,3,2.0
4/4,9,-2,major,C0,minor-seventh,rest,0,2.0
4/4,9,-2,major,C0,minor-seventh,Bb,4,6.0
4/4,9,-2,major,C0,minor-seventh,Ab,4,4.0
4/4,9,-2,major,C0,minor-seventh,F0,4,4.0
4/4,10,-2,major,F0,dominant,Eb,4,4.0
4/4,10,-2,major,F0,dominant,Db,4,4.0
4/4,10,-2,major,F0,dominant,Bb,3,2.0
4/4,10,-2,major,F0,dominant,Bb,3,4.0
4/4,10,-2,major,F0,dominant,Bb,3,2.0
4/4,11,-2,major,Bb,dominant,rest,0,2.0
4/4,11,-2,major,Bb,dominant,Bb,3,2.0
4/4,11,-2,major,Bb,dominant,Db,4,2.0
4/4,11,-2,major,Bb,dominant,Eb,4,2.0
4/4,11,-2,major,Bb,dominant,Eb,4,4.0
4/4,11,-2,major,Bb,dominant,Db,4,2.0
4/4,11,-2,major,Bb,dominant,Bb,3,2.0
4/4,12,-2,major,Bb,dominant,Bb,3,2.0
4/4,12,-2,major,Bb,dominant,Bb,3,2.0
4/4,12,-2,major,Bb,dominant,Db,4,2.0
4/4,12,-2,major,Bb,dominant,Eb,4,2.0
4/4,12,-2,major,Bb,dominant,Eb,4,4.0
4/4,12,-2,major,Bb,dominant,Db,4,2.0
4/4,12,-2,major,Bb,dominant,Bb,3,2.0
