time,measure,key_fifths,key_mode,chord_root,chord_type,note_root,note_octave,note_duration
3/4,1,0,major,[],[],rest,0,4.0
3/4,1,0,major,[],[],rest,0,2.0
3/4,1,0,major,[],[],G0,5,2.0
3/4,1,0,major,[],[],A0,5,2.0
3/4,1,0,major,[],[],C0,6,2.0
3/4,2,0,major,C0,major-seventh,B0,5,6.0
3/4,2,0,major,C0,major-seventh,G0,5,2.0
3/4,2,0,major,C0,major-seventh,A0,5,2.0
3/4,2,0,major,C0,major-seventh,C0,6,2.0
3/4,3,0,major,G0,augmented-seventh,B0,5,8.0
3/4,3,0,major,G0,augmented-seventh,G0,5,2.0
3/4,3,0,major,G0,augmented-seventh,Eb,5,2.0
3/4,4,0,major,C0,major-seventh,D0,5,12.0
3/4,5,0,major,C0,major-seventh,D0,5,4.0
3/4,5,0,major,C0,major-seventh,rest,0,2.0
3/4,5,0,major,C0,major-seventh,C0,5,2.0
3/4,5,0,major,C0,major-seventh,D0,5,2.0
3/4,5,0,major,C0,major-seventh,F0,5,2.0
3/4,6,0,major,F0,major-seventh,E0,5,6.0
3/4,6,0,major,F0,major-seventh,C0,5,2.0
3/4,6,0,major,F0,major-seventh,D0,5,2.0
3/4,6,0,major,F0,major-seventh,F0,5,2.0
3/4,7,0,major,F0,major-minor,E0,5,8.0
3/4,7,0,major,F0,major-minor,C0,5,2.0
3/4,7,0,major,F0,major-minor,Ab,4,2.0
3/4,8,0,major,C0,major-seventh,G0,4,12.0
3/4,9,0,major,C0,major-seventh,G0,4,4.0
3/4,9,0,major,C0,major-seventh,rest,0,4.0
3/4,9,0,major,C0,major-seventh,G0,4,4.0
3/4,10,0,major,F0,minor-seventh,Ab,4,8.0
3/4,10,0,major,F0,minor-seventh,G0,5,4.0
3/4,11,0,major,G0,dominant,E0,5,8.0
3/4,11,0,major,G0,dominant,G0,4,4.0
3/4,12,0,major,F0,minor-seventh,Ab,4,4.0
3/4,12,0,major,F0,minor-seventh,C0,5,4.0
3/4,12,0,major,F0,minor-seventh,G0,5,4.0
3/4,13,0,major,G0,dominant,E0,5,8.0
3/4,13,0,major,G0,dominant,D0,5,4.0
3/4,14,0,major,A0,minor,C0,5,4.0
3/4,14,0,major,A0,minor,E0,5,4.0
3/4,14,0,major,A0,minor,D0,6,4.0
3/4,15,0,major,D0,dominant,B0,5,8.0
3/4,15,0,major,D0,dominant,D0,5,4.0
3/4,16,0,major,G0,major,G0,5,12.0
3/4,17,0,major,G0,major,G0,5,4.0
3/4,17,0,major,G0,major,rest,0,2.0
3/4,17,0,major,G0,major,G0,5,2.0
3/4,17,0,major,G0,major,A0,5,2.0
3/4,17,0,major,G0,major,C0,6,2.0
3/4,18,0,major,C0,major-seventh,B0,5,6.0
3/4,18,0,major,C0,major-seventh,G0,5,2.0
3/4,18,0,major,C0,major-seventh,A0,5,2.0
3/4,18,0,major,C0,major-seventh,C0,6,2.0
3/4,19,0,major,G0,augmented-seventh,B0,5,8.0
3/4,19,0,major,G0,augmented-seventh,G0,5,2.0
3/4,19,0,major,G0,augmented-seventh,Eb,5,2.0
3/4,20,0,major,C0,major-seventh,D0,5,12.0
3/4,21,0,major,C0,major-seventh,D0,5,4.0
3/4,21,0,major,C0,major-seventh,rest,0,2.0
3/4,21,0,major,C0,major-seventh,C0,5,2.0
3/4,21,0,major,C0,major-seventh,D0,5,2.0
3/4,21,0,major,C0,major-seventh,F0,5,2.0
3/4,22,0,major,F0,major-seventh,E0,5,6.0
3/4,22,0,major,F0,major-seventh,C0,5,2.0
3/4,22,0,major,F0,major-seventh,D0,5,2.0
3/4,22,0,major,F0,major-seventh,F0,5,2.0
3/4,23,0,major,F0,major-minor,E0,5,8.0
3/4,23,0,major,F0,major-minor,C0,5,2.0
3/4,23,0,major,F0,major-minor,Ab,4,2.0
3/4,24,0,major,C0,major-seventh,G0,4,12.0
3/4,25,0,major,C0,major-seventh,G0,4,4.0
3/4,25,0,major,C0,major-seventh,rest,0,4.0
3/4,25,0,major,C0,major-seventh,G0,4,4.0
3/4,26,0,major,F0,minor-seventh,Ab,4,4.0
3/4,26,0,major,F0,minor-seventh,C0,5,4.0
3/4,26,0,major,F0,minor-seventh,G0,5,4.0
3/4,27,0,major,G0,dominant,E0,5,8.0
3/4,27,0,major,G0,dominant,D0,5,4.0
3/4,28,0,major,A0,minor,C0,5,4.0
3/4,28,0,major,A0,minor,E0,5,4.0
3/4,28,0,major,A0,minor,D0,6,4.0
3/4,29,0,major,D0,major,B0,5,6.0
3/4,29,0,major,D0,major,C0,6,2.0
3/4,29,0,major,D0,major,A0,5,2.0
3/4,29,0,major,D0,major,B0,5,2.0
3/4,30,0,major,E0,minor-seventh,G0,5,6.0
3/4,30,0,major,E0,minor-seventh,A0,5,2.0
3/4,30,0,major,E0,minor-seventh,F0,5,2.0
3/4,30,0,major,E0,minor-seventh,G0,5,2.0
3/4,31,0,major,C0,major-sixth,E0,5,6.0
3/4,31,0,major,C0,major-sixth,D0,5,2.0
3/4,31,0,major,C0,major-sixth,F0,5,2.0
3/4,31,0,major,C0,major-sixth,B0,4,2.0
3/4,32,0,major,C0,major-sixth,C0,5,12.0
3/4,33,0,major,C0,major-sixth,rest,0,4.0
3/4,33,0,major,C0,major-sixth,rest,0,2.0
3/4,33,0,major,C0,major-sixth,G0,5,2.0
3/4,33,0,major,C0,major-sixth,A0,5,2.0
3/4,33,0,major,C0,major-sixth,C0,6,2.0
3/4,34,0,major,C0,major-sixth,C0,5,12.0
3/4,35,0,major,C0,major-sixth,C0,5,12.0
