time,measure,key_fifths,key_mode,chord_root,chord_type,note_root,note_octave,note_duration
4/4,1,2,major,D0,major,rest,0,8.0
4/4,1,2,major,D0,major,D0,4,4.0
4/4,1,2,major,D0,major,E0,4,4.0
4/4,2,2,major,D0,major,F#,4,8.0
4/4,2,2,major,D0,major,F#,4,4.0
4/4,2,2,major,D0,major,F#,4,4.0
4/4,3,2,major,A0,dominant,F#,4,8.0
4/4,3,2,major,A0,dominant,E0,4,4.0
4/4,3,2,major,A0,dominant,F#,4,4.0
4/4,4,2,major,D0,major,E0,4,4.0
4/4,4,2,major,D0,major,D0,4,12.0
4/4,5,2,major,A0,major,D0,4,4.0
4/4,5,2,major,A0,major,rest,0,4.0
4/4,5,2,major,A0,major,D0,4,4.0
4/4,5,2,major,A0,major,E0,4,4.0
4/4,6,2,major,D0,major,F#,4,8.0
4/4,6,2,major,D0,major,D0,4,4.0
4/4,6,2,major,D0,major,F#,4,4.0
4/4,7,2,major,D0,major,A0,4,8.0
4/4,7,2,major,D0,major,G0,4,4.0
4/4,7,2,major,D0,major,F#,4,4.0
4/4,8,2,major,A0,major,E0,4,16.0
4/4,9,2,major,A0,major,E0,4,4.0
4/4,9,2,major,A0,major,rest,0,4.0
4/4,9,2,major,A0,major,A0,4,4.0
4/4,9,2,major,A0,major,G0,4,4.0
4/4,10,2,major,D0,major,F#,4,8.0
4/4,10,2,major,D0,major,F#,4,4.0
4/4,10,2,major,D0,major,F#,4,4.0
4/4,11,2,major,D0,dominant,D0,4,8.0
4/4,11,2,major,D0,dominant,E0,4,4.0
4/4,11,2,major,D0,dominant,F#,4,4.0
4/4,12,2,major,G0,major,A0,4,4.0
4/4,12,2,major,G0,major,G0,4,12.0
4/4,13,2,major,G0,minor,G0,4,4.0
4/4,13,2,major,G0,minor,rest,0,4.0
4/4,13,2,major,G0,minor,D0,4,4.0
4/4,13,2,major,G0,minor,E0,4,4.0
4/4,14,2,major,D0,major,F#,4,8.0
4/4,14,2,major,D0,major,E0,4,4.0
4/4,14,2,major,D0,major,F#,4,4.0
4/4,15,2,major,A0,dominant,G0,4,4.0
4/4,15,2,major,A0,dominant,F#,4,8.0
4/4,15,2,major,A0,dominant,E0,4,4.0
4/4,16,2,major,D0,major,D0,4,16.0
4/4,17,2,major,D0,major,D0,4,8.0
4/4,17,2,major,D0,major,rest,0,4.0
4/4,17,2,major,D0,major,D0,4,4.0
4/4,18,2,major,D0,major,F#,4,8.0
4/4,18,2,major,D0,major,F#,4,4.0
4/4,18,2,major,D0,major,F#,4,4.0
4/4,19,2,major,A0,dominant,A0,4,8.0
4/4,19,2,major,A0,dominant,F#,4,4.0
4/4,19,2,major,A0,dominant,F#,4,4.0
4/4,20,2,major,E0,minor,E0,4,4.0
4/4,20,2,major,E0,minor,D0,4,12.0
4/4,21,2,major,D0,dominant,D0,4,8.0
4/4,21,2,major,D0,dominant,D0,4,4.0
4/4,21,2,major,D0,dominant,D0,4,4.0
4/4,22,2,major,G0,major,B0,4,8.0
4/4,22,2,major,G0,major,B0,4,4.0
4/4,22,2,major,G0,major,B0,4,4.0
4/4,23,2,major,G0,major,B0,4,8.0
4/4,23,2,major,G0,major,D0,4,4.0
4/4,23,2,major,G0,major,E0,4,4.0
4/4,24,2,major,D0,major,F#,4,12.0
4/4,24,2,major,D0,major,F#,4,4.0
4/4,25,2,major,D0,major,E0,4,8.0
4/4,25,2,major,D0,major,E0,4,4.0
4/4,25,2,major,D0,major,D0,4,4.0
4/4,26,2,major,D0,major,E0,4,12.0
4/4,26,2,major,D0,major,A0,3,4.0
4/4,27,2,major,D0,major,D0,4,8.0
4/4,27,2,major,D0,major,D0,4,4.0
4/4,27,2,major,D0,major,E0,4,4.0
4/4,28,2,major,D0,major,F#,4,12.0
4/4,28,2,major,D0,major,G0,4,4.0
4/4,29,2,major,E0,dominant,G#,4,8.0
4/4,29,2,major,E0,dominant,F#,4,4.0
4/4,29,2,major,E0,dominant,E0,4,4.0
4/4,30,2,major,E0,dominant,B0,4,8.0
4/4,30,2,major,E0,dominant,F#,4,4.0
4/4,30,2,major,E0,dominant,G#,4,4.0
4/4,31,2,major,A0,dominant,A0,4,16.0
4/4,32,2,major,A0,dominant,A0,4,4.0
4/4,32,2,major,A0,dominant,rest,0,4.0
4/4,32,2,major,A0,dominant,rest,0,4.0
4/4,32,2,major,A0,dominant,A0,4,4.0
4/4,33,2,major,D0,major,F#,4,8.0
4/4,33,2,major,D0,major,F#,4,4.0
4/4,33,2,major,D0,major,F#,4,4.0
4/4,34,2,major,A0,dominant,F#,4,8.0
4/4,34,2,major,A0,dominant,E0,4,4.0
4/4,34,2,major,A0,dominant,F#,4,4.0
4/4,35,2,major,D0,major,E0,4,4.0
4/4,35,2,major,D0,major,D0,4,12.0
4/4,36,2,major,A0,major,rest,0,8.0
4/4,36,2,major,A0,major,D0,4,4.0
4/4,36,2,major,A0,major,E0,4,4.0
4/4,37,2,major,D0,major,F#,4,8.0
4/4,37,2,major,D0,major,D0,4,4.0
4/4,37,2,major,D0,major,F#,4,4.0
4/4,38,2,major,D0,major,A0,4,8.0
4/4,38,2,major,D0,major,G0,4,4.0
4/4,38,2,major,D0,major,F#,4,4.0
4/4,39,2,major,A0,major,E0,4,16.0
4/4,40,2,major,A0,major,E0,4,4.0
4/4,40,2,major,A0,major,rest,0,4.0
4/4,40,2,major,A0,major,rest,0,4.0
4/4,40,2,major,A0,major,F#,4,4.0
4/4,41,2,major,D0,major,F#,4,8.0
4/4,41,2,major,D0,major,F#,4,4.0
4/4,41,2,major,D0,major,E0,4,4.0
4/4,42,2,major,D0,dominant,D0,4,8.0
4/4,42,2,major,D0,dominant,D0,4,4.0
4/4,42,2,major,D0,dominant,D0,4,4.0
4/4,43,2,major,G0,major,D0,4,8.0
4/4,43,2,major,G0,major,D0,4,4.0
4/4,43,2,major,G0,major,C#,4,4.0
4/4,44,2,major,G0,major,B0,3,8.0
4/4,44,2,major,G0,major,D0,4,4.0
4/4,44,2,major,G0,major,E0,4,4.0
4/4,45,2,major,D0,major,F#,4,4.0
4/4,45,2,major,D0,major,F0,4,4.0
4/4,45,2,major,D0,major,F#,4,8.0
4/4,46,2,major,A0,dominant,G0,4,4.0
4/4,46,2,major,A0,dominant,F#,4,8.0
4/4,46,2,major,A0,dominant,E0,4,4.0
4/4,47,2,major,D0,major,D0,4,16.0
4/4,48,2,major,D0,major-sixth,D0,4,8.0
4/4,48,2,major,D0,major-sixth,rest,0,8.0
