time,measure,key_fifths,key_mode,chord_root,chord_type,note_root,note_octave,note_duration
2/2,1,-3,major,Eb,major,Eb,5,16.0
2/2,2,-3,major,Bb,major,D0,5,8.0
2/2,2,-3,major,Bb,major,Eb,5,8.0
2/2,3,-3,major,Ab,major,C0,5,16.0
2/2,4,-3,major,Bb,dominant,D0,5,4.0
2/2,4,-3,major,Bb,dominant,C0,5,4.0
2/2,4,-3,major,Bb,dominant,D0,5,4.0
2/2,4,-3,major,Bb,dominant,C0,5,4.0
2/2,5,-3,major,Eb,major,Bb,4,16.0
2/2,6,-3,major,Bb,major,D0,5,8.0
2/2,6,-3,major,Bb,major,Eb,5,8.0
2/2,7,-3,major,Ab,major,C0,5,16.0
2/2,8,-3,major,Bb,dominant,D0,5,4.0
2/2,8,-3,major,Bb,dominant,C0,5,4.0
2/2,8,-3,major,Bb,dominant,D0,5,4.0
2/2,8,-3,major,Bb,dominant,C0,5,4.0
2/2,9,-3,major,Eb,major,Eb,4,8.0
2/2,9,-3,major,Eb,major,G0,4,8.0
2/2,10,-3,major,Eb,major,Bb,4,8.0
2/2,10,-3,major,Eb,major,D0,5,8.0
2/2,11,-3,major,Ab,major,D0,5,4.0
2/2,11,-3,major,Ab,major,Eb,5,4.0
2/2,11,-3,major,Ab,major,C0,5,4.0
2/2,11,-3,major,Ab,major,Bb,4,4.0
2/2,12,-3,major,Eb,major,Bb,4,16.0
2/2,13,-3,major,Eb,major,Eb,4,8.0
2/2,13,-3,major,Eb,major,G0,4,8.0
2/2,14,-3,major,Eb,major,Bb,4,8.0
2/2,14,-3,major,Eb,major,D0,5,8.0
2/2,15,-3,major,F0,dominant,D0,5,4.0
2/2,15,-3,major,F0,dominant,Eb,5,4.0
2/2,15,-3,major,F0,dominant,C0,5,4.0
2/2,15,-3,major,F0,dominant,Bb,4,4.0
2/2,16,-3,major,Bb,major,Bb,4,16.0
2/2,17,-3,major,G0,dominant,rest,0,4.0
2/2,17,-3,major,G0,dominant,G0,4,4.0
2/2,17,-3,major,G0,dominant,B0,4,4.0
2/2,17,-3,major,G0,dominant,D0,5,4.0
2/2,18,-3,major,C0,minor,F0,5,8.0
2/2,18,-3,major,C0,minor,Eb,5,8.0
2/2,19,-3,major,Bb,dominant,Bb,4,4.0
2/2,19,-3,major,Bb,dominant,Bb,4,4.0
2/2,19,-3,major,Bb,dominant,D0,5,4.0
2/2,19,-3,major,Bb,dominant,F0,5,4.0
2/2,20,-3,major,Eb,major,Ab,5,4.0
2/2,20,-3,major,Eb,major,G0,5,4.0
2/2,20,-3,major,Eb,major,Eb,5,4.0
2/2,20,-3,major,Eb,major,Db,5,4.0
2/2,21,-3,major,Ab,major,rest,0,4.0
2/2,21,-3,major,Ab,major,Ab,4,4.0
2/2,21,-3,major,Ab,major,C0,5,4.0
2/2,21,-3,major,Ab,major,Eb,5,4.0
2/2,22,-3,major,F0,minor,G0,5,4.0
2/2,22,-3,major,F0,minor,Ab,5,4.0
2/2,22,-3,major,F0,minor,F0,5,4.0
2/2,22,-3,major,F0,minor,Eb,5,4.0
2/2,23,-3,major,Bb,major,F0,5,12.0
2/2,23,-3,major,Bb,major,Eb,5,4.0
2/2,24,-3,major,Eb,major,Eb,5,16.0
2/2,25,-3,major,Eb,major,Eb,5,16.0
2/2,26,-3,major,Bb,major,D0,5,8.0
2/2,26,-3,major,Bb,major,Eb,5,8.0
2/2,27,-3,major,Ab,major,C0,5,16.0
2/2,28,-3,major,Bb,dominant,D0,5,4.0
2/2,28,-3,major,Bb,dominant,C0,5,4.0
2/2,28,-3,major,Bb,dominant,D0,5,4.0
2/2,28,-3,major,Bb,dominant,C0,5,4.0
2/2,29,-3,major,Eb,major,Bb,4,16.0
2/2,30,-3,major,Bb,major,D0,5,8.0
2/2,30,-3,major,Bb,major,Eb,5,8.0
2/2,31,-3,major,Ab,major,C0,5,16.0
2/2,32,-3,major,Bb,dominant,D0,5,4.0
2/2,32,-3,major,Bb,dominant,C0,5,4.0
2/2,32,-3,major,Bb,dominant,D0,5,4.0
2/2,32,-3,major,Bb,dominant,C0,5,4.0
2/2,33,-3,major,Eb,major,Eb,4,8.0
2/2,33,-3,major,Eb,major,G0,4,8.0
2/2,34,-3,major,Eb,major,Bb,4,8.0
2/2,34,-3,major,Eb,major,D0,5,8.0
2/2,35,-3,major,Ab,major,D0,5,4.0
2/2,35,-3,major,Ab,major,Eb,5,4.0
2/2,35,-3,major,Ab,major,C0,5,4.0
2/2,35,-3,major,Ab,major,Bb,4,4.0
2/2,36,-3,major,Eb,major,Bb,4,16.0
2/2,37,-3,major,Eb,major,Eb,4,8.0
2/2,37,-3,major,Eb,major,G0,4,8.0
2/2,38,-3,major,Eb,major,Bb,4,8.0
2/2,38,-3,major,Eb,major,D0,5,8.0
2/2,39,-3,major,F0,dominant,D0,5,4.0
2/2,39,-3,major,F0,dominant,Eb,5,4.0
2/2,39,-3,major,F0,dominant,C0,5,4.0
2/2,39,-3,major,F0,dominant,Bb,4,4.0
2/2,40,-3,major,Bb,major,Bb,4,16.0
2/2,41,-3,major,G0,dominant,rest,0,4.0
2/2,41,-3,major,G0,dominant,G0,4,4.0
2/2,41,-3,major,G0,dominant,B0,4,4.0
2/2,41,-3,major,G0,dominant,D0,5,4.0
2/2,42,-3,major,C0,minor,F0,5,8.0
2/2,42,-3,major,C0,minor,Eb,5,8.0
2/2,43,-3,major,Bb,dominant,Bb,4,4.0
2/2,43,-3,major,Bb,dominant,Bb,4,4.0
2/2,43,-3,major,Bb,dominant,D0,5,4.0
2/2,43,-3,major,Bb,dominant,F0,5,4.0
2/2,44,-3,major,Eb,major,Ab,5,4.0
2/2,44,-3,major,Eb,major,G0,5,4.0
2/2,44,-3,major,Eb,major,Eb,5,4.0
2/2,44,-3,major,Eb,major,Db,5,4.0
2/2,45,-3,major,Ab,major,rest,0,4.0
2/2,45,-3,major,Ab,major,Ab,4,4.0
2/2,45,-3,major,Ab,major,C0,5,4.0
2/2,45,-3,major,Ab,major,Eb,5,4.0
2/2,46,-3,major,F0,minor,G0,5,4.0
2/2,46,-3,major,F0,minor,Ab,5,4.0
2/2,46,-3,major,F0,minor,F0,5,4.0
2/2,46,-3,major,F0,minor,Eb,5,4.0
2/2,47,-3,major,Bb,major,F0,5,12.0
2/2,47,-3,major,Bb,major,Eb,5,4.0
2/2,48,-3,major,Eb,major,Eb,5,16.0
2/2,49,-3,major,Bb,major,D0,5,8.0
2/2,49,-3,major,Bb,major,D0,5,8.0
2/2,50,-3,major,Bb,major,D0,5,8.0
2/2,50,-3,major,Bb,major,D0,5,8.0
2/2,51,-3,major,C0,minor,D0,5,8.0
2/2,51,-3,major,C0,minor,C0,5,4.0
2/2,51,-3,major,C0,minor,Bb,4,4.0
2/2,52,-3,major,C0,minor,C0,5,12.0
2/2,52,-3,major,C0,minor,G0,4,4.0
2/2,53,-3,major,D0,dominant,D0,5,8.0
2/2,53,-3,major,D0,dominant,C0,5,4.0
2/2,53,-3,major,D0,dominant,Bb,4,4.0
2/2,54,-3,major,D0,dominant,C0,5,12.0
2/2,54,-3,major,D0,dominant,D0,4,4.0
2/2,55,-3,major,Eb,major-sixth,C0,5,8.0
2/2,55,-3,major,Eb,major-sixth,Bb,4,4.0
2/2,55,-3,major,Eb,major-sixth,A0,4,4.0
2/2,56,-3,major,Eb,major,G0,4,12.0
2/2,56,-3,major,Eb,major,rest,0,4.0
2/2,57,-3,major,G0,minor,D0,5,8.0
2/2,57,-3,major,G0,minor,D0,5,8.0
2/2,58,-3,major,G0,minor,D0,5,8.0
2/2,58,-3,major,G0,minor,D0,5,8.0
2/2,59,-3,major,C0,minor,D0,5,4.0
2/2,59,-3,major,C0,minor,C0,5,4.0
2/2,59,-3,major,C0,minor,C0,5,4.0
2/2,59,-3,major,C0,minor,Bb,4,4.0
2/2,60,-3,major,C0,minor,C0,5,12.0
2/2,60,-3,major,C0,minor,G0,4,4.0
2/2,61,-3,major,F0,major,D0,5,4.0
2/2,61,-3,major,F0,major,C0,5,4.0
2/2,61,-3,major,F0,major,C0,5,4.0
2/2,61,-3,major,F0,major,Bb,4,4.0
2/2,62,-3,major,F0,dominant,C0,5,8.0
2/2,62,-3,major,F0,dominant,F0,4,4.0
2/2,62,-3,major,F0,dominant,F0,4,4.0
2/2,63,-3,major,Bb,major,C0,5,8.0
2/2,63,-3,major,Bb,major,Bb,4,4.0
2/2,63,-3,major,Bb,major,Ab,4,4.0
2/2,64,-3,major,Bb,dominant,G0,4,8.0
2/2,64,-3,major,Bb,dominant,F0,4,8.0
2/2,65,-3,major,Eb,major,Eb,4,8.0
2/2,65,-3,major,Eb,major,G0,4,8.0
2/2,66,-3,major,Eb,major,Bb,4,8.0
2/2,66,-3,major,Eb,major,D0,5,8.0
2/2,67,-3,major,Ab,major,D0,5,4.0
2/2,67,-3,major,Ab,major,Eb,5,4.0
2/2,67,-3,major,Ab,major,C0,5,4.0
2/2,67,-3,major,Ab,major,Bb,4,4.0
2/2,68,-3,major,Eb,major,Bb,4,16.0
2/2,69,-3,major,Eb,major,Eb,4,8.0
2/2,69,-3,major,Eb,major,G0,4,8.0
2/2,70,-3,major,Eb,major,Bb,4,8.0
2/2,70,-3,major,Eb,major,D0,5,8.0
2/2,71,-3,major,F0,dominant,D0,5,4.0
2/2,71,-3,major,F0,dominant,Eb,5,4.0
2/2,71,-3,major,F0,dominant,C0,5,4.0
2/2,71,-3,major,F0,dominant,Bb,4,4.0
2/2,72,-3,major,Bb,major,Bb,4,16.0
2/2,73,-3,major,G0,dominant,rest,0,4.0
2/2,73,-3,major,G0,dominant,G0,4,4.0
2/2,73,-3,major,G0,dominant,B0,4,4.0
2/2,73,-3,major,G0,dominant,D0,5,4.0
2/2,74,-3,major,C0,minor,F0,5,8.0
2/2,74,-3,major,C0,minor,Eb,5,8.0
2/2,75,-3,major,Bb,dominant,rest,0,4.0
2/2,75,-3,major,Bb,dominant,Bb,4,4.0
2/2,75,-3,major,Bb,dominant,D0,5,4.0
2/2,75,-3,major,Bb,dominant,F0,5,4.0
2/2,76,-3,major,Eb,major,Ab,5,4.0
2/2,76,-3,major,Eb,major,G0,5,4.0
2/2,76,-3,major,Eb,major,Eb,5,4.0
2/2,76,-3,major,Eb,major,Db,5,4.0
2/2,77,-3,major,Ab,major,C0,5,4.0
2/2,77,-3,major,Ab,major,Ab,4,4.0
2/2,77,-3,major,Ab,major,C0,5,4.0
2/2,77,-3,major,Ab,major,Eb,5,4.0
2/2,78,-3,major,F0,minor,G0,5,4.0
2/2,78,-3,major,F0,minor,Ab,5,4.0
2/2,78,-3,major,F0,minor,F0,5,4.0
2/2,78,-3,major,F0,minor,Eb,5,4.0
2/2,79,-3,major,Bb,major,F0,5,12.0
2/2,79,-3,major,Bb,major,Eb,5,4.0
2/2,80,-3,major,Eb,major,Eb,5,16.0
2/2,81,-3,major,Eb,major,Eb,5,16.0
2/2,82,-3,major,Bb,major,D0,5,8.0
2/2,82,-3,major,Bb,major,Eb,5,8.0
2/2,83,-3,major,Ab,major,C0,5,16.0
2/2,84,-3,major,Bb,dominant,D0,5,4.0
2/2,84,-3,major,Bb,dominant,C0,5,4.0
2/2,84,-3,major,Bb,dominant,D0,5,4.0
2/2,84,-3,major,Bb,dominant,C0,5,4.0
2/2,85,-3,major,Eb,major,Bb,4,16.0
2/2,86,-3,major,Bb,major,D0,5,8.0
2/2,86,-3,major,Bb,major,Eb,5,8.0
2/2,87,-3,major,Ab,major,C0,5,16.0
2/2,88,-3,major,Bb,dominant,D0,5,4.0
2/2,88,-3,major,Bb,dominant,C0,5,4.0
2/2,88,-3,major,Bb,dominant,D0,5,4.0
2/2,88,-3,major,Bb,dominant,C0,5,4.0
