time,measure,key_fifths,key_mode,chord_root,chord_type,note_root,note_octave,note_duration
4/4,1,-3,major,Eb,major,rest,0,4.0
4/4,1,-3,major,Eb,major,rest,0,2.0
4/4,1,-3,major,Eb,major,Bb,3,2.0
4/4,1,-3,major,Eb,major,G0,4,2.0
4/4,1,-3,major,Eb,major,Ab,4,2.0
4/4,1,-3,major,Eb,major,G0,4,2.0
4/4,1,-3,major,Eb,major,Eb,4,2.0
4/4,2,-3,major,F0,major,F0,4,2.0
4/4,2,-3,major,F0,major,G0,4,2.0
4/4,2,-3,major,F0,major,G0,4,12.0
4/4,3,-3,major,Db,dominant,rest,0,4.0
4/4,3,-3,major,Db,dominant,rest,0,2.0
4/4,3,-3,major,Db,dominant,Bb,3,2.0
4/4,3,-3,major,Db,dominant,F0,4,2.0
4/4,3,-3,major,Db,dominant,G0,4,2.0
4/4,3,-3,major,Db,dominant,F0,4,2.0
4/4,3,-3,major,Db,dominant,D0,4,2.0
4/4,4,-3,major,Eb,major,Eb,4,16.0
4/4,5,-3,major,C0,minor-seventh,rest,0,4.0
4/4,5,-3,major,C0,minor-seventh,rest,0,2.0
4/4,5,-3,major,C0,minor-seventh,Bb,3,2.0
4/4,5,-3,major,C0,minor-seventh,Bb,4,2.0
4/4,5,-3,major,C0,minor-seventh,C0,5,2.0
4/4,5,-3,major,C0,minor-seventh,Bb,4,2.0
4/4,5,-3,major,C0,minor-seventh,G0,4,2.0
4/4,6,-3,major,Bb,minor-seventh,Ab,4,4.0
4/4,6,-3,major,Bb,minor-seventh,Bb,4,8.0
4/4,6,-3,major,Bb,minor-seventh,Eb,4,4.0
4/4,7,-3,major,Ab,major-seventh,C0,5,16.0
4/4,8,-3,major,A0,minor-seventh,rest,0,16.0
4/4,9,-3,major,G0,minor-seventh,rest,0,4.0
4/4,9,-3,major,G0,minor-seventh,rest,0,2.0
4/4,9,-3,major,G0,minor-seventh,D0,4,2.0
4/4,9,-3,major,G0,minor-seventh,D0,5,2.0
4/4,9,-3,major,G0,minor-seventh,Eb,5,2.0
4/4,9,-3,major,G0,minor-seventh,D0,5,2.0
4/4,9,-3,major,G0,minor-seventh,Bb,4,2.0
4/4,10,-3,major,Bb,major,C0,5,2.0
4/4,10,-3,major,Bb,major,D0,5,2.0
4/4,10,-3,major,Bb,major,D0,5,8.0
4/4,10,-3,major,Bb,major,D0,5,2.0
4/4,10,-3,major,Bb,major,Bb,4,2.0
4/4,11,-3,major,C0,dominant,G0,4,2.0
4/4,11,-3,major,C0,dominant,C0,5,2.0
4/4,11,-3,major,C0,dominant,C0,5,8.0
4/4,11,-3,major,C0,dominant,rest,0,2.0
4/4,11,-3,major,C0,dominant,G0,4,2.0
4/4,12,-3,major,F0,major-sixth,A0,4,16.0
4/4,13,-3,major,Bb,major-sixth,rest,0,4.0
4/4,13,-3,major,Bb,major-sixth,F0,4,2.0
4/4,13,-3,major,Bb,major-sixth,Bb,4,2.0
4/4,13,-3,major,Bb,major-sixth,Bb,4,6.0
4/4,13,-3,major,Bb,major-sixth,F0,4,2.0
4/4,14,-3,major,E0,minor-seventh,G0,4,2.0
4/4,14,-3,major,E0,minor-seventh,A0,4,2.0
4/4,14,-3,major,E0,minor-seventh,A0,4,12.0
4/4,15,-3,major,D0,minor-seventh,E0,4,2.0
4/4,15,-3,major,D0,minor-seventh,F0,4,2.0
4/4,15,-3,major,D0,minor-seventh,F0,4,12.0
4/4,16,-3,major,F0,minor-seventh,Eb,4,6.0
4/4,16,-3,major,F0,minor-seventh,F0,4,2.0
4/4,16,-3,major,F0,minor-seventh,F0,4,8.0
4/4,17,-3,major,Ab,major-sixth,Eb,5,16.0
4/4,18,-3,major,Ab,major,Eb,5,16.0
4/4,19,-3,major,C0,minor-seventh,rest,0,4.0
4/4,19,-3,major,C0,minor-seventh,rest,0,2.0
4/4,19,-3,major,C0,minor-seventh,F0,4,2.0
4/4,19,-3,major,C0,minor-seventh,Eb,5,2.0
4/4,19,-3,major,C0,minor-seventh,F0,5,2.0
4/4,19,-3,major,C0,minor-seventh,Eb,5,2.0
4/4,19,-3,major,C0,minor-seventh,C0,5,2.0
4/4,20,-3,major,Bb,minor-seventh,C0,5,2.0
4/4,20,-3,major,Bb,minor-seventh,Db,5,2.0
4/4,20,-3,major,Bb,minor-seventh,Db,5,8.0
4/4,20,-3,major,Bb,minor-seventh,rest,0,2.0
4/4,20,-3,major,Bb,minor-seventh,F0,4,2.0
4/4,21,-3,major,G0,minor-seventh,Bb,4,2.0
4/4,21,-3,major,G0,minor-seventh,C0,5,2.0
4/4,21,-3,major,G0,minor-seventh,C0,5,8.0
4/4,21,-3,major,G0,minor-seventh,G0,4,4.0
4/4,22,-3,major,Db,major,Ab,4,16.0
4/4,23,-3,major,Eb,major-sixth,rest,0,4.0
4/4,23,-3,major,Eb,major-sixth,rest,0,2.0
4/4,23,-3,major,Eb,major-sixth,Bb,3,2.0
4/4,23,-3,major,Eb,major-sixth,G0,4,2.0
4/4,23,-3,major,Eb,major-sixth,Ab,4,2.0
4/4,23,-3,major,Eb,major-sixth,G0,4,2.0
4/4,23,-3,major,Eb,major-sixth,Eb,4,2.0
4/4,24,-3,major,F0,minor-seventh,C0,4,4.0
4/4,24,-3,major,F0,minor-seventh,F0,4,8.0
4/4,24,-3,major,F0,minor-seventh,D0,4,4.0
4/4,25,-3,major,Eb,major-sixth,Eb,4,16.0
4/4,26,-3,major,F0,minor-seventh,rest,0,16.0
4/4,27,-3,major,Eb,major,Bb,4,4.0
4/4,27,-3,major,Eb,major,Bb,4,4.0
4/4,27,-3,major,Eb,major,Bb,4,4.0
4/4,27,-3,major,Eb,major,Bb,4,4.0
4/4,28,-3,major,F0,major,Bb,4,4.0
4/4,28,-3,major,F0,major,Bb,4,4.0
4/4,28,-3,major,F0,major,Bb,4,4.0
4/4,28,-3,major,F0,major,Bb,4,4.0
4/4,29,-3,major,Db,dominant,Bb,4,4.0
4/4,29,-3,major,Db,dominant,Bb,4,4.0
4/4,29,-3,major,Db,dominant,Bb,4,4.0
4/4,29,-3,major,Db,dominant,Bb,4,4.0
4/4,30,-3,major,Eb,major,Bb,4,4.0
4/4,30,-3,major,Eb,major,Bb,4,4.0
4/4,30,-3,major,Eb,major,Bb,4,4.0
4/4,30,-3,major,Eb,major,Bb,4,4.0
4/4,31,-3,major,C0,minor-seventh,Bb,4,4.0
4/4,31,-3,major,C0,minor-seventh,Bb,4,4.0
4/4,31,-3,major,C0,minor-seventh,Bb,4,4.0
4/4,31,-3,major,C0,minor-seventh,Bb,4,4.0
4/4,32,-3,major,Bb,minor-seventh,Bb,4,4.0
4/4,32,-3,major,Bb,minor-seventh,Bb,4,4.0
4/4,32,-3,major,Bb,minor-seventh,Bb,4,4.0
4/4,32,-3,major,Bb,minor-seventh,Bb,4,4.0
4/4,33,-3,major,Ab,major,Bb,4,4.0
4/4,33,-3,major,Ab,major,Bb,4,4.0
4/4,33,-3,major,Ab,major,Bb,4,4.0
4/4,33,-3,major,Ab,major,Bb,4,4.0
4/4,34,-3,major,A0,minor-seventh,Bb,4,4.0
4/4,34,-3,major,A0,minor-seventh,Bb,4,4.0
4/4,34,-3,major,A0,minor-seventh,Bb,4,4.0
4/4,34,-3,major,A0,minor-seventh,Bb,4,4.0
4/4,35,-3,major,G0,minor-seventh,Bb,4,4.0
4/4,35,-3,major,G0,minor-seventh,Bb,4,4.0
4/4,35,-3,major,G0,minor-seventh,Bb,4,4.0
4/4,35,-3,major,G0,minor-seventh,Bb,4,4.0
4/4,36,-3,major,Bb,major,Bb,4,4.0
4/4,36,-3,major,Bb,major,Bb,4,4.0
4/4,36,-3,major,Bb,major,Bb,4,4.0
4/4,36,-3,major,Bb,major,Bb,4,4.0
4/4,37,-3,major,C0,dominant,Bb,4,4.0
4/4,37,-3,major,C0,dominant,Bb,4,4.0
4/4,37,-3,major,C0,dominant,Bb,4,4.0
4/4,37,-3,major,C0,dominant,Bb,4,4.0
4/4,38,-3,major,F0,major,Bb,4,4.0
4/4,38,-3,major,F0,major,Bb,4,4.0
4/4,38,-3,major,F0,major,Bb,4,4.0
4/4,38,-3,major,F0,major,Bb,4,4.0
4/4,39,-3,major,Bb,major,Bb,4,4.0
4/4,39,-3,major,Bb,major,Bb,4,4.0
4/4,39,-3,major,Bb,major,Bb,4,4.0
4/4,39,-3,major,Bb,major,Bb,4,4.0
4/4,40,-3,major,E0,minor-seventh,Bb,4,4.0
4/4,40,-3,major,E0,minor-seventh,Bb,4,4.0
4/4,40,-3,major,E0,minor-seventh,Bb,4,4.0
4/4,40,-3,major,E0,minor-seventh,Bb,4,4.0
4/4,41,-3,major,D0,minor-seventh,Bb,4,4.0
4/4,41,-3,major,D0,minor-seventh,Bb,4,4.0
4/4,41,-3,major,D0,minor-seventh,Bb,4,4.0
4/4,41,-3,major,D0,minor-seventh,Bb,4,4.0
4/4,42,-3,major,F0,minor-seventh,Bb,4,4.0
4/4,42,-3,major,F0,minor-seventh,Bb,4,4.0
4/4,42,-3,major,F0,minor-seventh,Bb,4,4.0
4/4,42,-3,major,F0,minor-seventh,Bb,4,4.0
4/4,43,-3,major,Ab,major,Bb,4,4.0
4/4,43,-3,major,Ab,major,Bb,4,4.0
4/4,43,-3,major,Ab,major,Bb,4,4.0
4/4,43,-3,major,Ab,major,Bb,4,4.0
4/4,44,-3,major,Eb,major,Bb,4,4.0
4/4,44,-3,major,Eb,major,Bb,4,4.0
4/4,44,-3,major,Eb,major,Bb,4,4.0
4/4,44,-3,major,Eb,major,Bb,4,4.0
4/4,45,-3,major,C0,minor-seventh,Bb,4,4.0
4/4,45,-3,major,C0,minor-seventh,Bb,4,4.0
4/4,45,-3,major,C0,minor-seventh,Bb,4,4.0
4/4,45,-3,major,C0,minor-seventh,Bb,4,4.0
4/4,46,-3,major,Bb,minor-seventh,Bb,4,4.0
4/4,46,-3,major,Bb,minor-seventh,Bb,4,4.0
4/4,46,-3,major,Bb,minor-seventh,Bb,4,4.0
4/4,46,-3,major,Bb,minor-seventh,Bb,4,4.0
4/4,47,-3,major,G0,minor-seventh,Bb,4,4.0
4/4,47,-3,major,G0,minor-seventh,Bb,4,4.0
4/4,47,-3,major,G0,minor-seventh,Bb,4,4.0
4/4,47,-3,major,G0,minor-seventh,Bb,4,4.0
4/4,48,-3,major,Ab,minor-seventh,Bb,4,4.0
4/4,48,-3,major,Ab,minor-seventh,Bb,4,4.0
4/4,48,-3,major,Ab,minor-seventh,Bb,4,4.0
4/4,48,-3,major,Ab,minor-seventh,Bb,4,4.0
4/4,49,-3,major,Eb,major,Bb,4,4.0
4/4,49,-3,major,Eb,major,Bb,4,4.0
4/4,49,-3,major,Eb,major,Bb,4,4.0
4/4,49,-3,major,Eb,major,Bb,4,4.0
4/4,50,-3,major,F0,minor-seventh,Bb,4,4.0
4/4,50,-3,major,F0,minor-seventh,Bb,4,4.0
4/4,50,-3,major,F0,minor-seventh,Bb,4,4.0
4/4,50,-3,major,F0,minor-seventh,Bb,4,4.0
4/4,51,-3,major,Eb,major,Bb,4,4.0
4/4,51,-3,major,Eb,major,Bb,4,4.0
4/4,51,-3,major,Eb,major,Bb,4,4.0
4/4,51,-3,major,Eb,major,Bb,4,4.0
4/4,52,-3,major,F0,minor-seventh,Bb,4,4.0
4/4,52,-3,major,F0,minor-seventh,Bb,4,4.0
4/4,52,-3,major,F0,minor-seventh,Bb,4,4.0
4/4,52,-3,major,F0,minor-seventh,Bb,4,4.0
