time,measure,key_fifths,key_mode,chord_root,chord_type,note_root,note_octave,note_duration
4/4,1,-1,major,[],[],C0,4,4.0
4/4,2,-1,major,F0,major-seventh,A0,4,16.0
4/4,3,-1,major,Eb,dominant,A0,4,4.0
4/4,3,-1,major,Eb,dominant,G0,4,4.0
4/4,3,-1,major,Eb,dominant,A0,4,4.0
4/4,3,-1,major,Eb,dominant,C0,5,4.0
4/4,4,-1,major,D0,dominant,D0,5,8.0
4/4,4,-1,major,D0,dominant,C0,5,8.0
4/4,5,-1,major,D0,dominant,C0,5,8.0
4/4,5,-1,major,D0,dominant,C0,5,4.0
4/4,5,-1,major,D0,dominant,A0,4,4.0
4/4,6,-1,major,G0,minor-seventh,A0,4,4.0
4/4,6,-1,major,G0,minor-seventh,D0,4,4.0
4/4,6,-1,major,G0,minor-seventh,D0,4,8.0
4/4,7,-1,major,G0,minor-seventh,D0,4,8.0
4/4,7,-1,major,G0,minor-seventh,C0,5,4.0
4/4,7,-1,major,G0,minor-seventh,A0,4,4.0
4/4,8,-1,major,Bb,minor-seventh,A0,4,4.0
4/4,8,-1,major,Bb,minor-seventh,Db,4,4.0
4/4,8,-1,major,Bb,minor-seventh,Db,4,8.0
4/4,9,-1,major,Eb,dominant,Db,4,8.0
4/4,9,-1,major,Eb,dominant,A0,4,4.0
4/4,9,-1,major,Eb,dominant,G0,4,4.0
4/4,10,-1,major,A0,minor-seventh,G0,4,4.0
4/4,10,-1,major,A0,minor-seventh,C0,4,4.0
4/4,10,-1,major,A0,minor-seventh,D0,4,4.0
4/4,10,-1,major,A0,minor-seventh,E0,4,4.0
4/4,11,-1,major,D0,minor-seventh,G0,4,4.0
4/4,11,-1,major,D0,minor-seventh,F0,4,4.0
4/4,11,-1,major,D0,minor-seventh,A0,4,4.0
4/4,11,-1,major,D0,minor-seventh,D0,5,4.0
4/4,12,-1,major,G0,minor-seventh,C0,5,12.0
4/4,12,-1,major,G0,minor-seventh,Bb,4,4.0
4/4,13,-1,major,C0,dominant,C0,5,4.0
4/4,13,-1,major,C0,dominant,Bb,4,4.0
4/4,13,-1,major,C0,dominant,A0,4,4.0
4/4,13,-1,major,C0,dominant,G0,4,4.0
4/4,14,-1,major,E0,minor-seventh,A0,4,12.0
4/4,14,-1,major,E0,minor-seventh,E0,4,4.0
4/4,15,-1,major,D0,minor-seventh,G0,4,4.0
4/4,15,-1,major,D0,minor-seventh,F0,4,4.0
4/4,15,-1,major,D0,minor-seventh,E0,4,4.0
4/4,15,-1,major,D0,minor-seventh,D0,4,4.0
4/4,16,-1,major,G0,minor-seventh,G0,4,16.0
4/4,17,-1,major,C0,dominant,G0,4,12.0
4/4,17,-1,major,C0,dominant,C0,4,4.0
4/4,18,-1,major,F0,major-seventh,A0,4,16.0
4/4,19,-1,major,Eb,dominant,rest,0,4.0
4/4,19,-1,major,Eb,dominant,G0,4,4.0
4/4,19,-1,major,Eb,dominant,A0,4,4.0
4/4,19,-1,major,Eb,dominant,C0,5,4.0
4/4,20,-1,major,D0,dominant,D0,5,8.0
4/4,20,-1,major,D0,dominant,C0,5,8.0
4/4,21,-1,major,D0,dominant,C0,5,8.0
4/4,21,-1,major,D0,dominant,C0,5,4.0
4/4,21,-1,major,D0,dominant,A0,4,4.0
4/4,22,-1,major,G0,minor-seventh,A0,4,4.0
4/4,22,-1,major,G0,minor-seventh,D0,4,4.0
4/4,22,-1,major,G0,minor-seventh,D0,4,8.0
4/4,23,-1,major,G0,minor-seventh,D0,4,8.0
4/4,23,-1,major,G0,minor-seventh,C0,5,4.0
4/4,23,-1,major,G0,minor-seventh,A0,4,4.0
4/4,24,-1,major,Bb,minor-seventh,A0,4,4.0
4/4,24,-1,major,Bb,minor-seventh,Db,4,4.0
4/4,24,-1,major,Bb,minor-seventh,Db,4,8.0
4/4,25,-1,major,Eb,dominant,Db,4,8.0
4/4,25,-1,major,Eb,dominant,A0,4,4.0
4/4,25,-1,major,Eb,dominant,G0,4,4.0
4/4,26,-1,major,A0,minor-seventh,G0,4,4.0
4/4,26,-1,major,A0,minor-seventh,C0,4,4.0
4/4,26,-1,major,A0,minor-seventh,D0,4,4.0
4/4,26,-1,major,A0,minor-seventh,E0,4,4.0
4/4,27,-1,major,D0,minor-seventh,F0,4,4.0
4/4,27,-1,major,D0,minor-seventh,G0,4,4.0
4/4,27,-1,major,D0,minor-seventh,A0,4,4.0
4/4,27,-1,major,D0,minor-seventh,C0,5,4.0
4/4,28,-1,major,B0,minor-seventh,E0,5,16.0
4/4,29,-1,major,Bb,dominant,E0,5,12.0
4/4,29,-1,major,Bb,dominant,D0,5,4.0
4/4,30,-1,major,A0,minor-seventh,C0,5,4.0
4/4,30,-1,major,A0,minor-seventh,A0,4,4.0
4/4,30,-1,major,A0,minor-seventh,G0,4,4.0
4/4,30,-1,major,A0,minor-seventh,F0,4,4.0
4/4,31,-1,major,G0,minor-seventh,A0,4,4.0
4/4,31,-1,major,G0,minor-seventh,A0,4,8.0
4/4,31,-1,major,G0,minor-seventh,D0,4,4.0
4/4,32,-1,major,F0,major-sixth,F0,4,16.0
4/4,33,-1,major,G0,minor-seventh,F0,4,12.0
4/4,33,-1,major,G0,minor-seventh,rest,0,4.0
