time,measure,key_fifths,key_mode,chord_root,chord_type,note_root,note_octave,note_duration
2/2,1,0,major,G0,dominant,G0,4,4.0
2/2,2,0,major,C0,major,C0,5,4.0
2/2,2,0,major,C0,major,B0,4,4.0
2/2,2,0,major,C0,major,C0,5,4.0
2/2,2,0,major,C0,major,B0,4,4.0
2/2,3,0,major,C#,diminished,A0,4,4.0
2/2,3,0,major,C#,diminished,G0,4,4.0
2/2,3,0,major,C#,diminished,A0,4,4.0
2/2,3,0,major,C#,diminished,G0,4,4.0
2/2,4,0,major,D0,minor,F0,4,4.0
2/2,4,0,major,D0,minor,E0,4,4.0
2/2,4,0,major,D0,minor,F0,4,4.0
2/2,4,0,major,D0,minor,E0,4,4.0
2/2,5,0,major,F0,minor,D0,4,4.0
2/2,5,0,major,F0,minor,E0,4,4.0
2/2,5,0,major,F0,minor,F0,4,4.0
2/2,5,0,major,F0,minor,G0,4,4.0
2/2,6,0,major,C0,major,C0,4,4.0
2/2,6,0,major,C0,major,D0,4,4.0
2/2,6,0,major,C0,major,E0,4,4.0
2/2,6,0,major,C0,major,F0,4,4.0
2/2,7,0,major,C0,major,G0,4,4.0
2/2,7,0,major,C0,major,A0,4,4.0
2/2,7,0,major,C0,major,B0,4,4.0
2/2,7,0,major,C0,major,C0,5,4.0
2/2,8,0,major,D0,dominant-13th,B0,4,16.0
2/2,9,0,major,C#,diminished,B0,4,4.0
2/2,9,0,major,C#,diminished,A0,4,4.0
2/2,9,0,major,C#,diminished,B0,4,4.0
2/2,9,0,major,C#,diminished,C0,5,4.0
2/2,10,0,major,C0,major,C0,5,4.0
2/2,10,0,major,C0,major,C0,4,4.0
2/2,10,0,major,C0,major,D0,4,4.0
2/2,10,0,major,C0,major,C0,4,4.0
2/2,11,0,major,D0,minor-ninth,E0,4,4.0
2/2,11,0,major,D0,minor-ninth,C0,4,4.0
2/2,11,0,major,D0,minor-ninth,E0,4,4.0
2/2,11,0,major,D0,minor-ninth,E0,4,4.0
2/2,12,0,major,C0,major-sixth,E0,4,16.0
2/2,13,0,major,C0,major-sixth,E0,4,12.0
2/2,13,0,major,C0,major-sixth,G0,4,4.0
2/2,14,0,major,C#,diminished,C0,4,8.0
2/2,14,0,major,C#,diminished,G0,4,8.0
2/2,15,0,major,D0,minor-seventh,D0,4,16.0
2/2,16,0,major,G0,dominant,D0,4,8.0
2/2,16,0,major,G0,dominant,C0,4,4.0
2/2,16,0,major,G0,dominant,D0,4,4.0
2/2,17,0,major,C0,major,E0,4,2.0
2/2,17,0,major,C0,major,E0,4,2.0
2/2,17,0,major,C0,major,E0,4,12.0
2/2,18,0,major,C#,diminished,E0,4,8.0
2/2,18,0,major,C#,diminished,G0,4,8.0
2/2,19,0,major,D0,minor-seventh,D0,4,16.0
2/2,20,0,major,G0,dominant,D0,4,8.0
2/2,20,0,major,G0,dominant,C0,4,4.0
2/2,20,0,major,G0,dominant,D0,4,4.0
2/2,21,0,major,C0,major,E0,4,2.0
2/2,21,0,major,C0,major,E0,4,2.0
2/2,21,0,major,C0,major,E0,4,12.0
2/2,22,0,major,A0,dominant,E0,4,8.0
2/2,22,0,major,A0,dominant,F0,4,4.0
2/2,22,0,major,A0,dominant,E0,4,4.0
2/2,23,0,major,D0,minor,D0,4,4.0
2/2,23,0,major,D0,minor,E0,4,4.0
2/2,23,0,major,D0,minor,F0,4,4.0
2/2,23,0,major,D0,minor,G0,4,4.0
2/2,24,0,major,D0,minor,A0,4,4.0
2/2,24,0,major,D0,minor,B0,4,4.0
2/2,24,0,major,D0,minor,C0,5,4.0
2/2,24,0,major,D0,minor,C#,5,4.0
2/2,25,0,major,D0,dominant-13th,D0,5,8.0
2/2,25,0,major,D0,dominant-13th,B0,4,8.0
2/2,26,0,major,G0,dominant,G0,4,12.0
2/2,26,0,major,G0,dominant,G0,4,4.0
2/2,27,0,major,C0,major,C0,5,4.0
2/2,27,0,major,C0,major,B0,4,4.0
2/2,27,0,major,C0,major,C0,5,4.0
2/2,27,0,major,C0,major,B0,4,4.0
2/2,28,0,major,C#,diminished,A0,4,4.0
2/2,28,0,major,C#,diminished,G0,4,4.0
2/2,28,0,major,C#,diminished,A0,4,4.0
2/2,28,0,major,C#,diminished,G0,4,4.0
2/2,29,0,major,D0,minor,F0,4,4.0
2/2,29,0,major,D0,minor,E0,4,4.0
2/2,29,0,major,D0,minor,F0,4,4.0
2/2,29,0,major,D0,minor,E0,4,4.0
2/2,30,0,major,F0,minor,D0,4,4.0
2/2,30,0,major,F0,minor,E0,4,4.0
2/2,30,0,major,F0,minor,F0,4,4.0
2/2,30,0,major,F0,minor,G0,4,4.0
2/2,31,0,major,C0,major,C0,4,4.0
2/2,31,0,major,C0,major,D0,4,4.0
2/2,31,0,major,C0,major,E0,4,4.0
2/2,31,0,major,C0,major,F0,4,4.0
2/2,32,0,major,C0,major,G0,4,4.0
2/2,32,0,major,C0,major,A0,4,4.0
2/2,32,0,major,C0,major,B0,4,4.0
2/2,32,0,major,C0,major,C0,5,4.0
2/2,33,0,major,D0,dominant-13th,D0,5,16.0
2/2,34,0,major,F0,minor,D0,5,4.0
2/2,34,0,major,F0,minor,C0,5,4.0
2/2,34,0,major,F0,minor,D0,5,4.0
2/2,34,0,major,F0,minor,C0,5,4.0
2/2,35,0,major,C0,major,E0,5,4.0
2/2,35,0,major,C0,major,C0,5,4.0
2/2,35,0,major,C0,major,D0,5,4.0
2/2,35,0,major,C0,major,C0,5,4.0
2/2,36,0,major,D0,dominant-ninth,E0,5,4.0
2/2,36,0,major,D0,dominant-ninth,C0,5,4.0
2/2,36,0,major,D0,dominant-ninth,C0,5,4.0
2/2,36,0,major,D0,dominant-ninth,C0,5,4.0
2/2,37,0,major,C0,major-sixth,C0,5,16.0
2/2,38,0,major,C0,major-sixth,C0,5,4.0
2/2,38,0,major,C0,major-sixth,rest,0,4.0
2/2,38,0,major,C0,major-sixth,rest,0,8.0
