time,measure,key_fifths,key_mode,chord_root,chord_type,note_root,note_octave,note_duration
2/2,1,3,major,A0,major,E0,4,6.0
2/2,1,3,major,A0,major,C#,4,2.0
2/2,1,3,major,A0,major,C#,4,4.0
2/2,1,3,major,A0,major,rest,0,4.0
2/2,2,3,major,D0,major,F#,4,4.0
2/2,2,3,major,D0,major,F#,4,4.0
2/2,2,3,major,D0,major,F#,4,3.0
2/2,2,3,major,D0,major,G#,4,1.0
2/2,2,3,major,D0,major,F#,4,4.0
2/2,3,3,major,A0,major,E0,4,6.0
2/2,3,3,major,A0,major,C#,4,2.0
2/2,3,3,major,A0,major,C#,4,4.0
2/2,3,3,major,A0,major,rest,0,4.0
2/2,4,3,major,A0,major,rest,0,16.0
2/2,5,3,major,D0,major,F#,4,6.0
2/2,5,3,major,D0,major,D0,4,2.0
2/2,5,3,major,D0,major,D0,4,4.0
2/2,5,3,major,D0,major,rest,0,4.0
2/2,6,3,major,D0,major,F#,4,4.0
2/2,6,3,major,D0,major,F#,4,4.0
2/2,6,3,major,D0,major,F#,4,3.0
2/2,6,3,major,D0,major,G#,4,1.0
2/2,6,3,major,D0,major,F#,4,4.0
2/2,7,3,major,A0,major,E0,4,6.0
2/2,7,3,major,A0,major,C#,4,2.0
2/2,7,3,major,A0,major,C#,4,4.0
2/2,7,3,major,A0,major,rest,0,4.0
2/2,8,3,major,A0,major,rest,0,16.0
2/2,9,3,major,E0,major,G#,4,6.0
2/2,9,3,major,E0,major,E0,4,2.0
2/2,9,3,major,E0,major,E0,4,4.0
2/2,9,3,major,E0,major,rest,0,4.0
2/2,10,3,major,D0,major,D0,4,4.0
2/2,10,3,major,D0,major,D0,4,4.0
2/2,10,3,major,D0,major,D0,4,3.0
2/2,10,3,major,D0,major,E0,4,1.0
2/2,10,3,major,D0,major,D0,4,4.0
2/2,11,3,major,A0,major,C#,4,6.0
2/2,11,3,major,A0,major,A0,4,2.0
2/2,11,3,major,A0,major,A0,4,8.0
2/2,12,3,major,A0,major,A0,4,4.0
2/2,12,3,major,A0,major,rest,0,4.0
2/2,12,3,major,A0,major,rest,0,2.0
2/2,12,3,major,A0,major,A0,4,4.0
2/2,12,3,major,A0,major,F#,4,2.0
2/2,13,3,major,D0,major,A0,4,4.0
2/2,13,3,major,D0,major,A0,4,4.0
2/2,13,3,major,D0,major,A0,4,3.0
2/2,13,3,major,D0,major,B0,4,1.0
2/2,13,3,major,D0,major,A0,4,2.0
2/2,13,3,major,D0,major,F#,4,2.0
2/2,14,3,major,D0,major,A0,4,4.0
2/2,14,3,major,D0,major,A0,4,2.0
2/2,14,3,major,D0,major,A0,4,2.0
2/2,14,3,major,D0,major,A0,4,3.0
2/2,14,3,major,D0,major,B0,4,1.0
2/2,14,3,major,D0,major,A0,4,2.0
2/2,14,3,major,D0,major,F#,4,2.0
2/2,15,3,major,A0,major,A0,4,6.0
2/2,15,3,major,A0,major,C#,5,2.0
2/2,15,3,major,A0,major,C#,5,4.0
2/2,15,3,major,A0,major,rest,0,4.0
2/2,16,3,major,A0,major,rest,0,8.0
2/2,16,3,major,A0,major,rest,0,2.0
2/2,16,3,major,A0,major,A0,4,4.0
2/2,16,3,major,A0,major,F#,4,2.0
2/2,17,3,major,D0,major,A0,4,4.0
2/2,17,3,major,D0,major,A0,4,4.0
2/2,17,3,major,D0,major,A0,4,3.0
2/2,17,3,major,D0,major,B0,4,1.0
2/2,17,3,major,D0,major,A0,4,2.0
2/2,17,3,major,D0,major,F#,4,2.0
2/2,18,3,major,D0,major,A0,4,4.0
2/2,18,3,major,D0,major,A0,4,2.0
2/2,18,3,major,D0,major,A0,4,2.0
2/2,18,3,major,D0,major,A0,4,3.0
2/2,18,3,major,D0,major,B0,4,1.0
2/2,18,3,major,D0,major,A0,4,2.0
2/2,18,3,major,D0,major,F#,4,2.0
2/2,19,3,major,A0,major,A0,4,6.0
2/2,19,3,major,A0,major,F#,4,2.0
2/2,19,3,major,A0,major,E0,4,4.0
2/2,19,3,major,A0,major,rest,0,4.0
2/2,20,3,major,A0,major,rest,0,8.0
2/2,20,3,major,A0,major,rest,0,2.0
2/2,20,3,major,A0,major,A0,4,4.0
2/2,20,3,major,A0,major,A0,4,2.0
2/2,21,3,major,E0,major,B0,4,4.0
2/2,21,3,major,E0,major,B0,4,2.0
2/2,21,3,major,E0,major,B0,4,2.0
2/2,21,3,major,E0,major,B0,4,3.0
2/2,21,3,major,E0,major,C#,5,1.0
2/2,21,3,major,E0,major,B0,4,2.0
2/2,21,3,major,E0,major,G#,4,2.0
2/2,22,3,major,D0,major,A0,4,4.0
2/2,22,3,major,D0,major,A0,4,4.0
2/2,22,3,major,D0,major,A0,4,3.0
2/2,22,3,major,D0,major,B0,4,1.0
2/2,22,3,major,D0,major,A0,4,2.0
2/2,22,3,major,D0,major,F#,4,2.0
2/2,23,3,major,A0,major,A0,4,6.0
2/2,23,3,major,A0,major,C#,5,2.0
2/2,23,3,major,A0,major,C#,5,4.0
2/2,23,3,major,A0,major,rest,0,4.0
2/2,24,3,major,A0,major,rest,0,16.0
2/2,25,3,major,A0,major,A0,4,6.0
2/2,25,3,major,A0,major,C#,5,2.0
2/2,25,3,major,A0,major,C#,5,4.0
2/2,25,3,major,A0,major,rest,0,4.0
2/2,26,3,major,A0,major,rest,0,16.0
2/2,27,3,major,A0,major,C#,4,6.0
2/2,27,3,major,A0,major,A0,4,2.0
2/2,27,3,major,A0,major,A0,4,8.0
2/2,28,3,major,A0,major,A0,4,4.0
2/2,28,3,major,A0,major,rest,0,4.0
2/2,28,3,major,A0,major,rest,0,8.0
2/2,29,3,major,E0,major,G#,4,6.0
2/2,29,3,major,E0,major,E0,4,2.0
2/2,29,3,major,E0,major,E0,4,8.0
2/2,30,3,major,D0,major,D0,4,4.0
2/2,30,3,major,D0,major,D0,4,4.0
2/2,30,3,major,D0,major,D0,4,3.0
2/2,30,3,major,D0,major,E0,4,1.0
2/2,30,3,major,D0,major,D0,4,4.0
2/2,31,3,major,A0,major,C#,4,6.0
2/2,31,3,major,A0,major,A0,4,2.0
2/2,31,3,major,A0,major,A0,4,8.0
2/2,32,3,major,A0,major,rest,0,4.0
2/2,32,3,major,A0,major,A0,4,2.0
2/2,32,3,major,A0,major,A0,4,2.0
2/2,32,3,major,A0,major,rest,0,8.0
