time,measure,key_fifths,key_mode,chord_root,chord_type,note_root,note_octave,note_duration
4/4,1,1,minor,A0,minor,rest,0,16.0
4/4,2,1,minor,A0,minor,rest,0,16.0
4/4,3,1,minor,A0,minor,G0,4,2.0
4/4,3,1,minor,A0,minor,A0,4,2.0
4/4,3,1,minor,A0,minor,A0,4,1.0
4/4,3,1,minor,A0,minor,A0,4,3.0
4/4,3,1,minor,A0,minor,G0,4,2.0
4/4,3,1,minor,A0,minor,A0,4,2.0
4/4,3,1,minor,A0,minor,A0,4,1.0
4/4,3,1,minor,A0,minor,A0,4,3.0
4/4,4,1,minor,A0,minor,G0,4,2.0
4/4,4,1,minor,A0,minor,A0,4,2.0
4/4,4,1,minor,A0,minor,A0,4,1.0
4/4,4,1,minor,A0,minor,B0,4,3.0
4/4,4,1,minor,A0,minor,C0,5,2.0
4/4,4,1,minor,A0,minor,B0,4,2.0
4/4,4,1,minor,A0,minor,A0,4,2.0
4/4,4,1,minor,A0,minor,G0,4,2.0
4/4,5,1,minor,E0,minor,B0,4,4.0
4/4,5,1,minor,E0,minor,rest,0,4.0
4/4,5,1,minor,E0,minor,E0,4,4.0
4/4,5,1,minor,E0,minor,B0,4,4.0
4/4,6,1,minor,D0,major,D0,4,6.0
4/4,6,1,minor,D0,major,A0,4,2.0
4/4,6,1,minor,D0,major,A0,4,4.0
4/4,6,1,minor,D0,major,rest,0,4.0
4/4,7,1,minor,A0,minor,G0,4,2.0
4/4,7,1,minor,A0,minor,A0,4,2.0
4/4,7,1,minor,A0,minor,A0,4,4.0
4/4,7,1,minor,A0,minor,G0,4,1.0
4/4,7,1,minor,A0,minor,A0,4,3.0
4/4,7,1,minor,A0,minor,A0,4,4.0
4/4,8,1,minor,A0,minor,rest,0,2.0
4/4,8,1,minor,A0,minor,A0,4,2.0
4/4,8,1,minor,A0,minor,A0,4,2.0
4/4,8,1,minor,A0,minor,B0,4,2.0
4/4,8,1,minor,A0,minor,C0,5,2.0
4/4,8,1,minor,A0,minor,B0,4,2.0
4/4,8,1,minor,A0,minor,A0,4,2.0
4/4,8,1,minor,A0,minor,G0,4,2.0
4/4,9,1,minor,E0,minor,B0,4,4.0
4/4,9,1,minor,E0,minor,rest,0,4.0
4/4,9,1,minor,E0,minor,E0,4,4.0
4/4,9,1,minor,E0,minor,B0,4,4.0
4/4,10,1,minor,D0,major,D0,4,6.0
4/4,10,1,minor,D0,major,A0,4,2.0
4/4,10,1,minor,D0,major,A0,4,4.0
4/4,10,1,minor,D0,major,rest,0,4.0
4/4,11,1,minor,E0,minor,rest,0,4.0
4/4,11,1,minor,E0,minor,rest,0,3.0
4/4,11,1,minor,E0,minor,E0,4,1.0
4/4,11,1,minor,E0,minor,G0,4,1.0
4/4,11,1,minor,E0,minor,A0,4,3.0
4/4,11,1,minor,E0,minor,B0,4,2.0
4/4,11,1,minor,E0,minor,G0,4,2.0
4/4,12,1,minor,D0,major,A0,4,4.0
4/4,12,1,minor,D0,major,rest,0,4.0
4/4,12,1,minor,D0,major,rest,0,8.0
4/4,13,1,minor,E0,minor,rest,0,4.0
4/4,13,1,minor,E0,minor,G0,4,2.0
4/4,13,1,minor,E0,minor,A0,4,2.0
4/4,13,1,minor,E0,minor,B0,4,4.0
4/4,13,1,minor,E0,minor,A0,4,2.0
4/4,13,1,minor,E0,minor,G0,4,2.0
4/4,14,1,minor,D0,major,A0,4,4.0
4/4,14,1,minor,D0,major,A0,4,2.0
4/4,14,1,minor,D0,major,G0,4,2.0
4/4,14,1,minor,D0,major,A0,4,2.0
4/4,14,1,minor,D0,major,G0,4,1.0
4/4,14,1,minor,D0,major,F#,4,1.0
4/4,14,1,minor,D0,major,F#,4,2.0
4/4,14,1,minor,D0,major,G0,4,2.0
4/4,15,1,minor,E0,minor,rest,0,4.0
4/4,15,1,minor,E0,minor,rest,0,3.0
4/4,15,1,minor,E0,minor,G0,4,1.0
4/4,15,1,minor,E0,minor,B0,4,2.0
4/4,15,1,minor,E0,minor,D0,5,2.0
4/4,15,1,minor,E0,minor,B0,4,2.0
4/4,15,1,minor,E0,minor,G0,4,2.0
4/4,16,1,minor,D0,major,A0,4,4.0
4/4,16,1,minor,D0,major,rest,0,2.0
4/4,16,1,minor,D0,major,B0,4,2.0
4/4,16,1,minor,D0,major,A0,4,2.0
4/4,16,1,minor,D0,major,G0,4,2.0
4/4,16,1,minor,D0,major,E0,4,2.0
4/4,16,1,minor,D0,major,D0,4,2.0
4/4,17,1,minor,E0,minor,E0,4,2.0
4/4,17,1,minor,E0,minor,D0,4,2.0
4/4,17,1,minor,E0,minor,E0,4,4.0
4/4,17,1,minor,E0,minor,rest,0,8.0
4/4,18,1,minor,E0,minor,rest,0,16.0
4/4,19,1,minor,E0,minor,rest,0,4.0
4/4,19,1,minor,E0,minor,rest,0,3.0
4/4,19,1,minor,E0,minor,E0,4,1.0
4/4,19,1,minor,E0,minor,G0,4,1.0
4/4,19,1,minor,E0,minor,A0,4,3.0
4/4,19,1,minor,E0,minor,B0,4,2.0
4/4,19,1,minor,E0,minor,G0,4,2.0
4/4,20,1,minor,D0,major,A0,4,4.0
4/4,20,1,minor,D0,major,rest,0,4.0
4/4,20,1,minor,D0,major,rest,0,8.0
4/4,21,1,minor,E0,minor,rest,0,4.0
4/4,21,1,minor,E0,minor,rest,0,3.0
4/4,21,1,minor,E0,minor,E0,4,1.0
4/4,21,1,minor,E0,minor,G0,4,1.0
4/4,21,1,minor,E0,minor,A0,4,3.0
4/4,21,1,minor,E0,minor,B0,4,2.0
4/4,21,1,minor,E0,minor,G0,4,2.0
4/4,22,1,minor,D0,major,A0,4,4.0
4/4,22,1,minor,D0,major,F#,4,2.0
4/4,22,1,minor,D0,major,F#,4,2.0
4/4,22,1,minor,D0,major,G0,4,2.0
4/4,22,1,minor,D0,major,G0,4,2.0
4/4,22,1,minor,D0,major,G0,4,1.0
4/4,22,1,minor,D0,major,F#,4,3.0
4/4,23,1,minor,E0,minor,rest,0,3.0
4/4,23,1,minor,E0,minor,E0,4,1.0
4/4,23,1,minor,E0,minor,G0,4,2.0
4/4,23,1,minor,E0,minor,A0,4,1.0
4/4,23,1,minor,E0,minor,B0,4,1.0
4/4,23,1,minor,E0,minor,B0,4,2.0
4/4,23,1,minor,E0,minor,D0,5,2.0
4/4,23,1,minor,E0,minor,B0,4,2.0
4/4,23,1,minor,E0,minor,G0,4,2.0
4/4,24,1,minor,D0,major,A0,4,4.0
4/4,24,1,minor,D0,major,rest,0,4.0
4/4,24,1,minor,D0,major,B0,4,2.0
4/4,24,1,minor,D0,major,A0,4,2.0
4/4,24,1,minor,D0,major,G0,4,2.0
4/4,24,1,minor,D0,major,F#,4,2.0
4/4,25,1,minor,E0,minor,E0,4,2.0
4/4,25,1,minor,E0,minor,D0,4,2.0
4/4,25,1,minor,E0,minor,E0,4,4.0
4/4,25,1,minor,E0,minor,rest,0,8.0
4/4,26,1,minor,E0,minor,rest,0,12.0
4/4,26,1,minor,E0,minor,D0,5,1.0
4/4,26,1,minor,E0,minor,D0,5,1.0
4/4,26,1,minor,E0,minor,E0,5,1.0
4/4,26,1,minor,E0,minor,E0,5,1.0
4/4,27,1,minor,C0,major,G0,5,2.0
4/4,27,1,minor,C0,major,E0,5,2.0
4/4,27,1,minor,C0,major,rest,0,8.0
4/4,27,1,minor,C0,major,G0,5,2.0
4/4,27,1,minor,C0,major,A0,5,2.0
4/4,28,1,minor,D0,major,G0,5,2.0
4/4,28,1,minor,D0,major,F#,5,2.0
4/4,28,1,minor,D0,major,F#,5,2.0
4/4,28,1,minor,D0,major,D0,5,1.0
4/4,28,1,minor,D0,major,D0,5,1.0
4/4,28,1,minor,D0,major,D0,5,2.0
4/4,28,1,minor,D0,major,B0,4,2.0
4/4,28,1,minor,D0,major,D0,5,2.0
4/4,28,1,minor,D0,major,E0,5,2.0
4/4,29,1,minor,E0,minor,B0,4,4.0
4/4,29,1,minor,E0,minor,A0,4,2.0
4/4,29,1,minor,E0,minor,G0,4,2.0
4/4,29,1,minor,E0,minor,G0,4,4.0
4/4,29,1,minor,E0,minor,rest,0,4.0
4/4,30,1,minor,E0,minor,rest,0,12.0
4/4,30,1,minor,E0,minor,D0,5,1.0
4/4,30,1,minor,E0,minor,D0,5,1.0
4/4,30,1,minor,E0,minor,E0,5,1.0
4/4,30,1,minor,E0,minor,E0,5,1.0
4/4,31,1,minor,C0,major,G0,5,2.0
4/4,31,1,minor,C0,major,E0,5,2.0
4/4,31,1,minor,C0,major,rest,0,12.0
4/4,32,1,minor,D0,major,G0,5,2.0
4/4,32,1,minor,D0,major,F#,5,2.0
4/4,32,1,minor,D0,major,D0,5,4.0
4/4,32,1,minor,D0,major,D0,5,2.0
4/4,32,1,minor,D0,major,E0,5,4.0
4/4,32,1,minor,D0,major,D0,5,2.0
4/4,33,1,minor,A0,minor,B0,4,4.0
4/4,33,1,minor,A0,minor,A0,4,2.0
4/4,33,1,minor,A0,minor,B0,4,2.0
4/4,33,1,minor,A0,minor,B0,4,4.0
4/4,33,1,minor,A0,minor,rest,0,4.0
4/4,34,1,minor,A0,minor,rest,0,8.0
4/4,34,1,minor,A0,minor,rest,0,2.0
4/4,34,1,minor,A0,minor,G0,4,2.0
4/4,34,1,minor,A0,minor,D0,5,2.0
4/4,34,1,minor,A0,minor,C0,5,2.0
4/4,35,1,minor,C0,major,B0,4,2.0
4/4,35,1,minor,C0,major,A0,4,2.0
4/4,35,1,minor,C0,major,G0,4,8.0
4/4,35,1,minor,C0,major,rest,0,4.0
4/4,36,1,minor,C0,major,rest,0,16.0
4/4,37,1,minor,E0,minor,rest,0,4.0
4/4,37,1,minor,E0,minor,rest,0,3.0
4/4,37,1,minor,E0,minor,E0,4,1.0
4/4,37,1,minor,E0,minor,G0,4,1.0
4/4,37,1,minor,E0,minor,A0,4,3.0
4/4,37,1,minor,E0,minor,B0,4,2.0
4/4,37,1,minor,E0,minor,G0,4,2.0
4/4,38,1,minor,D0,major,A0,4,4.0
4/4,38,1,minor,D0,major,rest,0,4.0
4/4,38,1,minor,D0,major,rest,0,8.0
4/4,39,1,minor,E0,minor,rest,0,4.0
4/4,39,1,minor,E0,minor,G0,4,2.0
4/4,39,1,minor,E0,minor,A0,4,2.0
4/4,39,1,minor,E0,minor,B0,4,4.0
4/4,39,1,minor,E0,minor,A0,4,2.0
4/4,39,1,minor,E0,minor,G0,4,2.0
4/4,40,1,minor,D0,major,A0,4,4.0
4/4,40,1,minor,D0,major,G0,4,2.0
4/4,40,1,minor,D0,major,F#,4,2.0
4/4,40,1,minor,D0,major,G0,4,2.0
4/4,40,1,minor,D0,major,F#,4,2.0
4/4,40,1,minor,D0,major,F#,4,2.0
4/4,40,1,minor,D0,major,rest,0,2.0
4/4,41,1,minor,E0,minor,rest,0,4.0
4/4,41,1,minor,E0,minor,G0,4,1.0
4/4,41,1,minor,E0,minor,A0,4,3.0
4/4,41,1,minor,E0,minor,B0,4,1.0
4/4,41,1,minor,E0,minor,D0,5,3.0
4/4,41,1,minor,E0,minor,B0,4,2.0
4/4,41,1,minor,E0,minor,G0,4,2.0
4/4,42,1,minor,D0,major,A0,4,4.0
4/4,42,1,minor,D0,major,rest,0,1.0
4/4,42,1,minor,D0,major,A0,4,1.0
4/4,42,1,minor,D0,major,B0,4,2.0
4/4,42,1,minor,D0,major,A0,4,3.0
4/4,42,1,minor,D0,major,G0,4,1.0
4/4,42,1,minor,D0,major,E0,4,2.0
4/4,42,1,minor,D0,major,D0,4,2.0
4/4,43,1,minor,C0,major,G0,4,8.0
4/4,43,1,minor,C0,major,F#,4,8.0
4/4,44,1,minor,E0,minor,E0,4,16.0
4/4,45,1,minor,E0,minor,rest,0,16.0
4/4,46,1,minor,E0,minor,rest,0,16.0
4/4,47,1,minor,E0,minor,rest,0,16.0
4/4,48,1,minor,E0,minor,rest,0,16.0
4/4,49,1,minor,E0,minor,rest,0,16.0
4/4,50,1,minor,E0,minor,rest,0,16.0
4/4,51,1,minor,E0,minor,rest,0,16.0
4/4,52,1,minor,E0,minor,rest,0,16.0
4/4,53,1,minor,E0,minor,rest,0,12.0
4/4,53,1,minor,E0,minor,D0,5,1.0
4/4,53,1,minor,E0,minor,D0,5,1.0
4/4,53,1,minor,E0,minor,E0,5,1.0
4/4,53,1,minor,E0,minor,E0,5,1.0
4/4,54,1,minor,C0,major,G0,5,2.0
4/4,54,1,minor,C0,major,E0,5,2.0
4/4,54,1,minor,C0,major,rest,0,8.0
4/4,54,1,minor,C0,major,G0,5,2.0
4/4,54,1,minor,C0,major,A0,5,2.0
4/4,55,1,minor,D0,major,G0,5,2.0
4/4,55,1,minor,D0,major,F#,5,2.0
4/4,55,1,minor,D0,major,F#,5,2.0
4/4,55,1,minor,D0,major,D0,5,1.0
4/4,55,1,minor,D0,major,D0,5,1.0
4/4,55,1,minor,D0,major,D0,5,2.0
4/4,55,1,minor,D0,major,B0,4,2.0
4/4,55,1,minor,D0,major,D0,5,2.0
4/4,55,1,minor,D0,major,E0,5,2.0
4/4,56,1,minor,E0,minor,B0,4,4.0
4/4,56,1,minor,E0,minor,A0,4,2.0
4/4,56,1,minor,E0,minor,G0,4,2.0
4/4,56,1,minor,E0,minor,G0,4,4.0
4/4,56,1,minor,E0,minor,rest,0,4.0
4/4,57,1,minor,E0,minor,rest,0,12.0
4/4,57,1,minor,E0,minor,D0,5,1.0
4/4,57,1,minor,E0,minor,D0,5,1.0
4/4,57,1,minor,E0,minor,E0,5,1.0
4/4,57,1,minor,E0,minor,E0,5,1.0
4/4,58,1,minor,C0,major,G0,5,2.0
4/4,58,1,minor,C0,major,E0,5,2.0
4/4,58,1,minor,C0,major,rest,0,12.0
4/4,59,1,minor,D0,major,G0,5,2.0
4/4,59,1,minor,D0,major,F#,5,2.0
4/4,59,1,minor,D0,major,D0,5,4.0
4/4,59,1,minor,D0,major,D0,5,2.0
4/4,59,1,minor,D0,major,E0,5,4.0
4/4,59,1,minor,D0,major,D0,5,2.0
4/4,60,1,minor,A0,minor,B0,4,4.0
4/4,60,1,minor,A0,minor,A0,4,2.0
4/4,60,1,minor,A0,minor,B0,4,2.0
4/4,60,1,minor,A0,minor,B0,4,4.0
4/4,60,1,minor,A0,minor,rest,0,4.0
4/4,61,1,minor,A0,minor,rest,0,8.0
4/4,61,1,minor,A0,minor,rest,0,2.0
4/4,61,1,minor,A0,minor,G0,4,2.0
4/4,61,1,minor,A0,minor,D0,5,2.0
4/4,61,1,minor,A0,minor,C0,5,2.0
4/4,62,1,minor,C0,major,B0,4,2.0
4/4,62,1,minor,C0,major,A0,4,2.0
4/4,62,1,minor,C0,major,G0,4,8.0
4/4,62,1,minor,C0,major,rest,0,4.0
4/4,63,1,minor,C0,major,rest,0,16.0
