time,measure,key_fifths,key_mode,chord_root,chord_type,note_root,note_octave,note_duration
4/4,1,-3,major,[],[],rest,0,8.0
4/4,1,-3,major,[],[],G0,4,4.0
4/4,1,-3,major,[],[],Bb,4,4.0
4/4,2,-3,major,Eb,major,Eb,5,8.0
4/4,2,-3,major,Eb,major,Eb,5,8.0
4/4,3,-3,major,G0,minor-seventh,D0,5,4.0
4/4,3,-3,major,G0,minor-seventh,Bb,4,8.0
4/4,3,-3,major,G0,minor-seventh,Eb,4,4.0
4/4,4,-3,major,Ab,major,C0,5,8.0
4/4,4,-3,major,Ab,major,C0,5,4.0
4/4,4,-3,major,Ab,major,C0,5,4.0
4/4,5,-3,major,Eb,major,Bb,4,4.0
4/4,5,-3,major,Eb,major,G0,4,8.0
4/4,5,-3,major,Eb,major,Eb,4,4.0
4/4,6,-3,major,F0,minor-seventh,Ab,4,8.0
4/4,6,-3,major,F0,minor-seventh,Ab,4,8.0
4/4,7,-3,major,Bb,dominant,G0,4,4.0
4/4,7,-3,major,Bb,dominant,F0,4,4.0
4/4,7,-3,major,Bb,dominant,Eb,4,4.0
4/4,7,-3,major,Bb,dominant,F0,4,4.0
4/4,8,-3,major,G0,minor-seventh,G0,4,16.0
4/4,9,-3,major,F0,minor-seventh,G0,4,4.0
4/4,9,-3,major,F0,minor-seventh,rest,0,4.0
4/4,9,-3,major,F0,minor-seventh,G0,4,4.0
4/4,9,-3,major,F0,minor-seventh,Bb,4,4.0
4/4,10,-3,major,Eb,major,Eb,4,16.0
4/4,11,-3,major,Eb,major,Eb,4,8.0
4/4,11,-3,major,Eb,major,rest,0,4.0
4/4,11,-3,major,Eb,major,Eb,4,4.0
4/4,12,-3,major,Ab,major,C0,5,2.0
4/4,12,-3,major,Ab,major,Ab,4,2.0
4/4,12,-3,major,Ab,major,Bb,4,4.0
4/4,12,-3,major,Ab,major,C0,5,4.0
4/4,12,-3,major,Ab,major,C0,5,4.0
4/4,13,-3,major,A0,major,C0,5,12.0
4/4,13,-3,major,A0,major,D0,5,4.0
4/4,14,-3,major,Eb,major,Bb,4,2.0
4/4,14,-3,major,Eb,major,G0,4,2.0
4/4,14,-3,major,Eb,major,Ab,4,4.0
4/4,14,-3,major,Eb,major,Bb,4,4.0
4/4,14,-3,major,Eb,major,Bb,4,4.0
4/4,15,-3,major,Eb,major,G0,4,8.0
4/4,15,-3,major,Eb,major,rest,0,4.0
4/4,15,-3,major,Eb,major,Eb,4,4.0
4/4,16,-3,major,Ab,major,C0,5,2.0
4/4,16,-3,major,Ab,major,Ab,4,2.0
4/4,16,-3,major,Ab,major,Bb,4,4.0
4/4,16,-3,major,Ab,major,C0,5,4.0
4/4,16,-3,major,Ab,major,C0,5,4.0
4/4,17,-3,major,C0,minor-seventh,Eb,5,12.0
4/4,17,-3,major,C0,minor-seventh,C0,5,2.0
4/4,17,-3,major,C0,minor-seventh,D0,5,2.0
4/4,18,-3,major,F0,dominant,Eb,5,4.0
4/4,18,-3,major,F0,dominant,D0,5,2.0
4/4,18,-3,major,F0,dominant,Eb,5,2.0
4/4,18,-3,major,F0,dominant,D0,5,4.0
4/4,18,-3,major,F0,dominant,C0,5,4.0
4/4,19,-3,major,Bb,dominant,F0,4,4.0
4/4,19,-3,major,Bb,dominant,rest,0,4.0
4/4,19,-3,major,Bb,dominant,G0,4,4.0
4/4,19,-3,major,Bb,dominant,Bb,4,4.0
4/4,20,-3,major,Eb,major,Eb,5,8.0
4/4,20,-3,major,Eb,major,Eb,5,8.0
4/4,21,-3,major,G0,minor-seventh,D0,5,4.0
4/4,21,-3,major,G0,minor-seventh,Bb,4,8.0
4/4,21,-3,major,G0,minor-seventh,Eb,4,4.0
4/4,22,-3,major,Ab,major,C0,5,8.0
4/4,22,-3,major,Ab,major,C0,5,4.0
4/4,22,-3,major,Ab,major,C0,5,4.0
4/4,23,-3,major,Eb,major,Bb,4,4.0
4/4,23,-3,major,Eb,major,G0,4,8.0
4/4,23,-3,major,Eb,major,Eb,4,4.0
4/4,24,-3,major,F0,minor-seventh,Ab,4,8.0
4/4,24,-3,major,F0,minor-seventh,Ab,4,8.0
4/4,25,-3,major,Bb,dominant,G0,4,4.0
4/4,25,-3,major,Bb,dominant,F0,4,4.0
4/4,25,-3,major,Bb,dominant,Eb,4,4.0
4/4,25,-3,major,Bb,dominant,F0,4,4.0
4/4,26,-3,major,Db,major,Eb,4,4.0
4/4,26,-3,major,Db,major,rest,0,4.0
4/4,26,-3,major,Db,major,Bb,4,4.0
4/4,26,-3,major,Db,major,Ab,4,2.0
4/4,26,-3,major,Db,major,G0,4,2.0
4/4,27,-3,major,Eb,major,Bb,4,8.0
4/4,27,-3,major,Eb,major,rest,0,8.0
