time,measure,key_fifths,key_mode,chord_root,chord_type,note_root,note_octave,note_duration
3/4,0,1,major,[],[],rest,0,8.0
3/4,0,1,major,[],[],D0,4,4.0
3/4,1,1,major,G0,major-seventh,B0,4,8.0
3/4,1,1,major,G0,major-seventh,F#,4,4.0
3/4,2,1,major,G0,major-sixth,E0,4,8.0
3/4,2,1,major,G0,major-sixth,D0,4,4.0
3/4,3,1,major,G0,major-ninth,D0,4,4.0
3/4,3,1,major,G0,major-ninth,B0,4,4.0
3/4,3,1,major,G0,major-ninth,F#,4,4.0
3/4,4,1,major,G0,major-sixth,E0,4,8.0
3/4,4,1,major,G0,major-sixth,D0,4,4.0
3/4,5,1,major,G0,minor-ninth,Bb,4,8.0
3/4,5,1,major,G0,minor-ninth,F0,4,4.0
3/4,6,1,major,C0,dominant,E0,4,8.0
3/4,6,1,major,C0,dominant,D0,4,4.0
3/4,7,1,major,G0,minor-ninth,D0,4,4.0
3/4,7,1,major,G0,minor-ninth,Bb,4,4.0
3/4,7,1,major,G0,minor-ninth,F0,4,4.0
3/4,8,1,major,C0,dominant,E0,4,8.0
3/4,8,1,major,C0,dominant,C0,4,4.0
3/4,9,1,major,F0,major-seventh,A0,4,8.0
3/4,9,1,major,F0,major-seventh,E0,4,4.0
3/4,10,1,major,F0,major-sixth,D0,4,8.0
3/4,10,1,major,F0,major-sixth,C0,4,4.0
3/4,11,1,major,F0,major-seventh,C0,4,4.0
3/4,11,1,major,F0,major-seventh,A0,4,4.0
3/4,11,1,major,F0,major-seventh,E0,4,4.0
3/4,12,1,major,F0,major-sixth,D0,4,8.0
3/4,12,1,major,F0,major-sixth,C0,4,4.0
3/4,13,1,major,F0,minor-seventh,Ab,4,4.0
3/4,13,1,major,F0,minor-seventh,Ab,4,4.0
3/4,13,1,major,F0,minor-seventh,Ab,4,4.0
3/4,14,1,major,Bb,dominant,Bb,4,4.0
3/4,14,1,major,Bb,dominant,Ab,4,4.0
3/4,14,1,major,Bb,dominant,Bb,4,4.0
3/4,15,1,major,E0,minor-seventh,G0,4,12.0
3/4,16,1,major,A0,dominant,G0,4,4.0
3/4,16,1,major,A0,dominant,A0,4,4.0
3/4,16,1,major,A0,dominant,G0,4,4.0
3/4,17,1,major,F0,major-seventh,E0,4,6.0
3/4,17,1,major,F0,major-seventh,C0,4,2.0
3/4,17,1,major,F0,major-seventh,C0,4,4.0
3/4,18,1,major,F0,major-sixth,C0,4,4.0
3/4,18,1,major,F0,major-sixth,A0,4,4.0
3/4,18,1,major,F0,major-sixth,G0,4,4.0
3/4,19,1,major,E0,minor,E0,4,6.0
3/4,19,1,major,E0,minor,C0,4,2.0
3/4,19,1,major,E0,minor,C0,4,4.0
3/4,20,1,major,A0,minor-seventh,C0,4,12.0
3/4,21,1,major,A0,minor-seventh,E0,4,4.0
3/4,21,1,major,A0,minor-seventh,C0,4,4.0
3/4,21,1,major,A0,minor-seventh,E0,4,4.0
3/4,22,1,major,D0,dominant-ninth,D0,4,4.0
3/4,22,1,major,D0,dominant-ninth,E0,4,4.0
3/4,22,1,major,D0,dominant-ninth,F#,4,4.0
3/4,23,1,major,A0,minor-seventh,G0,4,4.0
3/4,23,1,major,A0,minor-seventh,F#,4,4.0
3/4,23,1,major,A0,minor-seventh,G0,4,4.0
3/4,24,1,major,D0,dominant,G#,4,4.0
3/4,24,1,major,D0,dominant,A0,4,4.0
3/4,24,1,major,D0,dominant,D0,4,4.0
3/4,25,1,major,F0,major-seventh,E0,4,6.0
3/4,25,1,major,F0,major-seventh,C0,4,2.0
3/4,25,1,major,F0,major-seventh,C0,4,4.0
3/4,26,1,major,F0,major-sixth,C0,4,4.0
3/4,26,1,major,F0,major-sixth,A0,4,4.0
3/4,26,1,major,F0,major-sixth,G0,4,4.0
3/4,27,1,major,E0,minor,E0,4,6.0
3/4,27,1,major,E0,minor,C0,4,2.0
3/4,27,1,major,E0,minor,C0,4,4.0
3/4,28,1,major,A0,minor-seventh,C0,4,12.0
3/4,29,1,major,F0,major-seventh,E0,4,8.0
3/4,29,1,major,F0,major-seventh,G0,4,4.0
3/4,30,1,major,G0,dominant-13th,A0,4,8.0
3/4,30,1,major,G0,dominant-13th,D#,4,4.0
3/4,31,1,major,C0,major-ninth,D0,4,12.0
3/4,32,1,major,F0,dominant-13th,D0,4,12.0
3/4,33,1,major,C0,major-ninth,D0,4,12.0
