time,measure,key_fifths,key_mode,chord_root,chord_type,note_root,note_octave,note_duration
4/4,0,-3,major,[],[],Bb,3,4.0
4/4,1,-3,major,Eb,major-seventh,C0,4,4.0
4/4,1,-3,major,Eb,major-seventh,D0,4,4.0
4/4,1,-3,major,Eb,major-seventh,Eb,4,4.0
4/4,1,-3,major,Eb,major-seventh,F0,4,4.0
4/4,2,-3,major,Eb,major-seventh,G0,4,4.0
4/4,2,-3,major,Eb,major-seventh,Bb,4,4.0
4/4,2,-3,major,Eb,major-seventh,F0,4,6.0
4/4,2,-3,major,Eb,major-seventh,Eb,4,2.0
4/4,3,-3,major,D0,half-diminished,F0,4,16.0
4/4,4,-3,major,G0,dominant,F0,4,12.0
4/4,4,-3,major,G0,dominant,G0,4,4.0
4/4,5,-3,major,C0,minor-seventh,Eb,4,4.0
4/4,5,-3,major,C0,minor-seventh,F0,4,4.0
4/4,5,-3,major,C0,minor-seventh,G0,4,4.0
4/4,5,-3,major,C0,minor-seventh,Bb,4,4.0
4/4,6,-3,major,F0,dominant,C0,5,4.0
4/4,6,-3,major,F0,dominant,Eb,5,4.0
4/4,6,-3,major,F0,dominant,C0,5,6.0
4/4,6,-3,major,F0,dominant,Bb,4,2.0
4/4,7,-3,major,Bb,minor-ninth,C0,5,16.0
4/4,8,-3,major,Eb,dominant-13th,C0,5,12.0
4/4,8,-3,major,Eb,dominant-13th,Bb,4,4.0
4/4,9,-3,major,Ab,major-seventh,Eb,5,4.0
4/4,9,-3,major,Ab,major-seventh,C0,5,4.0
4/4,9,-3,major,Ab,major-seventh,Bb,4,4.0
4/4,9,-3,major,Ab,major-seventh,Ab,4,4.0
4/4,10,-3,major,Db,dominant-ninth,G0,4,4.0
4/4,10,-3,major,Db,dominant-ninth,F0,4,4.0
4/4,10,-3,major,Db,dominant-ninth,G0,4,6.0
4/4,10,-3,major,Db,dominant-ninth,Ab,4,2.0
4/4,11,-3,major,Eb,major-seventh,Bb,4,4.0
4/4,11,-3,major,Eb,major-seventh,G0,4,4.0
4/4,11,-3,major,Eb,major-seventh,F0,4,4.0
4/4,11,-3,major,Eb,major-seventh,Eb,4,4.0
4/4,12,-3,major,C0,minor-seventh,F0,4,4.0
4/4,12,-3,major,C0,minor-seventh,Eb,4,4.0
4/4,12,-3,major,C0,minor-seventh,F0,4,6.0
4/4,12,-3,major,C0,minor-seventh,Eb,4,2.0
4/4,13,-3,major,F0,dominant-ninth,D0,5,4.0
4/4,13,-3,major,F0,dominant-ninth,C0,5,4.0
4/4,13,-3,major,F0,dominant-ninth,Bb,4,4.0
4/4,13,-3,major,F0,dominant-ninth,A0,4,4.0
4/4,14,-3,major,F0,dominant-ninth,G0,4,4.0
4/4,14,-3,major,F0,dominant-ninth,F0,4,4.0
4/4,14,-3,major,F0,dominant-ninth,G0,4,4.0
4/4,14,-3,major,F0,dominant-ninth,F0,4,4.0
4/4,15,-3,major,F0,minor-seventh,Ab,4,16.0
4/4,16,-3,major,Bb,dominant,Ab,4,12.0
4/4,16,-3,major,Bb,dominant,Bb,3,4.0
4/4,17,-3,major,Eb,major-seventh,C0,4,4.0
4/4,17,-3,major,Eb,major-seventh,D0,4,4.0
4/4,17,-3,major,Eb,major-seventh,Eb,4,4.0
4/4,17,-3,major,Eb,major-seventh,F0,4,4.0
4/4,18,-3,major,Eb,major-seventh,G0,4,4.0
4/4,18,-3,major,Eb,major-seventh,Bb,4,4.0
4/4,18,-3,major,Eb,major-seventh,F0,4,6.0
4/4,18,-3,major,Eb,major-seventh,Eb,4,2.0
4/4,19,-3,major,D0,half-diminished,F0,4,16.0
4/4,20,-3,major,G0,dominant,F0,4,12.0
4/4,20,-3,major,G0,dominant,G0,4,4.0
4/4,21,-3,major,C0,minor-seventh,Eb,4,4.0
4/4,21,-3,major,C0,minor-seventh,F0,4,4.0
4/4,21,-3,major,C0,minor-seventh,G0,4,4.0
4/4,21,-3,major,C0,minor-seventh,Bb,4,4.0
4/4,22,-3,major,F0,dominant,C0,5,4.0
4/4,22,-3,major,F0,dominant,Eb,5,4.0
4/4,22,-3,major,F0,dominant,C0,5,6.0
4/4,22,-3,major,F0,dominant,Bb,4,2.0
4/4,23,-3,major,Bb,minor-seventh,C0,5,16.0
4/4,24,-3,major,Eb,dominant-13th,C0,5,12.0
4/4,24,-3,major,Eb,dominant-13th,Bb,4,4.0
4/4,25,-3,major,Ab,major-seventh,Eb,5,4.0
4/4,25,-3,major,Ab,major-seventh,C0,5,4.0
4/4,25,-3,major,Ab,major-seventh,Bb,4,4.0
4/4,25,-3,major,Ab,major-seventh,Ab,4,4.0
4/4,26,-3,major,Db,dominant-ninth,G0,4,4.0
4/4,26,-3,major,Db,dominant-ninth,F0,4,4.0
4/4,26,-3,major,Db,dominant-ninth,G0,4,6.0
4/4,26,-3,major,Db,dominant-ninth,Ab,4,2.0
4/4,27,-3,major,Eb,major-seventh,Bb,4,4.0
4/4,27,-3,major,Eb,major-seventh,G0,4,4.0
4/4,27,-3,major,Eb,major-seventh,F0,4,4.0
4/4,27,-3,major,Eb,major-seventh,Eb,4,4.0
4/4,28,-3,major,A0,half-diminished,D0,5,12.0
4/4,28,-3,major,A0,half-diminished,C0,5,4.0
4/4,29,-3,major,Eb,major-sixth,Bb,4,4.0
4/4,29,-3,major,Eb,major-sixth,Eb,5,4.0
4/4,29,-3,major,Eb,major-sixth,D0,5,4.0
4/4,29,-3,major,Eb,major-sixth,C0,5,4.0
4/4,30,-3,major,G0,minor-seventh,Bb,4,4.0
4/4,30,-3,major,G0,minor-seventh,Eb,4,4.0
4/4,30,-3,major,G0,minor-seventh,Bb,4,4.0
4/4,30,-3,major,G0,minor-seventh,Ab,4,4.0
4/4,31,-3,major,F0,minor-seventh,F0,4,8.0
4/4,31,-3,major,F0,minor-seventh,G0,4,8.0
4/4,32,-3,major,Eb,major-sixth,Eb,4,16.0
