time,measure,key_fifths,key_mode,chord_root,chord_type,note_root,note_octave,note_duration
4/4,1,-2,major,D0,dominant,F#,2,4.0
4/4,1,-2,major,D0,dominant,rest,0,4.0
4/4,1,-2,major,D0,dominant,rest,0,2.0
4/4,1,-2,major,D0,dominant,F#,2,3.0
4/4,1,-2,major,D0,dominant,F#,2,1.0
4/4,1,-2,major,D0,dominant,A0,2,2.0
4/4,2,-2,major,G0,minor,G0,2,4.0
4/4,2,-2,major,G0,minor,rest,0,4.0
4/4,2,-2,major,G0,minor,rest,0,2.0
4/4,2,-2,major,G0,minor,D0,3,2.0
4/4,2,-2,major,G0,minor,D0,3,1.0
4/4,2,-2,major,G0,minor,C#,3,3.0
4/4,3,-2,major,C0,minor-seventh,C0,3,3.0
4/4,3,-2,major,C0,minor-seventh,rest,0,4.0
4/4,3,-2,major,C0,minor-seventh,rest,0,2.0
4/4,3,-2,major,C0,minor-seventh,C0,3,2.0
4/4,3,-2,major,C0,minor-seventh,Bb,2,4.0
4/4,4,-2,major,A0,diminished-seventh,A0,2,4.0
4/4,4,-2,major,A0,diminished-seventh,rest,0,4.0
4/4,4,-2,major,A0,diminished-seventh,rest,0,2.0
4/4,4,-2,major,A0,diminished-seventh,E0,2,2.0
4/4,4,-2,major,A0,diminished-seventh,rest,0,1.0
4/4,4,-2,major,A0,diminished-seventh,F0,2,3.0
4/4,5,-2,major,D0,dominant,rest,0,2.0
4/4,5,-2,major,D0,dominant,F#,4,1.0
4/4,5,-2,major,D0,dominant,F#,4,1.0
4/4,5,-2,major,D0,dominant,rest,0,1.0
4/4,5,-2,major,D0,dominant,F#,4,2.0
4/4,5,-2,major,D0,dominant,F#,4,1.0
4/4,5,-2,major,D0,dominant,rest,0,1.0
4/4,5,-2,major,D0,dominant,F#,4,2.0
4/4,5,-2,major,D0,dominant,F#,4,1.0
4/4,5,-2,major,D0,dominant,rest,0,1.0
4/4,5,-2,major,D0,dominant,F#,4,2.0
4/4,5,-2,major,D0,dominant,F#,4,1.0
4/4,6,-2,major,G0,minor,rest,0,1.0
4/4,6,-2,major,G0,minor,G0,4,2.0
4/4,6,-2,major,G0,minor,G0,4,1.0
4/4,6,-2,major,G0,minor,G0,4,3.0
4/4,6,-2,major,G0,minor,G0,4,1.0
4/4,6,-2,major,G0,minor,G0,4,1.0
4/4,6,-2,major,G0,minor,G0,4,2.0
4/4,6,-2,major,G0,minor,A0,4,1.0
4/4,6,-2,major,G0,minor,rest,0,1.0
4/4,6,-2,major,G0,minor,Bb,4,2.0
4/4,6,-2,major,G0,minor,A0,4,1.0
4/4,7,-2,major,C0,minor-seventh,rest,0,1.0
4/4,7,-2,major,C0,minor-seventh,G0,4,2.0
4/4,7,-2,major,C0,minor-seventh,G0,4,1.0
4/4,7,-2,major,C0,minor-seventh,G0,4,3.0
4/4,7,-2,major,C0,minor-seventh,C0,4,1.0
4/4,7,-2,major,C0,minor-seventh,G0,4,1.0
4/4,7,-2,major,C0,minor-seventh,G0,4,2.0
4/4,7,-2,major,C0,minor-seventh,G0,4,1.0
4/4,7,-2,major,C0,minor-seventh,rest,0,1.0
4/4,7,-2,major,C0,minor-seventh,G0,4,2.0
4/4,7,-2,major,C0,minor-seventh,G0,4,1.0
4/4,8,-2,major,A0,diminished-seventh,rest,0,1.0
4/4,8,-2,major,A0,diminished-seventh,F#,4,2.0
4/4,8,-2,major,A0,diminished-seventh,F#,4,1.0
4/4,8,-2,major,A0,diminished-seventh,F#,4,12.0
4/4,9,-2,major,D0,dominant,rest,0,2.0
4/4,9,-2,major,D0,dominant,F#,4,1.0
4/4,9,-2,major,D0,dominant,F#,4,1.0
4/4,9,-2,major,D0,dominant,rest,0,1.0
4/4,9,-2,major,D0,dominant,F#,4,2.0
4/4,9,-2,major,D0,dominant,F#,4,1.0
4/4,9,-2,major,D0,dominant,rest,0,2.0
4/4,9,-2,major,D0,dominant,F#,4,1.0
4/4,9,-2,major,D0,dominant,F#,4,1.0
4/4,9,-2,major,D0,dominant,rest,0,1.0
4/4,9,-2,major,D0,dominant,F#,4,2.0
4/4,9,-2,major,D0,dominant,G0,4,1.0
4/4,10,-2,major,G0,minor,rest,0,1.0
4/4,10,-2,major,G0,minor,G0,4,1.0
4/4,10,-2,major,G0,minor,G0,4,2.0
4/4,10,-2,major,G0,minor,G0,4,4.0
4/4,10,-2,major,G0,minor,G0,4,1.0
4/4,10,-2,major,G0,minor,G0,4,2.0
4/4,10,-2,major,G0,minor,A0,4,1.0
4/4,10,-2,major,G0,minor,rest,0,1.0
4/4,10,-2,major,G0,minor,Bb,4,2.0
4/4,10,-2,major,G0,minor,A0,4,1.0
4/4,11,-2,major,C0,minor-seventh,rest,0,1.0
4/4,11,-2,major,C0,minor-seventh,G0,4,1.0
4/4,11,-2,major,C0,minor-seventh,G0,4,2.0
4/4,11,-2,major,C0,minor-seventh,G0,4,3.0
4/4,11,-2,major,C0,minor-seventh,C0,4,1.0
4/4,11,-2,major,C0,minor-seventh,G0,4,1.0
4/4,11,-2,major,C0,minor-seventh,G0,4,2.0
4/4,11,-2,major,C0,minor-seventh,G0,4,1.0
4/4,11,-2,major,C0,minor-seventh,rest,0,1.0
4/4,11,-2,major,C0,minor-seventh,Bb,4,2.0
4/4,11,-2,major,C0,minor-seventh,F#,4,1.0
4/4,12,-2,major,A0,diminished-seventh,F#,4,16.0
4/4,13,-2,major,A0,diminished-seventh,rest,0,16.0
4/4,14,-2,major,A0,diminished-seventh,rest,0,16.0
4/4,15,-2,major,A0,diminished-seventh,rest,0,16.0
4/4,16,-2,major,A0,diminished-seventh,rest,0,16.0
4/4,17,-2,major,D0,dominant,rest,0,2.0
4/4,17,-2,major,D0,dominant,F#,4,1.0
4/4,17,-2,major,D0,dominant,F#,4,1.0
4/4,17,-2,major,D0,dominant,rest,0,1.0
4/4,17,-2,major,D0,dominant,F#,4,2.0
4/4,17,-2,major,D0,dominant,F#,4,1.0
4/4,17,-2,major,D0,dominant,rest,0,1.0
4/4,17,-2,major,D0,dominant,F#,4,2.0
4/4,17,-2,major,D0,dominant,F#,4,1.0
4/4,17,-2,major,D0,dominant,rest,0,1.0
4/4,17,-2,major,D0,dominant,F#,4,2.0
4/4,17,-2,major,D0,dominant,F#,4,1.0
4/4,18,-2,major,D0,dominant,F0,4,1.0
4/4,18,-2,major,D0,dominant,G0,4,2.0
4/4,18,-2,major,D0,dominant,G0,4,1.0
4/4,18,-2,major,D0,dominant,G0,4,3.0
4/4,18,-2,major,D0,dominant,G0,4,1.0
4/4,18,-2,major,D0,dominant,G0,4,1.0
4/4,18,-2,major,D0,dominant,G0,4,2.0
4/4,18,-2,major,D0,dominant,A0,4,1.0
4/4,18,-2,major,D0,dominant,rest,0,1.0
4/4,18,-2,major,D0,dominant,Bb,4,2.0
4/4,18,-2,major,D0,dominant,A0,4,1.0
4/4,19,-2,major,C0,minor-seventh,rest,0,1.0
4/4,19,-2,major,C0,minor-seventh,G0,4,2.0
4/4,19,-2,major,C0,minor-seventh,G0,4,1.0
4/4,19,-2,major,C0,minor-seventh,G0,4,3.0
4/4,19,-2,major,C0,minor-seventh,C0,4,1.0
4/4,19,-2,major,C0,minor-seventh,G0,4,1.0
4/4,19,-2,major,C0,minor-seventh,G0,4,2.0
4/4,19,-2,major,C0,minor-seventh,G0,4,1.0
4/4,19,-2,major,C0,minor-seventh,rest,0,1.0
4/4,19,-2,major,C0,minor-seventh,G0,4,2.0
4/4,19,-2,major,C0,minor-seventh,G0,4,1.0
4/4,20,-2,major,A0,diminished-seventh,rest,0,1.0
4/4,20,-2,major,A0,diminished-seventh,F#,4,2.0
4/4,20,-2,major,A0,diminished-seventh,F#,4,1.0
4/4,20,-2,major,A0,diminished-seventh,F#,4,12.0
4/4,21,-2,major,D0,dominant,rest,0,2.0
4/4,21,-2,major,D0,dominant,F#,4,1.0
4/4,21,-2,major,D0,dominant,F#,4,1.0
4/4,21,-2,major,D0,dominant,rest,0,1.0
4/4,21,-2,major,D0,dominant,F#,4,2.0
4/4,21,-2,major,D0,dominant,F#,4,1.0
4/4,21,-2,major,D0,dominant,rest,0,2.0
4/4,21,-2,major,D0,dominant,F#,4,1.0
4/4,21,-2,major,D0,dominant,F#,4,1.0
4/4,21,-2,major,D0,dominant,rest,0,1.0
4/4,21,-2,major,D0,dominant,F#,4,2.0
4/4,21,-2,major,D0,dominant,G0,4,1.0
4/4,22,-2,major,G0,minor,rest,0,1.0
4/4,22,-2,major,G0,minor,G0,4,1.0
4/4,22,-2,major,G0,minor,G0,4,2.0
4/4,22,-2,major,G0,minor,G0,4,4.0
4/4,22,-2,major,G0,minor,G0,4,1.0
4/4,22,-2,major,G0,minor,G0,4,2.0
4/4,22,-2,major,G0,minor,A0,4,1.0
4/4,22,-2,major,G0,minor,rest,0,1.0
4/4,22,-2,major,G0,minor,Bb,4,2.0
4/4,22,-2,major,G0,minor,A0,4,1.0
4/4,23,-2,major,C0,minor-seventh,G0,4,1.0
4/4,23,-2,major,C0,minor-seventh,G0,4,1.0
4/4,23,-2,major,C0,minor-seventh,G0,4,2.0
4/4,23,-2,major,C0,minor-seventh,G0,4,3.0
4/4,23,-2,major,C0,minor-seventh,C0,4,1.0
4/4,23,-2,major,C0,minor-seventh,G0,4,1.0
4/4,23,-2,major,C0,minor-seventh,G0,4,2.0
4/4,23,-2,major,C0,minor-seventh,G0,4,1.0
4/4,23,-2,major,C0,minor-seventh,rest,0,1.0
4/4,23,-2,major,C0,minor-seventh,Bb,4,2.0
4/4,23,-2,major,C0,minor-seventh,F#,4,1.0
4/4,24,-2,major,A0,diminished-seventh,F#,4,2.0
4/4,24,-2,major,A0,diminished-seventh,F#,4,2.0
4/4,24,-2,major,A0,diminished-seventh,F#,4,8.0
4/4,24,-2,major,A0,diminished-seventh,rest,0,4.0
4/4,25,-2,major,A0,diminished-seventh,rest,0,4.0
4/4,25,-2,major,A0,diminished-seventh,rest,0,4.0
4/4,25,-2,major,A0,diminished-seventh,rest,0,4.0
4/4,25,-2,major,A0,diminished-seventh,rest,0,4.0
4/4,26,-2,major,A0,diminished-seventh,rest,0,16.0
4/4,27,-2,major,G0,minor,rest,0,4.0
4/4,27,-2,major,G0,minor,D0,5,4.0
4/4,27,-2,major,G0,minor,rest,0,1.0
4/4,27,-2,major,G0,minor,D0,5,3.0
4/4,27,-2,major,G0,minor,D0,5,4.0
4/4,28,-2,major,F0,major,D0,5,2.0
4/4,28,-2,major,F0,major,Bb,4,2.0
4/4,28,-2,major,F0,major,D0,5,2.0
4/4,28,-2,major,F0,major,Bb,4,2.0
4/4,28,-2,major,F0,major,rest,0,2.0
4/4,28,-2,major,F0,major,D0,5,2.0
4/4,28,-2,major,F0,major,Bb,4,4.0
4/4,29,-2,major,G0,minor,D0,5,2.0
4/4,29,-2,major,G0,minor,Bb,4,2.0
4/4,29,-2,major,G0,minor,rest,0,2.0
4/4,29,-2,major,G0,minor,D0,5,2.0
4/4,29,-2,major,G0,minor,Bb,4,2.0
4/4,29,-2,major,G0,minor,G0,4,2.0
4/4,29,-2,major,G0,minor,rest,0,2.0
4/4,29,-2,major,G0,minor,D0,5,2.0
4/4,30,-2,major,F0,major,D0,5,2.0
4/4,30,-2,major,F0,major,C0,5,2.0
4/4,30,-2,major,F0,major,Bb,4,2.0
4/4,30,-2,major,F0,major,C0,5,2.0
4/4,30,-2,major,F0,major,Bb,4,4.0
4/4,30,-2,major,F0,major,rest,0,4.0
4/4,31,-2,major,G0,minor,rest,0,2.0
4/4,31,-2,major,G0,minor,G0,4,2.0
4/4,31,-2,major,G0,minor,D0,5,4.0
4/4,31,-2,major,G0,minor,D0,5,4.0
4/4,31,-2,major,G0,minor,D0,5,4.0
4/4,32,-2,major,F0,major,D0,5,2.0
4/4,32,-2,major,F0,major,Bb,4,2.0
4/4,32,-2,major,F0,major,C0,5,2.0
4/4,32,-2,major,F0,major,D0,5,2.0
4/4,32,-2,major,F0,major,rest,0,2.0
4/4,32,-2,major,F0,major,Bb,4,2.0
4/4,32,-2,major,F0,major,G0,4,4.0
4/4,33,-2,major,G0,minor,D0,5,2.0
4/4,33,-2,major,G0,minor,Bb,4,2.0
4/4,33,-2,major,G0,minor,rest,0,2.0
4/4,33,-2,major,G0,minor,D0,5,2.0
4/4,33,-2,major,G0,minor,Bb,4,2.0
4/4,33,-2,major,G0,minor,G0,4,2.0
4/4,33,-2,major,G0,minor,rest,0,2.0
4/4,33,-2,major,G0,minor,D0,5,2.0
4/4,34,-2,major,Eb,major,C0,5,2.0
4/4,34,-2,major,Eb,major,Bb,4,2.0
4/4,34,-2,major,Eb,major,Bb,4,2.0
4/4,34,-2,major,Eb,major,C0,5,2.0
4/4,34,-2,major,Eb,major,Bb,4,2.0
4/4,34,-2,major,Eb,major,A0,4,2.0
4/4,34,-2,major,Eb,major,G0,4,2.0
4/4,34,-2,major,Eb,major,F#,4,2.0
4/4,35,-2,major,D0,dominant,F#,4,16.0
4/4,36,-2,major,D0,dominant,rest,0,4.0
4/4,36,-2,major,D0,dominant,rest,0,4.0
4/4,36,-2,major,D0,dominant,rest,0,4.0
4/4,36,-2,major,D0,dominant,rest,0,4.0
4/4,37,-2,major,C0,minor-seventh,rest,0,4.0
4/4,37,-2,major,C0,minor-seventh,rest,0,4.0
4/4,37,-2,major,C0,minor-seventh,rest,0,4.0
4/4,37,-2,major,C0,minor-seventh,rest,0,4.0
4/4,38,-2,major,C0,minor-seventh,D0,5,2.0
4/4,38,-2,major,C0,minor-seventh,D0,5,2.0
4/4,38,-2,major,C0,minor-seventh,D0,5,2.0
4/4,38,-2,major,C0,minor-seventh,C0,5,2.0
4/4,38,-2,major,C0,minor-seventh,C0,5,1.0
4/4,38,-2,major,C0,minor-seventh,Bb,4,2.0
4/4,38,-2,major,C0,minor-seventh,C0,5,1.0
4/4,38,-2,major,C0,minor-seventh,C0,5,4.0
4/4,39,-2,major,Bb,major-seventh,rest,0,2.0
4/4,39,-2,major,Bb,major-seventh,D0,5,2.0
4/4,39,-2,major,Bb,major-seventh,D0,5,2.0
4/4,39,-2,major,Bb,major-seventh,D0,5,2.0
4/4,39,-2,major,Bb,major-seventh,C0,5,1.0
4/4,39,-2,major,Bb,major-seventh,Bb,4,2.0
4/4,39,-2,major,Bb,major-seventh,C0,5,1.0
4/4,39,-2,major,Bb,major-seventh,C0,5,4.0
4/4,40,-2,major,D0,dominant,rest,0,2.0
4/4,40,-2,major,D0,dominant,D0,5,2.0
4/4,40,-2,major,D0,dominant,D0,5,4.0
4/4,40,-2,major,D0,dominant,C0,5,1.0
4/4,40,-2,major,D0,dominant,Bb,4,2.0
4/4,40,-2,major,D0,dominant,F#,4,1.0
4/4,40,-2,major,D0,dominant,F#,4,2.0
4/4,40,-2,major,D0,dominant,Bb,4,2.0
4/4,41,-2,major,G0,minor,C0,5,2.0
4/4,41,-2,major,G0,minor,Bb,4,2.0
4/4,41,-2,major,G0,minor,Bb,4,12.0
4/4,42,-2,major,C0,minor-seventh,rest,0,2.0
4/4,42,-2,major,C0,minor-seventh,D0,5,2.0
4/4,42,-2,major,C0,minor-seventh,D0,5,2.0
4/4,42,-2,major,C0,minor-seventh,C0,5,2.0
4/4,42,-2,major,C0,minor-seventh,C0,5,1.0
4/4,42,-2,major,C0,minor-seventh,Bb,4,2.0
4/4,42,-2,major,C0,minor-seventh,C0,5,1.0
4/4,42,-2,major,C0,minor-seventh,C0,5,4.0
4/4,43,-2,major,Bb,major-seventh,rest,0,2.0
4/4,43,-2,major,Bb,major-seventh,G0,4,2.0
4/4,43,-2,major,Bb,major-seventh,D0,5,1.0
4/4,43,-2,major,Bb,major-seventh,D0,5,3.0
4/4,43,-2,major,Bb,major-seventh,C0,5,1.0
4/4,43,-2,major,Bb,major-seventh,Bb,4,2.0
4/4,43,-2,major,Bb,major-seventh,Bb,4,1.0
4/4,43,-2,major,Bb,major-seventh,rest,0,2.0
4/4,43,-2,major,Bb,major-seventh,D0,4,1.0
4/4,43,-2,major,Bb,major-seventh,D0,4,1.0
4/4,44,-2,major,D0,dominant,D0,5,2.0
4/4,44,-2,major,D0,dominant,Eb,5,1.0
4/4,44,-2,major,D0,dominant,D0,5,1.0
4/4,44,-2,major,D0,dominant,D0,5,1.0
4/4,44,-2,major,D0,dominant,C0,5,2.0
4/4,44,-2,major,D0,dominant,C0,5,1.0
4/4,44,-2,major,D0,dominant,rest,0,2.0
4/4,44,-2,major,D0,dominant,Bb,4,2.0
4/4,44,-2,major,D0,dominant,Bb,4,2.0
4/4,44,-2,major,D0,dominant,Bb,4,2.0
4/4,45,-2,major,D0,suspended-fourth,F#,5,2.0
4/4,45,-2,major,D0,suspended-fourth,D0,5,2.0
4/4,45,-2,major,D0,suspended-fourth,D0,5,2.0
4/4,45,-2,major,D0,suspended-fourth,C0,5,1.0
4/4,45,-2,major,D0,suspended-fourth,D0,5,1.0
4/4,45,-2,major,D0,suspended-fourth,rest,0,1.0
4/4,45,-2,major,D0,suspended-fourth,D0,5,2.0
4/4,45,-2,major,D0,suspended-fourth,D0,5,1.0
4/4,45,-2,major,D0,suspended-fourth,D0,5,2.0
4/4,45,-2,major,D0,suspended-fourth,C0,5,2.0
