time,measure,key_fifths,key_mode,chord_root,chord_type,note_root,note_octave,note_duration
4/4,1,3,major,[],[],rest,0,8.0
4/4,1,3,major,[],[],E0,4,2.0
4/4,1,3,major,[],[],E0,4,2.0
4/4,1,3,major,[],[],E0,4,2.0
4/4,1,3,major,[],[],C#,4,2.0
4/4,2,3,major,A0,major,E0,4,8.0
4/4,2,3,major,A0,major,C#,4,8.0
4/4,3,3,major,A0,major,C#,4,4.0
4/4,3,3,major,A0,major,rest,0,4.0
4/4,3,3,major,A0,major,C#,4,6.0
4/4,3,3,major,A0,major,E0,4,2.0
4/4,4,3,major,C#,minor,E0,4,8.0
4/4,4,3,major,C#,minor,C#,4,8.0
4/4,5,3,major,C#,minor,C#,4,8.0
4/4,5,3,major,C#,minor,rest,0,4.0
4/4,5,3,major,C#,minor,C#,4,2.0
4/4,5,3,major,C#,minor,E0,4,2.0
4/4,6,3,major,D0,major,E0,4,4.0
4/4,6,3,major,D0,major,D0,4,8.0
4/4,6,3,major,D0,major,D0,4,2.0
4/4,6,3,major,D0,major,C#,4,2.0
4/4,7,3,major,B0,minor,C#,4,4.0
4/4,7,3,major,B0,minor,B0,3,8.0
4/4,7,3,major,B0,minor,B0,3,3.0
4/4,7,3,major,B0,minor,C#,4,1.0
4/4,8,3,major,E0,major,D0,4,4.0
4/4,8,3,major,E0,major,C#,4,4.0
4/4,8,3,major,E0,major,D0,4,4.0
4/4,8,3,major,E0,major,E0,4,2.0
4/4,8,3,major,E0,major,E0,4,2.0
4/4,9,3,major,E0,dominant,E0,4,8.0
4/4,9,3,major,E0,dominant,E0,4,2.0
4/4,9,3,major,E0,dominant,E0,4,2.0
4/4,9,3,major,E0,dominant,E0,4,2.0
4/4,9,3,major,E0,dominant,C#,4,2.0
4/4,10,3,major,E0,major,E0,4,4.0
4/4,10,3,major,E0,major,E0,4,4.0
4/4,10,3,major,E0,major,A0,4,2.0
4/4,10,3,major,E0,major,G#,4,6.0
4/4,11,3,major,A0,major,A0,4,12.0
4/4,11,3,major,A0,major,G#,4,2.0
4/4,11,3,major,A0,major,A0,4,2.0
4/4,12,3,major,A0,major,B0,4,4.0
4/4,12,3,major,A0,major,A0,4,2.0
4/4,12,3,major,A0,major,G#,4,6.0
4/4,12,3,major,A0,major,A0,4,4.0
4/4,13,3,major,F#,minor,A0,4,12.0
4/4,13,3,major,F#,minor,G#,4,2.0
4/4,13,3,major,F#,minor,A0,4,2.0
4/4,14,3,major,F#,minor,B0,4,4.0
4/4,14,3,major,F#,minor,A0,4,4.0
4/4,14,3,major,F#,minor,G#,4,2.0
4/4,14,3,major,F#,minor,A0,4,6.0
4/4,15,3,major,D0,major,F#,4,16.0
4/4,16,3,major,B0,minor,rest,0,8.0
4/4,16,3,major,B0,minor,rest,0,4.0
4/4,16,3,major,B0,minor,F#,4,2.0
4/4,16,3,major,B0,minor,A0,4,2.0
4/4,17,3,major,E0,major,A0,4,4.0
4/4,17,3,major,E0,major,G#,4,4.0
4/4,17,3,major,E0,major,G#,4,2.0
4/4,17,3,major,E0,major,F#,4,6.0
4/4,18,3,major,E0,dominant,E0,4,4.0
4/4,18,3,major,E0,dominant,E0,4,4.0
4/4,18,3,major,E0,dominant,A0,4,2.0
4/4,18,3,major,E0,dominant,G#,4,6.0
4/4,19,3,major,A0,major,A0,4,16.0
4/4,20,3,major,A0,major,A0,4,8.0
4/4,20,3,major,A0,major,rest,0,8.0
