time,measure,key_fifths,key_mode,chord_root,chord_type,note_root,note_octave,note_duration
4/4,1,1,minor,E0,minor,rest,0,4.0
4/4,1,1,minor,E0,minor,G0,4,2.0
4/4,1,1,minor,E0,minor,A0,4,2.0
4/4,1,1,minor,E0,minor,G0,4,4.0
4/4,1,1,minor,E0,minor,F#,4,4.0
4/4,2,1,minor,A0,minor,E0,4,8.0
4/4,2,1,minor,A0,minor,rest,0,8.0
4/4,3,1,minor,D0,dominant,rest,0,4.0
4/4,3,1,minor,D0,dominant,F#,4,2.0
4/4,3,1,minor,D0,dominant,G0,4,2.0
4/4,3,1,minor,D0,dominant,A0,4,4.0
4/4,3,1,minor,D0,dominant,F#,4,4.0
4/4,4,1,minor,G0,major,G0,4,8.0
4/4,4,1,minor,G0,major,rest,0,8.0
4/4,5,1,minor,E0,minor,rest,0,4.0
4/4,5,1,minor,E0,minor,B0,4,2.0
4/4,5,1,minor,E0,minor,A0,4,4.0
4/4,5,1,minor,E0,minor,G0,4,2.0
4/4,5,1,minor,E0,minor,F#,4,4.0
4/4,6,1,minor,A0,minor,E0,4,8.0
4/4,6,1,minor,A0,minor,rest,0,8.0
4/4,7,1,minor,D0,dominant,rest,0,4.0
4/4,7,1,minor,D0,dominant,F#,4,2.0
4/4,7,1,minor,D0,dominant,G0,4,4.0
4/4,7,1,minor,D0,dominant,A0,4,2.0
4/4,7,1,minor,D0,dominant,F#,4,4.0
4/4,8,1,minor,G0,major,G0,4,8.0
4/4,8,1,minor,G0,major,rest,0,8.0
4/4,9,1,minor,E0,minor,rest,0,4.0
4/4,9,1,minor,E0,minor,G0,4,2.0
4/4,9,1,minor,E0,minor,A0,4,2.0
4/4,9,1,minor,E0,minor,G0,4,4.0
4/4,9,1,minor,E0,minor,F#,4,4.0
4/4,10,1,minor,A0,minor,E0,4,8.0
4/4,10,1,minor,A0,minor,rest,0,8.0
4/4,11,1,minor,B0,major,rest,0,4.0
4/4,11,1,minor,B0,major,F#,4,2.0
4/4,11,1,minor,B0,major,G0,4,2.0
4/4,11,1,minor,B0,major,F#,4,4.0
4/4,11,1,minor,B0,major,D#,4,4.0
4/4,12,1,minor,E0,minor,E0,4,8.0
4/4,12,1,minor,E0,minor,rest,0,8.0
4/4,13,1,minor,E0,minor,rest,0,4.0
4/4,13,1,minor,E0,minor,G0,4,2.0
4/4,13,1,minor,E0,minor,A0,4,2.0
4/4,13,1,minor,E0,minor,G0,4,4.0
4/4,13,1,minor,E0,minor,F#,4,4.0
4/4,14,1,minor,A0,minor,E0,4,8.0
4/4,14,1,minor,A0,minor,rest,0,8.0
4/4,15,1,minor,D0,dominant,rest,0,4.0
4/4,15,1,minor,D0,dominant,A0,4,2.0
4/4,15,1,minor,D0,dominant,B0,4,2.0
4/4,15,1,minor,D0,dominant,C0,5,4.0
4/4,15,1,minor,D0,dominant,A0,4,4.0
4/4,16,1,minor,G0,major,B0,4,8.0
4/4,16,1,minor,G0,major,rest,0,8.0
4/4,17,1,minor,E0,minor,rest,0,4.0
4/4,17,1,minor,E0,minor,B0,4,2.0
4/4,17,1,minor,E0,minor,C0,5,4.0
4/4,17,1,minor,E0,minor,B0,4,2.0
4/4,17,1,minor,E0,minor,A0,4,4.0
4/4,18,1,minor,A0,minor,A0,4,8.0
4/4,18,1,minor,A0,minor,rest,0,8.0
4/4,19,1,minor,D0,dominant,rest,0,4.0
4/4,19,1,minor,D0,dominant,A0,4,2.0
4/4,19,1,minor,D0,dominant,B0,4,4.0
4/4,19,1,minor,D0,dominant,C0,5,2.0
4/4,19,1,minor,D0,dominant,A0,4,4.0
4/4,20,1,minor,G0,major,B0,4,8.0
4/4,20,1,minor,G0,major,rest,0,8.0
4/4,21,1,minor,E0,minor,rest,0,4.0
4/4,21,1,minor,E0,minor,B0,4,2.0
4/4,21,1,minor,E0,minor,C0,5,2.0
4/4,21,1,minor,E0,minor,B0,4,4.0
4/4,21,1,minor,E0,minor,A0,4,4.0
4/4,22,1,minor,A0,minor,A0,4,8.0
4/4,22,1,minor,A0,minor,rest,0,8.0
4/4,23,1,minor,B0,major,rest,0,4.0
4/4,23,1,minor,B0,major,B0,4,2.0
4/4,23,1,minor,B0,major,C0,5,2.0
4/4,23,1,minor,B0,major,B0,4,4.0
4/4,23,1,minor,B0,major,A0,4,4.0
4/4,24,1,minor,E0,minor,G0,4,8.0
4/4,24,1,minor,E0,minor,rest,0,8.0
4/4,25,1,minor,E0,minor,B0,4,8.0
4/4,25,1,minor,E0,minor,G0,4,8.0
4/4,26,1,minor,A0,minor,A0,4,16.0
4/4,27,1,minor,D0,dominant,A0,4,4.0
4/4,27,1,minor,D0,dominant,A0,4,2.0
4/4,27,1,minor,D0,dominant,B0,4,2.0
4/4,27,1,minor,D0,dominant,C0,5,4.0
4/4,27,1,minor,D0,dominant,A0,4,4.0
4/4,28,1,minor,G0,major,B0,4,4.0
4/4,28,1,minor,G0,major,B0,4,2.0
4/4,28,1,minor,G0,major,C0,5,2.0
4/4,28,1,minor,G0,major,B0,4,8.0
4/4,29,1,minor,E0,minor,B0,4,8.0
4/4,29,1,minor,E0,minor,G0,4,8.0
4/4,30,1,minor,A0,minor,A0,4,16.0
4/4,31,1,minor,B0,major,F#,4,6.0
4/4,31,1,minor,B0,major,F#,4,2.0
4/4,31,1,minor,B0,major,B0,4,2.0
4/4,31,1,minor,B0,major,A0,4,2.0
4/4,31,1,minor,B0,major,G0,4,2.0
4/4,31,1,minor,B0,major,F#,4,2.0
4/4,32,1,minor,E0,minor,E0,4,16.0
