time,measure,key_fifths,key_mode,chord_root,chord_type,note_root,note_octave,note_duration
4/4,1,3,major,F#,minor,rest,0,4.0
4/4,1,3,major,F#,minor,C#,5,1.0
4/4,1,3,major,F#,minor,C#,5,2.0
4/4,1,3,major,F#,minor,C#,5,1.0
4/4,1,3,major,F#,minor,C#,5,2.0
4/4,1,3,major,F#,minor,C#,5,4.0
4/4,1,3,major,F#,minor,C#,5,2.0
4/4,2,3,major,B0,minor-seventh,B0,4,2.0
4/4,2,3,major,B0,minor-seventh,A0,4,1.0
4/4,2,3,major,B0,minor-seventh,F#,4,1.0
4/4,2,3,major,B0,minor-seventh,F#,4,4.0
4/4,2,3,major,B0,minor-seventh,rest,0,8.0
4/4,3,3,major,E0,dominant,rest,0,4.0
4/4,3,3,major,E0,dominant,G#,4,1.0
4/4,3,3,major,E0,dominant,A0,4,2.0
4/4,3,3,major,E0,dominant,B0,4,1.0
4/4,3,3,major,E0,dominant,B0,4,4.0
4/4,3,3,major,E0,dominant,B0,4,1.0
4/4,3,3,major,E0,dominant,C#,5,3.0
4/4,4,3,major,D0,major,A0,4,2.0
4/4,4,3,major,D0,major,G#,4,1.0
4/4,4,3,major,D0,major,F#,4,1.0
4/4,4,3,major,D0,major,F#,4,4.0
4/4,4,3,major,D0,major,rest,0,8.0
4/4,5,3,major,F#,minor,rest,0,4.0
4/4,5,3,major,F#,minor,C#,5,1.0
4/4,5,3,major,F#,minor,C#,5,2.0
4/4,5,3,major,F#,minor,C#,5,1.0
4/4,5,3,major,F#,minor,C#,5,2.0
4/4,5,3,major,F#,minor,C#,5,4.0
4/4,5,3,major,F#,minor,C#,5,2.0
4/4,6,3,major,B0,minor-seventh,B0,4,2.0
4/4,6,3,major,B0,minor-seventh,A0,4,1.0
4/4,6,3,major,B0,minor-seventh,F#,4,1.0
4/4,6,3,major,B0,minor-seventh,F#,4,4.0
4/4,6,3,major,B0,minor-seventh,rest,0,8.0
4/4,7,3,major,E0,dominant,rest,0,4.0
4/4,7,3,major,E0,dominant,G#,4,1.0
4/4,7,3,major,E0,dominant,A0,4,2.0
4/4,7,3,major,E0,dominant,B0,4,1.0
4/4,7,3,major,E0,dominant,B0,4,2.0
4/4,7,3,major,E0,dominant,B0,4,4.0
4/4,7,3,major,E0,dominant,C#,5,2.0
4/4,8,3,major,D0,major,A0,4,2.0
4/4,8,3,major,D0,major,G#,4,1.0
4/4,8,3,major,D0,major,F#,4,1.0
4/4,8,3,major,D0,major,F#,4,4.0
4/4,8,3,major,D0,major,rest,0,8.0
4/4,9,3,major,B0,minor-seventh,rest,0,4.0
4/4,9,3,major,B0,minor-seventh,D0,5,1.0
4/4,9,3,major,B0,minor-seventh,D0,5,2.0
4/4,9,3,major,B0,minor-seventh,D0,5,1.0
4/4,9,3,major,B0,minor-seventh,D0,5,2.0
4/4,9,3,major,B0,minor-seventh,D0,5,4.0
4/4,9,3,major,B0,minor-seventh,D0,5,1.0
4/4,9,3,major,B0,minor-seventh,B0,4,1.0
4/4,10,3,major,E0,dominant,B0,4,1.0
4/4,10,3,major,E0,dominant,A0,4,1.0
4/4,10,3,major,E0,dominant,G#,4,2.0
4/4,10,3,major,E0,dominant,G#,4,4.0
4/4,10,3,major,E0,dominant,rest,0,4.0
4/4,10,3,major,E0,dominant,E0,4,2.0
4/4,10,3,major,E0,dominant,D0,5,1.0
4/4,10,3,major,E0,dominant,C#,5,1.0
4/4,11,3,major,F#,minor,C#,5,3.0
4/4,11,3,major,F#,minor,B0,4,1.0
4/4,11,3,major,F#,minor,B0,4,2.0
4/4,11,3,major,F#,minor,A0,4,1.0
4/4,11,3,major,F#,minor,F#,4,1.0
4/4,11,3,major,F#,minor,F#,4,3.0
4/4,11,3,major,F#,minor,E0,4,1.0
4/4,11,3,major,F#,minor,E0,4,2.0
4/4,11,3,major,F#,minor,D0,4,1.0
4/4,11,3,major,F#,minor,B0,3,1.0
4/4,12,3,major,E0,dominant,B0,3,4.0
4/4,12,3,major,E0,dominant,rest,0,4.0
4/4,12,3,major,E0,dominant,rest,0,4.0
4/4,12,3,major,E0,dominant,E0,4,2.0
4/4,12,3,major,E0,dominant,D0,5,1.0
4/4,12,3,major,E0,dominant,C#,5,1.0
4/4,13,3,major,F#,minor,C#,5,3.0
4/4,13,3,major,F#,minor,B0,4,1.0
4/4,13,3,major,F#,minor,B0,4,2.0
4/4,13,3,major,F#,minor,A0,4,1.0
4/4,13,3,major,F#,minor,F#,4,1.0
4/4,13,3,major,F#,minor,F#,4,3.0
4/4,13,3,major,F#,minor,E0,4,1.0
4/4,13,3,major,F#,minor,E0,4,2.0
4/4,13,3,major,F#,minor,D0,4,1.0
4/4,13,3,major,F#,minor,B0,3,1.0
4/4,14,3,major,E0,dominant,D0,4,12.0
4/4,14,3,major,E0,dominant,D0,4,1.0
4/4,14,3,major,E0,dominant,D0,4,3.0
4/4,15,3,major,E0,dominant,E0,3,8.0
4/4,15,3,major,E0,dominant,E0,3,4.0
4/4,15,3,major,E0,dominant,E0,3,3.0
4/4,15,3,major,E0,dominant,F#,3,1.0
4/4,16,3,major,F#,minor,rest,0,4.0
4/4,16,3,major,F#,minor,C#,5,1.0
4/4,16,3,major,F#,minor,C#,5,2.0
4/4,16,3,major,F#,minor,C#,5,1.0
4/4,16,3,major,F#,minor,C#,5,4.0
4/4,16,3,major,F#,minor,C#,5,1.0
4/4,16,3,major,F#,minor,C#,5,3.0
4/4,17,3,major,B0,minor-seventh,B0,4,2.0
4/4,17,3,major,B0,minor-seventh,A0,4,1.0
4/4,17,3,major,B0,minor-seventh,F#,4,1.0
4/4,17,3,major,B0,minor-seventh,F#,4,4.0
4/4,17,3,major,B0,minor-seventh,rest,0,8.0
4/4,18,3,major,E0,dominant,rest,0,4.0
4/4,18,3,major,E0,dominant,G#,4,1.0
4/4,18,3,major,E0,dominant,A0,4,2.0
4/4,18,3,major,E0,dominant,B0,4,1.0
4/4,18,3,major,E0,dominant,B0,4,2.0
4/4,18,3,major,E0,dominant,B0,4,2.0
4/4,18,3,major,E0,dominant,B0,4,1.0
4/4,18,3,major,E0,dominant,C#,5,3.0
4/4,19,3,major,D0,major,A0,4,2.0
4/4,19,3,major,D0,major,G#,4,1.0
4/4,19,3,major,D0,major,F#,4,1.0
4/4,19,3,major,D0,major,F#,4,4.0
4/4,19,3,major,D0,major,rest,0,8.0
4/4,20,3,major,F#,minor,rest,0,4.0
4/4,20,3,major,F#,minor,C#,5,1.0
4/4,20,3,major,F#,minor,C#,5,2.0
4/4,20,3,major,F#,minor,C#,5,1.0
4/4,20,3,major,F#,minor,C#,5,3.0
4/4,20,3,major,F#,minor,E0,4,1.0
4/4,20,3,major,F#,minor,C#,5,1.0
4/4,20,3,major,F#,minor,C#,5,3.0
4/4,21,3,major,B0,minor-seventh,B0,4,2.0
4/4,21,3,major,B0,minor-seventh,A0,4,1.0
4/4,21,3,major,B0,minor-seventh,F#,4,1.0
4/4,21,3,major,B0,minor-seventh,F#,4,4.0
4/4,21,3,major,B0,minor-seventh,rest,0,8.0
4/4,22,3,major,E0,dominant,rest,0,3.0
4/4,22,3,major,E0,dominant,E0,4,1.0
4/4,22,3,major,E0,dominant,G#,4,1.0
4/4,22,3,major,E0,dominant,A0,4,2.0
4/4,22,3,major,E0,dominant,B0,4,1.0
4/4,22,3,major,E0,dominant,B0,4,2.0
4/4,22,3,major,E0,dominant,B0,4,4.0
4/4,22,3,major,E0,dominant,C#,5,1.0
4/4,22,3,major,E0,dominant,A0,4,1.0
4/4,23,3,major,D0,major,A0,4,1.0
4/4,23,3,major,D0,major,G#,4,1.0
4/4,23,3,major,D0,major,F#,4,2.0
4/4,23,3,major,D0,major,rest,0,4.0
4/4,23,3,major,D0,major,rest,0,8.0
4/4,24,3,major,B0,minor-seventh,rest,0,3.0
4/4,24,3,major,B0,minor-seventh,F#,4,1.0
4/4,24,3,major,B0,minor-seventh,D0,5,1.0
4/4,24,3,major,B0,minor-seventh,D0,5,2.0
4/4,24,3,major,B0,minor-seventh,D0,5,1.0
4/4,24,3,major,B0,minor-seventh,D0,5,4.0
4/4,24,3,major,B0,minor-seventh,D0,5,2.0
4/4,24,3,major,B0,minor-seventh,D0,5,1.0
4/4,24,3,major,B0,minor-seventh,B0,4,1.0
4/4,25,3,major,E0,dominant,B0,4,1.0
4/4,25,3,major,E0,dominant,A0,4,1.0
4/4,25,3,major,E0,dominant,G#,4,2.0
4/4,25,3,major,E0,dominant,G#,4,4.0
4/4,25,3,major,E0,dominant,rest,0,4.0
4/4,25,3,major,E0,dominant,E0,4,2.0
4/4,25,3,major,E0,dominant,D0,5,1.0
4/4,25,3,major,E0,dominant,C#,5,1.0
4/4,26,3,major,F#,minor,C#,5,3.0
4/4,26,3,major,F#,minor,B0,4,1.0
4/4,26,3,major,F#,minor,B0,4,2.0
4/4,26,3,major,F#,minor,A0,4,1.0
4/4,26,3,major,F#,minor,F#,4,1.0
4/4,26,3,major,F#,minor,F#,4,3.0
4/4,26,3,major,F#,minor,E0,4,1.0
4/4,26,3,major,F#,minor,E0,4,2.0
4/4,26,3,major,F#,minor,D0,4,1.0
4/4,26,3,major,F#,minor,B0,3,1.0
4/4,27,3,major,E0,dominant,B0,3,4.0
4/4,27,3,major,E0,dominant,rest,0,4.0
4/4,27,3,major,E0,dominant,rest,0,4.0
4/4,27,3,major,E0,dominant,E0,4,2.0
4/4,27,3,major,E0,dominant,D0,5,1.0
4/4,27,3,major,E0,dominant,C#,5,1.0
4/4,28,3,major,F#,minor,C#,5,3.0
4/4,28,3,major,F#,minor,B0,4,1.0
4/4,28,3,major,F#,minor,B0,4,2.0
4/4,28,3,major,F#,minor,A0,4,1.0
4/4,28,3,major,F#,minor,F#,4,1.0
4/4,28,3,major,F#,minor,F#,4,3.0
4/4,28,3,major,F#,minor,E0,4,1.0
4/4,28,3,major,F#,minor,E0,4,2.0
4/4,28,3,major,F#,minor,D0,4,1.0
4/4,28,3,major,F#,minor,B0,3,1.0
4/4,29,3,major,E0,dominant,D0,4,2.0
4/4,29,3,major,E0,dominant,E0,3,2.0
4/4,29,3,major,E0,dominant,D0,4,2.0
4/4,29,3,major,E0,dominant,E0,3,2.0
4/4,29,3,major,E0,dominant,D0,4,2.0
4/4,29,3,major,E0,dominant,E0,3,2.0
4/4,29,3,major,E0,dominant,D0,4,2.0
4/4,29,3,major,E0,dominant,E0,3,2.0
4/4,30,3,major,E0,dominant,D0,4,4.0
4/4,30,3,major,E0,dominant,D0,4,4.0
4/4,30,3,major,E0,dominant,D0,4,4.0
4/4,30,3,major,E0,dominant,G#,4,1.0
4/4,30,3,major,E0,dominant,A0,4,1.0
4/4,30,3,major,E0,dominant,G#,4,2.0
4/4,31,3,major,D0,major,A0,5,6.0
4/4,31,3,major,D0,major,B0,5,1.0
4/4,31,3,major,D0,major,F#,5,1.0
4/4,31,3,major,D0,major,F#,5,4.0
4/4,31,3,major,D0,major,rest,0,2.0
4/4,31,3,major,D0,major,F#,5,2.0
4/4,32,3,major,B0,minor-seventh,A0,5,6.0
4/4,32,3,major,B0,minor-seventh,B0,5,1.0
4/4,32,3,major,B0,minor-seventh,F#,5,1.0
4/4,32,3,major,B0,minor-seventh,F#,5,4.0
4/4,32,3,major,B0,minor-seventh,rest,0,4.0
4/4,33,3,major,F#,minor-seventh,rest,0,2.0
4/4,33,3,major,F#,minor-seventh,F#,5,2.0
4/4,33,3,major,F#,minor-seventh,F#,5,2.0
4/4,33,3,major,F#,minor-seventh,F#,5,2.0
4/4,33,3,major,F#,minor-seventh,F#,5,4.0
4/4,33,3,major,F#,minor-seventh,F#,5,4.0
4/4,34,3,major,E0,suspended-fourth,F#,5,2.0
4/4,34,3,major,E0,suspended-fourth,E0,5,2.0
4/4,34,3,major,E0,suspended-fourth,C#,5,2.0
4/4,34,3,major,E0,suspended-fourth,E0,5,2.0
4/4,34,3,major,E0,suspended-fourth,E0,5,2.0
4/4,34,3,major,E0,suspended-fourth,F#,5,4.0
4/4,34,3,major,E0,suspended-fourth,rest,0,2.0
4/4,35,3,major,D0,major,A0,5,6.0
4/4,35,3,major,D0,major,B0,5,1.0
4/4,35,3,major,D0,major,F#,5,1.0
4/4,35,3,major,D0,major,F#,5,4.0
4/4,35,3,major,D0,major,rest,0,2.0
4/4,35,3,major,D0,major,F#,5,2.0
4/4,36,3,major,B0,minor-seventh,A0,5,6.0
4/4,36,3,major,B0,minor-seventh,B0,5,1.0
4/4,36,3,major,B0,minor-seventh,F#,5,1.0
4/4,36,3,major,B0,minor-seventh,F#,5,4.0
4/4,36,3,major,B0,minor-seventh,rest,0,4.0
4/4,37,3,major,F#,minor-seventh,rest,0,2.0
4/4,37,3,major,F#,minor-seventh,A0,5,2.0
4/4,37,3,major,F#,minor-seventh,A0,5,2.0
4/4,37,3,major,F#,minor-seventh,A0,5,2.0
4/4,37,3,major,F#,minor-seventh,A0,5,2.0
4/4,37,3,major,F#,minor-seventh,A0,5,2.0
4/4,37,3,major,F#,minor-seventh,A0,5,2.0
4/4,37,3,major,F#,minor-seventh,A0,5,2.0
4/4,38,3,major,E0,suspended-fourth,G#,5,2.0
4/4,38,3,major,E0,suspended-fourth,E0,5,2.0
4/4,38,3,major,E0,suspended-fourth,C#,5,2.0
4/4,38,3,major,E0,suspended-fourth,E0,5,2.0
4/4,38,3,major,E0,suspended-fourth,E0,5,2.0
4/4,38,3,major,E0,suspended-fourth,F#,5,4.0
4/4,38,3,major,E0,suspended-fourth,rest,0,2.0
4/4,39,3,major,D0,major,A0,5,6.0
4/4,39,3,major,D0,major,B0,5,1.0
4/4,39,3,major,D0,major,F#,5,1.0
4/4,39,3,major,D0,major,F#,5,4.0
4/4,39,3,major,D0,major,rest,0,2.0
4/4,39,3,major,D0,major,F#,5,2.0
4/4,40,3,major,B0,minor-seventh,A0,5,6.0
4/4,40,3,major,B0,minor-seventh,B0,5,1.0
4/4,40,3,major,B0,minor-seventh,F#,5,1.0
4/4,40,3,major,B0,minor-seventh,F#,5,4.0
4/4,40,3,major,B0,minor-seventh,rest,0,4.0
4/4,41,3,major,G0,major,A0,5,6.0
4/4,41,3,major,G0,major,B0,5,1.0
4/4,41,3,major,G0,major,F#,5,1.0
4/4,41,3,major,G0,major,F#,5,4.0
4/4,41,3,major,G0,major,rest,0,2.0
4/4,41,3,major,G0,major,F#,5,2.0
4/4,42,3,major,D0,major,A0,5,6.0
4/4,42,3,major,D0,major,B0,5,1.0
4/4,42,3,major,D0,major,F#,5,1.0
4/4,42,3,major,D0,major,F#,5,8.0
4/4,43,3,major,E0,major,E0,5,8.0
4/4,43,3,major,E0,major,rest,0,8.0
4/4,44,3,major,E0,major,rest,0,8.0
4/4,44,3,major,E0,major,E0,5,4.0
4/4,44,3,major,E0,major,F#,5,4.0
4/4,45,3,major,G0,major,A0,5,6.0
4/4,45,3,major,G0,major,B0,5,1.0
4/4,45,3,major,G0,major,F#,5,1.0
4/4,45,3,major,G0,major,F#,5,4.0
4/4,45,3,major,G0,major,rest,0,2.0
4/4,45,3,major,G0,major,F#,5,2.0
4/4,46,3,major,D0,major,A0,5,6.0
4/4,46,3,major,D0,major,B0,5,1.0
4/4,46,3,major,D0,major,F#,5,1.0
4/4,46,3,major,D0,major,F#,5,8.0
4/4,47,3,major,E0,major,G#,5,8.0
4/4,47,3,major,E0,major,E0,4,4.0
4/4,47,3,major,E0,major,E0,4,4.0
4/4,48,3,major,E0,major,G#,4,4.0
4/4,48,3,major,E0,major,G#,4,4.0
4/4,48,3,major,E0,major,G#,4,4.0
4/4,48,3,major,E0,major,G#,4,4.0
4/4,49,3,major,E0,major,G#,4,4.0
4/4,49,3,major,E0,major,G#,4,4.0
4/4,49,3,major,E0,major,G#,4,4.0
4/4,49,3,major,E0,major,G#,4,4.0
4/4,50,3,major,E0,major,G#,4,4.0
4/4,50,3,major,E0,major,G#,4,4.0
4/4,50,3,major,E0,major,G#,4,4.0
4/4,50,3,major,E0,major,G#,4,4.0
4/4,51,3,major,E0,major,B0,4,16.0
