time,measure,key_fifths,key_mode,chord_root,chord_type,note_root,note_octave,note_duration
3/4,1,-3,major,[],[],rest,0,8.0
3/4,1,-3,major,[],[],G0,4,4.0
3/4,2,-3,major,Eb,major,Eb,4,6.0
3/4,2,-3,major,Eb,major,Bb,3,2.0
3/4,2,-3,major,Eb,major,Eb,4,2.0
3/4,2,-3,major,Eb,major,G0,4,2.0
3/4,3,-3,major,Eb,major,C0,5,8.0
3/4,3,-3,major,Eb,major,G0,4,4.0
3/4,4,-3,major,F0,minor-seventh,Bb,4,8.0
3/4,4,-3,major,F0,minor-seventh,C0,4,4.0
3/4,5,-3,major,Bb,dominant,G0,4,8.0
3/4,5,-3,major,Bb,dominant,G0,4,4.0
3/4,6,-3,major,Eb,major,Eb,4,6.0
3/4,6,-3,major,Eb,major,Bb,3,2.0
3/4,6,-3,major,Eb,major,Eb,4,2.0
3/4,6,-3,major,Eb,major,G0,4,2.0
3/4,7,-3,major,Eb,major,C0,5,8.0
3/4,7,-3,major,Eb,major,G0,4,4.0
3/4,8,-3,major,F0,minor-seventh,Bb,4,8.0
3/4,8,-3,major,F0,minor-seventh,C0,4,4.0
3/4,9,-3,major,Bb,dominant,G0,4,8.0
3/4,9,-3,major,Bb,dominant,G0,4,4.0
3/4,10,-3,major,Eb,major,Eb,4,6.0
3/4,10,-3,major,Eb,major,Eb,4,2.0
3/4,10,-3,major,Eb,major,D0,4,2.0
3/4,10,-3,major,Eb,major,Eb,4,2.0
3/4,11,-3,major,Eb,dominant,Eb,5,6.0
3/4,11,-3,major,Eb,dominant,Eb,4,2.0
3/4,11,-3,major,Eb,dominant,D0,4,2.0
3/4,11,-3,major,Eb,dominant,Eb,4,2.0
3/4,12,-3,major,Ab,major,Eb,5,8.0
3/4,12,-3,major,Ab,major,Eb,4,4.0
3/4,13,-3,major,Ab,minor,Cb,5,12.0
3/4,14,-3,major,Eb,major,G0,4,8.0
3/4,14,-3,major,Eb,major,G0,4,4.0
3/4,15,-3,major,C0,minor-seventh,C0,5,8.0
3/4,15,-3,major,C0,minor-seventh,C0,5,4.0
3/4,16,-3,major,Ab,minor,F0,4,8.0
3/4,16,-3,major,Ab,minor,F0,4,4.0
3/4,17,-3,major,Bb,dominant,Bb,4,8.0
3/4,17,-3,major,Bb,dominant,G0,4,4.0
3/4,18,-3,major,F0,dominant,C0,5,12.0
3/4,19,-3,major,Bb,dominant,D0,4,8.0
3/4,19,-3,major,Bb,dominant,Eb,4,4.0
3/4,20,-3,major,Eb,major,Eb,4,12.0
3/4,21,-3,major,Eb,major,Eb,4,8.0
3/4,21,-3,major,Eb,major,rest,0,4.0
